RevisionColumn,NUTS,GenderID,SILC_Age,Units,periods,ValueColumn
"r_3","BG","0","0","perc_pop_fig","2008","27.1"
"r_3","BG","0","0","perc_pop_fig","2009","26.4"
"r_3","BG","0","0","perc_pop_fig","2010","27.1"
"r_3","BG","0","0","perc_pop_fig","2011","27.4"
"r_3","BG","0","0","perc_pop_fig","2012","25.9"
"r_3","BG","0","0","perc_pop_fig","2013","26.7"
"r_3","BG","0","0","perc_pop_fig","2014","27.3"
"r_3","BG","1","0","perc_pop_fig","2008","25.5"
"r_3","BG","1","0","perc_pop_fig","2009","24.5"
"r_3","BG","1","0","perc_pop_fig","2010","25.4"
"r_3","BG","1","0","perc_pop_fig","2011","25.8"
"r_3","BG","1","0","perc_pop_fig","2012","24.2"
"r_3","BG","1","0","perc_pop_fig","2013","25.3"
"r_3","BG","1","0","perc_pop_fig","2014","26.6"
"r_3","BG","2","0","perc_pop_fig","2008","28.5"
"r_3","BG","2","0","perc_pop_fig","2009","28.2"
"r_3","BG","2","0","perc_pop_fig","2010","28.8"
"r_3","BG","2","0","perc_pop_fig","2011","28.9"
"r_3","BG","2","0","perc_pop_fig","2012","27.5"
"r_3","BG","2","0","perc_pop_fig","2013","28.1"
"r_3","BG","2","0","perc_pop_fig","2014","27.9"
"r_3","BG","0","1","perc_pop_fig","2008","31.1"
"r_3","BG","0","1","perc_pop_fig","2009","30.1"
"r_3","BG","0","1","perc_pop_fig","2010","34.1"
"r_3","BG","0","1","perc_pop_fig","2011","35.2"
"r_3","BG","0","1","perc_pop_fig","2012","35.9"
"r_3","BG","0","1","perc_pop_fig","2013","38.1"
"r_3","BG","0","1","perc_pop_fig","2014","38.9"
"r_3","BG","0","2","perc_pop_fig","2008","22.4"
"r_3","BG","0","2","perc_pop_fig","2009","20.8"
"r_3","BG","0","2","perc_pop_fig","2010","22.5"
"r_3","BG","0","2","perc_pop_fig","2011","23.3"
"r_3","BG","0","2","perc_pop_fig","2012","22.1"
"r_3","BG","0","2","perc_pop_fig","2013","22.7"
"r_3","BG","0","2","perc_pop_fig","2014","24.3"
"r_3","BG","1","2","perc_pop_fig","2008","21.7"
"r_3","BG","1","2","perc_pop_fig","2009","19.9"
"r_3","BG","1","2","perc_pop_fig","2010","22.2"
"r_3","BG","1","2","perc_pop_fig","2011","23.3"
"r_3","BG","1","2","perc_pop_fig","2012","22.1"
"r_3","BG","1","2","perc_pop_fig","2013","22.7"
"r_3","BG","1","2","perc_pop_fig","2014","24.8"
"r_3","BG","2","2","perc_pop_fig","2008","23.1"
"r_3","BG","2","2","perc_pop_fig","2009","21.7"
"r_3","BG","2","2","perc_pop_fig","2010","22.8"
"r_3","BG","2","2","perc_pop_fig","2011","23.2"
"r_3","BG","2","2","perc_pop_fig","2012","22.2"
"r_3","BG","2","2","perc_pop_fig","2013","22.8"
"r_3","BG","2","2","perc_pop_fig","2014","23.7"
"r_3","BG","0","3","perc_pop_fig","2008","41"
"r_3","BG","0","3","perc_pop_fig","2009","44"
"r_3","BG","0","3","perc_pop_fig","2010","37.7"
"r_3","BG","0","3","perc_pop_fig","2011","35.1"
"r_3","BG","0","3","perc_pop_fig","2012","30.2"
"r_3","BG","0","3","perc_pop_fig","2013","30.4"
"r_3","BG","0","3","perc_pop_fig","2014","27.4"
"r_3","BG","1","3","perc_pop_fig","2008","34.5"
"r_3","BG","1","3","perc_pop_fig","2009","36.8"
"r_3","BG","1","3","perc_pop_fig","2010","30"
"r_3","BG","1","3","perc_pop_fig","2011","26.3"
"r_3","BG","1","3","perc_pop_fig","2012","21"
"r_3","BG","1","3","perc_pop_fig","2013","23.2"
"r_3","BG","1","3","perc_pop_fig","2014","22.6"
"r_3","BG","2","3","perc_pop_fig","2008","45.5"
"r_3","BG","2","3","perc_pop_fig","2009","49"
"r_3","BG","2","3","perc_pop_fig","2010","42.9"
"r_3","BG","2","3","perc_pop_fig","2011","41"
"r_3","BG","2","3","perc_pop_fig","2012","36.6"
"r_3","BG","2","3","perc_pop_fig","2013","35.4"
"r_3","BG","2","3","perc_pop_fig","2014","30.7"
"r_3","BG31","0","0","perc_pop_fig","2008","30.9"
"r_3","BG31","0","0","perc_pop_fig","2009","30.3"
"r_3","BG31","0","0","perc_pop_fig","2010","30.5"
"r_3","BG31","0","0","perc_pop_fig","2011","27.2"
"r_3","BG31","0","0","perc_pop_fig","2012","25.5"
"r_3","BG31","0","0","perc_pop_fig","2013","28"
"r_3","BG31","0","0","perc_pop_fig","2014","27.3"
"r_3","BG31","1","0","perc_pop_fig","2008","31.2"
"r_3","BG31","1","0","perc_pop_fig","2009","29.5"
"r_3","BG31","1","0","perc_pop_fig","2010","29.7"
"r_3","BG31","1","0","perc_pop_fig","2011","25.9"
"r_3","BG31","1","0","perc_pop_fig","2012","23.1"
"r_3","BG31","1","0","perc_pop_fig","2013","25.8"
"r_3","BG31","1","0","perc_pop_fig","2014","27"
"r_3","BG31","2","0","perc_pop_fig","2008","30.6"
"r_3","BG31","2","0","perc_pop_fig","2009","31"
"r_3","BG31","2","0","perc_pop_fig","2010","31.2"
"r_3","BG31","2","0","perc_pop_fig","2011","28.5"
"r_3","BG31","2","0","perc_pop_fig","2012","27.7"
"r_3","BG31","2","0","perc_pop_fig","2013","30.1"
"r_3","BG31","2","0","perc_pop_fig","2014","27.6"
"r_3","BG311","0","0","perc_pop_fig","2008","34.6"
"r_3","BG311","0","0","perc_pop_fig","2009","34.6"
"r_3","BG311","0","0","perc_pop_fig","2010","31.1"
"r_3","BG311","0","0","perc_pop_fig","2011","40.2"
"r_3","BG311","0","0","perc_pop_fig","2012","34.5"
"r_3","BG311","0","0","perc_pop_fig","2013","32.1"
"r_3","BG311","0","0","perc_pop_fig","2014","33.8"
"r_3","BG311","1","0","perc_pop_fig","2008","36.4"
"r_3","BG311","1","0","perc_pop_fig","2009","33.8"
"r_3","BG311","1","0","perc_pop_fig","2010","26.4"
"r_3","BG311","1","0","perc_pop_fig","2011","40.2"
"r_3","BG311","1","0","perc_pop_fig","2012","31.1"
"r_3","BG311","1","0","perc_pop_fig","2013","29.8"
"r_3","BG311","1","0","perc_pop_fig","2014","35.1"
"r_3","BG311","2","0","perc_pop_fig","2008","33.1"
"r_3","BG311","2","0","perc_pop_fig","2009","35.3"
"r_3","BG311","2","0","perc_pop_fig","2010","35.3"
"r_3","BG311","2","0","perc_pop_fig","2011","40.3"
"r_3","BG311","2","0","perc_pop_fig","2012","37.4"
"r_3","BG311","2","0","perc_pop_fig","2013","34.2"
"r_3","BG311","2","0","perc_pop_fig","2014","32.8"
"r_3","BG313","0","0","perc_pop_fig","2008","32.1"
"r_3","BG313","0","0","perc_pop_fig","2009","32.9"
"r_3","BG313","0","0","perc_pop_fig","2010","30.1"
"r_3","BG313","0","0","perc_pop_fig","2011","19.2"
"r_3","BG313","0","0","perc_pop_fig","2012","28.3"
"r_3","BG313","0","0","perc_pop_fig","2013","27.3"
"r_3","BG313","0","0","perc_pop_fig","2014","26.6"
"r_3","BG313","1","0","perc_pop_fig","2008","29.7"
"r_3","BG313","1","0","perc_pop_fig","2009","28.1"
"r_3","BG313","1","0","perc_pop_fig","2010","25.6"
"r_3","BG313","1","0","perc_pop_fig","2011","16.3"
"r_3","BG313","1","0","perc_pop_fig","2012","23.8"
"r_3","BG313","1","0","perc_pop_fig","2013","26.5"
"r_3","BG313","1","0","perc_pop_fig","2014","26"
"r_3","BG313","2","0","perc_pop_fig","2008","34.2"
"r_3","BG313","2","0","perc_pop_fig","2009","37"
"r_3","BG313","2","0","perc_pop_fig","2010","34.1"
"r_3","BG313","2","0","perc_pop_fig","2011","21.7"
"r_3","BG313","2","0","perc_pop_fig","2012","32.4"
"r_3","BG313","2","0","perc_pop_fig","2013","28"
"r_3","BG313","2","0","perc_pop_fig","2014","27.2"
"r_3","BG315","0","0","perc_pop_fig","2008","28.8"
"r_3","BG315","0","0","perc_pop_fig","2009","32.8"
"r_3","BG315","0","0","perc_pop_fig","2010","33.3"
"r_3","BG315","0","0","perc_pop_fig","2011","20.9"
"r_3","BG315","0","0","perc_pop_fig","2012","21.3"
"r_3","BG315","0","0","perc_pop_fig","2013","22.7"
"r_3","BG315","0","0","perc_pop_fig","2014","25"
"r_3","BG315","1","0","perc_pop_fig","2008","25.2"
"r_3","BG315","1","0","perc_pop_fig","2009","32.4"
"r_3","BG315","1","0","perc_pop_fig","2010","36.1"
"r_3","BG315","1","0","perc_pop_fig","2011","18.5"
"r_3","BG315","1","0","perc_pop_fig","2012","19.7"
"r_3","BG315","1","0","perc_pop_fig","2013","20.9"
"r_3","BG315","1","0","perc_pop_fig","2014","24"
"r_3","BG315","2","0","perc_pop_fig","2008","32.3"
"r_3","BG315","2","0","perc_pop_fig","2009","33.1"
"r_3","BG315","2","0","perc_pop_fig","2010","30.8"
"r_3","BG315","2","0","perc_pop_fig","2011","23.1"
"r_3","BG315","2","0","perc_pop_fig","2012","22.8"
"r_3","BG315","2","0","perc_pop_fig","2013","24.4"
"r_3","BG315","2","0","perc_pop_fig","2014","25.9"
"r_3","BG312","0","0","perc_pop_fig","2008","31.7"
"r_3","BG312","0","0","perc_pop_fig","2009","32.5"
"r_3","BG312","0","0","perc_pop_fig","2010","28.6"
"r_3","BG312","0","0","perc_pop_fig","2011","30.7"
"r_3","BG312","0","0","perc_pop_fig","2012","31"
"r_3","BG312","0","0","perc_pop_fig","2013","29.7"
"r_3","BG312","0","0","perc_pop_fig","2014","25.3"
"r_3","BG312","1","0","perc_pop_fig","2008","32.2"
"r_3","BG312","1","0","perc_pop_fig","2009","34.9"
"r_3","BG312","1","0","perc_pop_fig","2010","28.2"
"r_3","BG312","1","0","perc_pop_fig","2011","32.6"
"r_3","BG312","1","0","perc_pop_fig","2012","29"
"r_3","BG312","1","0","perc_pop_fig","2013","29.4"
"r_3","BG312","1","0","perc_pop_fig","2014","26.7"
"r_3","BG312","2","0","perc_pop_fig","2008","31.1"
"r_3","BG312","2","0","perc_pop_fig","2009","30"
"r_3","BG312","2","0","perc_pop_fig","2010","29"
"r_3","BG312","2","0","perc_pop_fig","2011","28.9"
"r_3","BG312","2","0","perc_pop_fig","2012","32.9"
"r_3","BG312","2","0","perc_pop_fig","2013","29.8"
"r_3","BG312","2","0","perc_pop_fig","2014","23.9"
"r_3","BG314","0","0","perc_pop_fig","2008","29.9"
"r_3","BG314","0","0","perc_pop_fig","2009","26.3"
"r_3","BG314","0","0","perc_pop_fig","2010","30.1"
"r_3","BG314","0","0","perc_pop_fig","2011","27.7"
"r_3","BG314","0","0","perc_pop_fig","2012","22.6"
"r_3","BG314","0","0","perc_pop_fig","2013","23.7"
"r_3","BG314","0","0","perc_pop_fig","2014","22.6"
"r_3","BG314","1","0","perc_pop_fig","2008","33"
"r_3","BG314","1","0","perc_pop_fig","2009","25.5"
"r_3","BG314","1","0","perc_pop_fig","2010","30.8"
"r_3","BG314","1","0","perc_pop_fig","2011","26.8"
"r_3","BG314","1","0","perc_pop_fig","2012","20.1"
"r_3","BG314","1","0","perc_pop_fig","2013","21.8"
"r_3","BG314","1","0","perc_pop_fig","2014","19.8"
"r_3","BG314","2","0","perc_pop_fig","2008","27"
"r_3","BG314","2","0","perc_pop_fig","2009","27"
"r_3","BG314","2","0","perc_pop_fig","2010","29.5"
"r_3","BG314","2","0","perc_pop_fig","2011","28.4"
"r_3","BG314","2","0","perc_pop_fig","2012","25.1"
"r_3","BG314","2","0","perc_pop_fig","2013","25.5"
"r_3","BG314","2","0","perc_pop_fig","2014","25.3"
"r_3","BG32","0","0","perc_pop_fig","2008","30"
"r_3","BG32","0","0","perc_pop_fig","2009","28.3"
"r_3","BG32","0","0","perc_pop_fig","2010","30"
"r_3","BG32","0","0","perc_pop_fig","2011","29.2"
"r_3","BG32","0","0","perc_pop_fig","2012","23.6"
"r_3","BG32","0","0","perc_pop_fig","2013","22.7"
"r_3","BG32","0","0","perc_pop_fig","2014","22.5"
"r_3","BG32","1","0","perc_pop_fig","2008","29.6"
"r_3","BG32","1","0","perc_pop_fig","2009","24.4"
"r_3","BG32","1","0","perc_pop_fig","2010","26.8"
"r_3","BG32","1","0","perc_pop_fig","2011","28.7"
"r_3","BG32","1","0","perc_pop_fig","2012","22.6"
"r_3","BG32","1","0","perc_pop_fig","2013","20.8"
"r_3","BG32","1","0","perc_pop_fig","2014","22.5"
"r_3","BG32","2","0","perc_pop_fig","2008","30.4"
"r_3","BG32","2","0","perc_pop_fig","2009","31.9"
"r_3","BG32","2","0","perc_pop_fig","2010","33.1"
"r_3","BG32","2","0","perc_pop_fig","2011","29.7"
"r_3","BG32","2","0","perc_pop_fig","2012","24.6"
"r_3","BG32","2","0","perc_pop_fig","2013","24.6"
"r_3","BG32","2","0","perc_pop_fig","2014","22.6"
"r_3","BG321","0","0","perc_pop_fig","2008","32.5"
"r_3","BG321","0","0","perc_pop_fig","2009","29.5"
"r_3","BG321","0","0","perc_pop_fig","2010","32.1"
"r_3","BG321","0","0","perc_pop_fig","2011","29.2"
"r_3","BG321","0","0","perc_pop_fig","2012","22"
"r_3","BG321","0","0","perc_pop_fig","2013","25.3"
"r_3","BG321","0","0","perc_pop_fig","2014","27.9"
"r_3","BG321","1","0","perc_pop_fig","2008","31.4"
"r_3","BG321","1","0","perc_pop_fig","2009","26.4"
"r_3","BG321","1","0","perc_pop_fig","2010","28.5"
"r_3","BG321","1","0","perc_pop_fig","2011","29.1"
"r_3","BG321","1","0","perc_pop_fig","2012","20.5"
"r_3","BG321","1","0","perc_pop_fig","2013","24.5"
"r_3","BG321","1","0","perc_pop_fig","2014","29.3"
"r_3","BG321","2","0","perc_pop_fig","2008","33.5"
"r_3","BG321","2","0","perc_pop_fig","2009","32.4"
"r_3","BG321","2","0","perc_pop_fig","2010","35.1"
"r_3","BG321","2","0","perc_pop_fig","2011","29.2"
"r_3","BG321","2","0","perc_pop_fig","2012","23.3"
"r_3","BG321","2","0","perc_pop_fig","2013","26.2"
"r_3","BG321","2","0","perc_pop_fig","2014","26.6"
"r_3","BG322","0","0","perc_pop_fig","2008","16"
"r_3","BG322","0","0","perc_pop_fig","2009","21.6"
"r_3","BG322","0","0","perc_pop_fig","2010","18.6"
"r_3","BG322","0","0","perc_pop_fig","2011","20"
"r_3","BG322","0","0","perc_pop_fig","2012","19.1"
"r_3","BG322","0","0","perc_pop_fig","2013","18.2"
"r_3","BG322","0","0","perc_pop_fig","2014","14.4"
"r_3","BG322","1","0","perc_pop_fig","2008","9.4"
"r_3","BG322","1","0","perc_pop_fig","2009","16.1"
"r_3","BG322","1","0","perc_pop_fig","2010","14.9"
"r_3","BG322","1","0","perc_pop_fig","2011","16.8"
"r_3","BG322","1","0","perc_pop_fig","2012","17.2"
"r_3","BG322","1","0","perc_pop_fig","2013","18.4"
"r_3","BG322","1","0","perc_pop_fig","2014","12.7"
"r_3","BG322","2","0","perc_pop_fig","2008","22.1"
"r_3","BG322","2","0","perc_pop_fig","2009","26.6"
"r_3","BG322","2","0","perc_pop_fig","2010","22.4"
"r_3","BG322","2","0","perc_pop_fig","2011","23.1"
"r_3","BG322","2","0","perc_pop_fig","2012","20.9"
"r_3","BG322","2","0","perc_pop_fig","2013","18.1"
"r_3","BG322","2","0","perc_pop_fig","2014","15.7"
"r_3","BG324","0","0","perc_pop_fig","2008","25.1"
"r_3","BG324","0","0","perc_pop_fig","2009","24.4"
"r_3","BG324","0","0","perc_pop_fig","2010","34.7"
"r_3","BG324","0","0","perc_pop_fig","2011","43.5"
"r_3","BG324","0","0","perc_pop_fig","2012","33.1"
"r_3","BG324","0","0","perc_pop_fig","2013","27.3"
"r_3","BG324","0","0","perc_pop_fig","2014","24.6"
"r_3","BG324","1","0","perc_pop_fig","2008","28.1"
"r_3","BG324","1","0","perc_pop_fig","2009","20.9"
"r_3","BG324","1","0","perc_pop_fig","2010","34.1"
"r_3","BG324","1","0","perc_pop_fig","2011","45.8"
"r_3","BG324","1","0","perc_pop_fig","2012","36.4"
"r_3","BG324","1","0","perc_pop_fig","2013","28.6"
"r_3","BG324","1","0","perc_pop_fig","2014","27.4"
"r_3","BG324","2","0","perc_pop_fig","2008","22"
"r_3","BG324","2","0","perc_pop_fig","2009","28.1"
"r_3","BG324","2","0","perc_pop_fig","2010","35.3"
"r_3","BG324","2","0","perc_pop_fig","2011","41"
"r_3","BG324","2","0","perc_pop_fig","2012","30.1"
"r_3","BG324","2","0","perc_pop_fig","2013","26.1"
"r_3","BG324","2","0","perc_pop_fig","2014","22.1"
"r_3","BG323","0","0","perc_pop_fig","2008","23"
"r_3","BG323","0","0","perc_pop_fig","2009","26.9"
"r_3","BG323","0","0","perc_pop_fig","2010","22"
"r_3","BG323","0","0","perc_pop_fig","2011","22.5"
"r_3","BG323","0","0","perc_pop_fig","2012","19.8"
"r_3","BG323","0","0","perc_pop_fig","2013","22.5"
"r_3","BG323","0","0","perc_pop_fig","2014","24"
"r_3","BG323","1","0","perc_pop_fig","2008","22.6"
"r_3","BG323","1","0","perc_pop_fig","2009","23.7"
"r_3","BG323","1","0","perc_pop_fig","2010","19.2"
"r_3","BG323","1","0","perc_pop_fig","2011","20.7"
"r_3","BG323","1","0","perc_pop_fig","2012","17.9"
"r_3","BG323","1","0","perc_pop_fig","2013","19.6"
"r_3","BG323","1","0","perc_pop_fig","2014","22"
"r_3","BG323","2","0","perc_pop_fig","2008","23.4"
"r_3","BG323","2","0","perc_pop_fig","2009","29.9"
"r_3","BG323","2","0","perc_pop_fig","2010","24.7"
"r_3","BG323","2","0","perc_pop_fig","2011","24.1"
"r_3","BG323","2","0","perc_pop_fig","2012","21.6"
"r_3","BG323","2","0","perc_pop_fig","2013","25.4"
"r_3","BG323","2","0","perc_pop_fig","2014","26"
"r_3","BG325","0","0","perc_pop_fig","2008","29"
"r_3","BG325","0","0","perc_pop_fig","2009","25.8"
"r_3","BG325","0","0","perc_pop_fig","2010","33.9"
"r_3","BG325","0","0","perc_pop_fig","2011","38.9"
"r_3","BG325","0","0","perc_pop_fig","2012","23.4"
"r_3","BG325","0","0","perc_pop_fig","2013","26"
"r_3","BG325","0","0","perc_pop_fig","2014","23.5"
"r_3","BG325","1","0","perc_pop_fig","2008","28.7"
"r_3","BG325","1","0","perc_pop_fig","2009","22.1"
"r_3","BG325","1","0","perc_pop_fig","2010","31.8"
"r_3","BG325","1","0","perc_pop_fig","2011","39.2"
"r_3","BG325","1","0","perc_pop_fig","2012","24.2"
"r_3","BG325","1","0","perc_pop_fig","2013","26.1"
"r_3","BG325","1","0","perc_pop_fig","2014","22.2"
"r_3","BG325","2","0","perc_pop_fig","2008","29.3"
"r_3","BG325","2","0","perc_pop_fig","2009","29.2"
"r_3","BG325","2","0","perc_pop_fig","2010","35.8"
"r_3","BG325","2","0","perc_pop_fig","2011","38.6"
"r_3","BG325","2","0","perc_pop_fig","2012","22.4"
"r_3","BG325","2","0","perc_pop_fig","2013","25.8"
"r_3","BG325","2","0","perc_pop_fig","2014","24.9"
"r_3","BG33","0","0","perc_pop_fig","2008","20"
"r_3","BG33","0","0","perc_pop_fig","2009","27.8"
"r_3","BG33","0","0","perc_pop_fig","2010","25.6"
"r_3","BG33","0","0","perc_pop_fig","2011","26.5"
"r_3","BG33","0","0","perc_pop_fig","2012","27.1"
"r_3","BG33","0","0","perc_pop_fig","2013","28.4"
"r_3","BG33","0","0","perc_pop_fig","2014","28.1"
"r_3","BG33","1","0","perc_pop_fig","2008","19.7"
"r_3","BG33","1","0","perc_pop_fig","2009","26.3"
"r_3","BG33","1","0","perc_pop_fig","2010","25.1"
"r_3","BG33","1","0","perc_pop_fig","2011","24.2"
"r_3","BG33","1","0","perc_pop_fig","2012","25.9"
"r_3","BG33","1","0","perc_pop_fig","2013","28.4"
"r_3","BG33","1","0","perc_pop_fig","2014","28.2"
"r_3","BG33","2","0","perc_pop_fig","2008","20.3"
"r_3","BG33","2","0","perc_pop_fig","2009","29.3"
"r_3","BG33","2","0","perc_pop_fig","2010","26.1"
"r_3","BG33","2","0","perc_pop_fig","2011","28.7"
"r_3","BG33","2","0","perc_pop_fig","2012","28.2"
"r_3","BG33","2","0","perc_pop_fig","2013","28.3"
"r_3","BG33","2","0","perc_pop_fig","2014","27.9"
"r_3","BG331","0","0","perc_pop_fig","2008","19.4"
"r_3","BG331","0","0","perc_pop_fig","2009","26.5"
"r_3","BG331","0","0","perc_pop_fig","2010","24.9"
"r_3","BG331","0","0","perc_pop_fig","2011","27.7"
"r_3","BG331","0","0","perc_pop_fig","2012","25.4"
"r_3","BG331","0","0","perc_pop_fig","2013","27.1"
"r_3","BG331","0","0","perc_pop_fig","2014","29.2"
"r_3","BG331","1","0","perc_pop_fig","2008","17.4"
"r_3","BG331","1","0","perc_pop_fig","2009","23.1"
"r_3","BG331","1","0","perc_pop_fig","2010","23.4"
"r_3","BG331","1","0","perc_pop_fig","2011","23.8"
"r_3","BG331","1","0","perc_pop_fig","2012","22.6"
"r_3","BG331","1","0","perc_pop_fig","2013","27.1"
"r_3","BG331","1","0","perc_pop_fig","2014","27.9"
"r_3","BG331","2","0","perc_pop_fig","2008","21.1"
"r_3","BG331","2","0","perc_pop_fig","2009","29.6"
"r_3","BG331","2","0","perc_pop_fig","2010","26.4"
"r_3","BG331","2","0","perc_pop_fig","2011","31.4"
"r_3","BG331","2","0","perc_pop_fig","2012","28"
"r_3","BG331","2","0","perc_pop_fig","2013","27.1"
"r_3","BG331","2","0","perc_pop_fig","2014","30.5"
"r_3","BG332","0","0","perc_pop_fig","2008","21.1"
"r_3","BG332","0","0","perc_pop_fig","2009","22.7"
"r_3","BG332","0","0","perc_pop_fig","2010","27.5"
"r_3","BG332","0","0","perc_pop_fig","2011","26.1"
"r_3","BG332","0","0","perc_pop_fig","2012","24.6"
"r_3","BG332","0","0","perc_pop_fig","2013","26.3"
"r_3","BG332","0","0","perc_pop_fig","2014","21.1"
"r_3","BG332","1","0","perc_pop_fig","2008","21"
"r_3","BG332","1","0","perc_pop_fig","2009","21"
"r_3","BG332","1","0","perc_pop_fig","2010","29.9"
"r_3","BG332","1","0","perc_pop_fig","2011","27.1"
"r_3","BG332","1","0","perc_pop_fig","2012","24.4"
"r_3","BG332","1","0","perc_pop_fig","2013","26.1"
"r_3","BG332","1","0","perc_pop_fig","2014","24.7"
"r_3","BG332","2","0","perc_pop_fig","2008","21.1"
"r_3","BG332","2","0","perc_pop_fig","2009","24.4"
"r_3","BG332","2","0","perc_pop_fig","2010","25.4"
"r_3","BG332","2","0","perc_pop_fig","2011","25.3"
"r_3","BG332","2","0","perc_pop_fig","2012","24.8"
"r_3","BG332","2","0","perc_pop_fig","2013","26.4"
"r_3","BG332","2","0","perc_pop_fig","2014","18.2"
"r_3","BG334","0","0","perc_pop_fig","2008","14.8"
"r_3","BG334","0","0","perc_pop_fig","2009","27.5"
"r_3","BG334","0","0","perc_pop_fig","2010","25.7"
"r_3","BG334","0","0","perc_pop_fig","2011","31.3"
"r_3","BG334","0","0","perc_pop_fig","2012","25.3"
"r_3","BG334","0","0","perc_pop_fig","2013","34.5"
"r_3","BG334","0","0","perc_pop_fig","2014","24.8"
"r_3","BG334","1","0","perc_pop_fig","2008","13.1"
"r_3","BG334","1","0","perc_pop_fig","2009","23.9"
"r_3","BG334","1","0","perc_pop_fig","2010","22.2"
"r_3","BG334","1","0","perc_pop_fig","2011","31.8"
"r_3","BG334","1","0","perc_pop_fig","2012","26.7"
"r_3","BG334","1","0","perc_pop_fig","2013","38.2"
"r_3","BG334","1","0","perc_pop_fig","2014","23.2"
"r_3","BG334","2","0","perc_pop_fig","2008","16.3"
"r_3","BG334","2","0","perc_pop_fig","2009","30.9"
"r_3","BG334","2","0","perc_pop_fig","2010","28.6"
"r_3","BG334","2","0","perc_pop_fig","2011","30.9"
"r_3","BG334","2","0","perc_pop_fig","2012","24"
"r_3","BG334","2","0","perc_pop_fig","2013","30.8"
"r_3","BG334","2","0","perc_pop_fig","2014","26.4"
"r_3","BG333","0","0","perc_pop_fig","2008","27.6"
"r_3","BG333","0","0","perc_pop_fig","2009","33.3"
"r_3","BG333","0","0","perc_pop_fig","2010","29.6"
"r_3","BG333","0","0","perc_pop_fig","2011","25.3"
"r_3","BG333","0","0","perc_pop_fig","2012","35"
"r_3","BG333","0","0","perc_pop_fig","2013","32.2"
"r_3","BG333","0","0","perc_pop_fig","2014","32.8"
"r_3","BG333","1","0","perc_pop_fig","2008","31.7"
"r_3","BG333","1","0","perc_pop_fig","2009","34.8"
"r_3","BG333","1","0","perc_pop_fig","2010","29.5"
"r_3","BG333","1","0","perc_pop_fig","2011","23.4"
"r_3","BG333","1","0","perc_pop_fig","2012","35.5"
"r_3","BG333","1","0","perc_pop_fig","2013","32.3"
"r_3","BG333","1","0","perc_pop_fig","2014","33.2"
"r_3","BG333","2","0","perc_pop_fig","2008","23.9"
"r_3","BG333","2","0","perc_pop_fig","2009","31.8"
"r_3","BG333","2","0","perc_pop_fig","2010","29.7"
"r_3","BG333","2","0","perc_pop_fig","2011","27.1"
"r_3","BG333","2","0","perc_pop_fig","2012","34.5"
"r_3","BG333","2","0","perc_pop_fig","2013","32.1"
"r_3","BG333","2","0","perc_pop_fig","2014","32.3"
"r_3","BG34","0","0","perc_pop_fig","2008","27.3"
"r_3","BG34","0","0","perc_pop_fig","2009","25.5"
"r_3","BG34","0","0","perc_pop_fig","2010","28.3"
"r_3","BG34","0","0","perc_pop_fig","2011","28.7"
"r_3","BG34","0","0","perc_pop_fig","2012","26.7"
"r_3","BG34","0","0","perc_pop_fig","2013","26.7"
"r_3","BG34","0","0","perc_pop_fig","2014","26.3"
"r_3","BG34","1","0","perc_pop_fig","2008","25"
"r_3","BG34","1","0","perc_pop_fig","2009","23.1"
"r_3","BG34","1","0","perc_pop_fig","2010","26.2"
"r_3","BG34","1","0","perc_pop_fig","2011","26.5"
"r_3","BG34","1","0","perc_pop_fig","2012","24.3"
"r_3","BG34","1","0","perc_pop_fig","2013","24.2"
"r_3","BG34","1","0","perc_pop_fig","2014","24.7"
"r_3","BG34","2","0","perc_pop_fig","2008","29.4"
"r_3","BG34","2","0","perc_pop_fig","2009","27.7"
"r_3","BG34","2","0","perc_pop_fig","2010","30.3"
"r_3","BG34","2","0","perc_pop_fig","2011","30.7"
"r_3","BG34","2","0","perc_pop_fig","2012","29"
"r_3","BG34","2","0","perc_pop_fig","2013","29.2"
"r_3","BG34","2","0","perc_pop_fig","2014","27.8"
"r_3","BG341","0","0","perc_pop_fig","2008","27.8"
"r_3","BG341","0","0","perc_pop_fig","2009","26.1"
"r_3","BG341","0","0","perc_pop_fig","2010","22.9"
"r_3","BG341","0","0","perc_pop_fig","2011","22.7"
"r_3","BG341","0","0","perc_pop_fig","2012","22.4"
"r_3","BG341","0","0","perc_pop_fig","2013","23"
"r_3","BG341","0","0","perc_pop_fig","2014","25.4"
"r_3","BG341","1","0","perc_pop_fig","2008","25.4"
"r_3","BG341","1","0","perc_pop_fig","2009","22.3"
"r_3","BG341","1","0","perc_pop_fig","2010","19.2"
"r_3","BG341","1","0","perc_pop_fig","2011","19.6"
"r_3","BG341","1","0","perc_pop_fig","2012","20.2"
"r_3","BG341","1","0","perc_pop_fig","2013","20.7"
"r_3","BG341","1","0","perc_pop_fig","2014","25.1"
"r_3","BG341","2","0","perc_pop_fig","2008","30.2"
"r_3","BG341","2","0","perc_pop_fig","2009","29.7"
"r_3","BG341","2","0","perc_pop_fig","2010","26.5"
"r_3","BG341","2","0","perc_pop_fig","2011","25.5"
"r_3","BG341","2","0","perc_pop_fig","2012","24.5"
"r_3","BG341","2","0","perc_pop_fig","2013","25.2"
"r_3","BG341","2","0","perc_pop_fig","2014","25.7"
"r_3","BG342","0","0","perc_pop_fig","2008","34"
"r_3","BG342","0","0","perc_pop_fig","2009","28.5"
"r_3","BG342","0","0","perc_pop_fig","2010","31.2"
"r_3","BG342","0","0","perc_pop_fig","2011","26.7"
"r_3","BG342","0","0","perc_pop_fig","2012","37.7"
"r_3","BG342","0","0","perc_pop_fig","2013","36"
"r_3","BG342","0","0","perc_pop_fig","2014","32.5"
"r_3","BG342","1","0","perc_pop_fig","2008","33.8"
"r_3","BG342","1","0","perc_pop_fig","2009","29.8"
"r_3","BG342","1","0","perc_pop_fig","2010","33.3"
"r_3","BG342","1","0","perc_pop_fig","2011","25.5"
"r_3","BG342","1","0","perc_pop_fig","2012","34.8"
"r_3","BG342","1","0","perc_pop_fig","2013","34.4"
"r_3","BG342","1","0","perc_pop_fig","2014","29.4"
"r_3","BG342","2","0","perc_pop_fig","2008","34.1"
"r_3","BG342","2","0","perc_pop_fig","2009","27.3"
"r_3","BG342","2","0","perc_pop_fig","2010","29.2"
"r_3","BG342","2","0","perc_pop_fig","2011","27.8"
"r_3","BG342","2","0","perc_pop_fig","2012","40.5"
"r_3","BG342","2","0","perc_pop_fig","2013","37.7"
"r_3","BG342","2","0","perc_pop_fig","2014","35.4"
"r_3","BG344","0","0","perc_pop_fig","2008","22.5"
"r_3","BG344","0","0","perc_pop_fig","2009","22.4"
"r_3","BG344","0","0","perc_pop_fig","2010","26.5"
"r_3","BG344","0","0","perc_pop_fig","2011","29.2"
"r_3","BG344","0","0","perc_pop_fig","2012","26.6"
"r_3","BG344","0","0","perc_pop_fig","2013","30.7"
"r_3","BG344","0","0","perc_pop_fig","2014","27.3"
"r_3","BG344","1","0","perc_pop_fig","2008","19.8"
"r_3","BG344","1","0","perc_pop_fig","2009","18.9"
"r_3","BG344","1","0","perc_pop_fig","2010","23.9"
"r_3","BG344","1","0","perc_pop_fig","2011","25.7"
"r_3","BG344","1","0","perc_pop_fig","2012","22.5"
"r_3","BG344","1","0","perc_pop_fig","2013","26"
"r_3","BG344","1","0","perc_pop_fig","2014","23.6"
"r_3","BG344","2","0","perc_pop_fig","2008","24.9"
"r_3","BG344","2","0","perc_pop_fig","2009","25.9"
"r_3","BG344","2","0","perc_pop_fig","2010","29.1"
"r_3","BG344","2","0","perc_pop_fig","2011","32.8"
"r_3","BG344","2","0","perc_pop_fig","2012","30.8"
"r_3","BG344","2","0","perc_pop_fig","2013","35.1"
"r_3","BG344","2","0","perc_pop_fig","2014","30.7"
"r_3","BG343","0","0","perc_pop_fig","2008","26.2"
"r_3","BG343","0","0","perc_pop_fig","2009","29.4"
"r_3","BG343","0","0","perc_pop_fig","2010","28.1"
"r_3","BG343","0","0","perc_pop_fig","2011","34.8"
"r_3","BG343","0","0","perc_pop_fig","2012","20.3"
"r_3","BG343","0","0","perc_pop_fig","2013","19.2"
"r_3","BG343","0","0","perc_pop_fig","2014","30.5"
"r_3","BG343","1","0","perc_pop_fig","2008","18.2"
"r_3","BG343","1","0","perc_pop_fig","2009","26.3"
"r_3","BG343","1","0","perc_pop_fig","2010","26.2"
"r_3","BG343","1","0","perc_pop_fig","2011","32.6"
"r_3","BG343","1","0","perc_pop_fig","2012","20.2"
"r_3","BG343","1","0","perc_pop_fig","2013","18.4"
"r_3","BG343","1","0","perc_pop_fig","2014","29"
"r_3","BG343","2","0","perc_pop_fig","2008","33.1"
"r_3","BG343","2","0","perc_pop_fig","2009","32"
"r_3","BG343","2","0","perc_pop_fig","2010","29.9"
"r_3","BG343","2","0","perc_pop_fig","2011","36.9"
"r_3","BG343","2","0","perc_pop_fig","2012","20.4"
"r_3","BG343","2","0","perc_pop_fig","2013","20"
"r_3","BG343","2","0","perc_pop_fig","2014","32"
"r_3","BG41","0","0","perc_pop_fig","2008","23.6"
"r_3","BG41","0","0","perc_pop_fig","2009","20.7"
"r_3","BG41","0","0","perc_pop_fig","2010","22.4"
"r_3","BG41","0","0","perc_pop_fig","2011","22.9"
"r_3","BG41","0","0","perc_pop_fig","2012","21.9"
"r_3","BG41","0","0","perc_pop_fig","2013","22.8"
"r_3","BG41","0","0","perc_pop_fig","2014","23.4"
"r_3","BG41","1","0","perc_pop_fig","2008","21.5"
"r_3","BG41","1","0","perc_pop_fig","2009","18.5"
"r_3","BG41","1","0","perc_pop_fig","2010","20.2"
"r_3","BG41","1","0","perc_pop_fig","2011","21.2"
"r_3","BG41","1","0","perc_pop_fig","2012","20.3"
"r_3","BG41","1","0","perc_pop_fig","2013","23"
"r_3","BG41","1","0","perc_pop_fig","2014","23.1"
"r_3","BG41","2","0","perc_pop_fig","2008","25.6"
"r_3","BG41","2","0","perc_pop_fig","2009","22.9"
"r_3","BG41","2","0","perc_pop_fig","2010","24.5"
"r_3","BG41","2","0","perc_pop_fig","2011","24.4"
"r_3","BG41","2","0","perc_pop_fig","2012","23.5"
"r_3","BG41","2","0","perc_pop_fig","2013","22.6"
"r_3","BG41","2","0","perc_pop_fig","2014","23.7"
"r_3","BG413","0","0","perc_pop_fig","2008","18"
"r_3","BG413","0","0","perc_pop_fig","2009","16.3"
"r_3","BG413","0","0","perc_pop_fig","2010","16.3"
"r_3","BG413","0","0","perc_pop_fig","2011","18.3"
"r_3","BG413","0","0","perc_pop_fig","2012","16.9"
"r_3","BG413","0","0","perc_pop_fig","2013","19.3"
"r_3","BG413","0","0","perc_pop_fig","2014","22.4"
"r_3","BG413","1","0","perc_pop_fig","2008","16.9"
"r_3","BG413","1","0","perc_pop_fig","2009","15.2"
"r_3","BG413","1","0","perc_pop_fig","2010","14.6"
"r_3","BG413","1","0","perc_pop_fig","2011","16.3"
"r_3","BG413","1","0","perc_pop_fig","2012","17.2"
"r_3","BG413","1","0","perc_pop_fig","2013","18.2"
"r_3","BG413","1","0","perc_pop_fig","2014","22.4"
"r_3","BG413","2","0","perc_pop_fig","2008","19"
"r_3","BG413","2","0","perc_pop_fig","2009","17.4"
"r_3","BG413","2","0","perc_pop_fig","2010","18"
"r_3","BG413","2","0","perc_pop_fig","2011","20.2"
"r_3","BG413","2","0","perc_pop_fig","2012","16.7"
"r_3","BG413","2","0","perc_pop_fig","2013","20.4"
"r_3","BG413","2","0","perc_pop_fig","2014","22.3"
"r_3","BG415","0","0","perc_pop_fig","2008","24.8"
"r_3","BG415","0","0","perc_pop_fig","2009","24"
"r_3","BG415","0","0","perc_pop_fig","2010","21"
"r_3","BG415","0","0","perc_pop_fig","2011","20.2"
"r_3","BG415","0","0","perc_pop_fig","2012","22.9"
"r_3","BG415","0","0","perc_pop_fig","2013","23.1"
"r_3","BG415","0","0","perc_pop_fig","2014","16.7"
"r_3","BG415","1","0","perc_pop_fig","2008","24.3"
"r_3","BG415","1","0","perc_pop_fig","2009","21.7"
"r_3","BG415","1","0","perc_pop_fig","2010","16.8"
"r_3","BG415","1","0","perc_pop_fig","2011","17.6"
"r_3","BG415","1","0","perc_pop_fig","2012","19.7"
"r_3","BG415","1","0","perc_pop_fig","2013","20.7"
"r_3","BG415","1","0","perc_pop_fig","2014","13.7"
"r_3","BG415","2","0","perc_pop_fig","2008","25.4"
"r_3","BG415","2","0","perc_pop_fig","2009","26.2"
"r_3","BG415","2","0","perc_pop_fig","2010","24.9"
"r_3","BG415","2","0","perc_pop_fig","2011","22.7"
"r_3","BG415","2","0","perc_pop_fig","2012","25.8"
"r_3","BG415","2","0","perc_pop_fig","2013","25.3"
"r_3","BG415","2","0","perc_pop_fig","2014","19.8"
"r_3","BG414","0","0","perc_pop_fig","2008","26.9"
"r_3","BG414","0","0","perc_pop_fig","2009","21.8"
"r_3","BG414","0","0","perc_pop_fig","2010","23.3"
"r_3","BG414","0","0","perc_pop_fig","2011","22.8"
"r_3","BG414","0","0","perc_pop_fig","2012","21.7"
"r_3","BG414","0","0","perc_pop_fig","2013","27"
"r_3","BG414","0","0","perc_pop_fig","2014","24.8"
"r_3","BG414","1","0","perc_pop_fig","2008","26.6"
"r_3","BG414","1","0","perc_pop_fig","2009","18"
"r_3","BG414","1","0","perc_pop_fig","2010","23.6"
"r_3","BG414","1","0","perc_pop_fig","2011","22.9"
"r_3","BG414","1","0","perc_pop_fig","2012","22.3"
"r_3","BG414","1","0","perc_pop_fig","2013","27.4"
"r_3","BG414","1","0","perc_pop_fig","2014","23.6"
"r_3","BG414","2","0","perc_pop_fig","2008","27.3"
"r_3","BG414","2","0","perc_pop_fig","2009","26.3"
"r_3","BG414","2","0","perc_pop_fig","2010","23"
"r_3","BG414","2","0","perc_pop_fig","2011","22.6"
"r_3","BG414","2","0","perc_pop_fig","2012","21.1"
"r_3","BG414","2","0","perc_pop_fig","2013","26.5"
"r_3","BG414","2","0","perc_pop_fig","2014","26.1"
"r_3","BG412","0","0","perc_pop_fig","2008","25.5"
"r_3","BG412","0","0","perc_pop_fig","2009","24.4"
"r_3","BG412","0","0","perc_pop_fig","2010","25.4"
"r_3","BG412","0","0","perc_pop_fig","2011","27.6"
"r_3","BG412","0","0","perc_pop_fig","2012","26.2"
"r_3","BG412","0","0","perc_pop_fig","2013","26.8"
"r_3","BG412","0","0","perc_pop_fig","2014","26.8"
"r_3","BG412","1","0","perc_pop_fig","2008","22"
"r_3","BG412","1","0","perc_pop_fig","2009","25.1"
"r_3","BG412","1","0","perc_pop_fig","2010","20.7"
"r_3","BG412","1","0","perc_pop_fig","2011","23.3"
"r_3","BG412","1","0","perc_pop_fig","2012","24.6"
"r_3","BG412","1","0","perc_pop_fig","2013","26.6"
"r_3","BG412","1","0","perc_pop_fig","2014","27.5"
"r_3","BG412","2","0","perc_pop_fig","2008","28.8"
"r_3","BG412","2","0","perc_pop_fig","2009","23.7"
"r_3","BG412","2","0","perc_pop_fig","2010","29.8"
"r_3","BG412","2","0","perc_pop_fig","2011","31.3"
"r_3","BG412","2","0","perc_pop_fig","2012","27.8"
"r_3","BG412","2","0","perc_pop_fig","2013","26.9"
"r_3","BG412","2","0","perc_pop_fig","2014","26"
"r_3","BG411","0","0","perc_pop_fig","2008","26.2"
"r_3","BG411","0","0","perc_pop_fig","2009","21.9"
"r_3","BG411","0","0","perc_pop_fig","2010","19.8"
"r_3","BG411","0","0","perc_pop_fig","2011","23.6"
"r_3","BG411","0","0","perc_pop_fig","2012","21.6"
"r_3","BG411","0","0","perc_pop_fig","2013","26"
"r_3","BG411","0","0","perc_pop_fig","2014","24.9"
"r_3","BG411","1","0","perc_pop_fig","2008","24"
"r_3","BG411","1","0","perc_pop_fig","2009","18.3"
"r_3","BG411","1","0","perc_pop_fig","2010","17.4"
"r_3","BG411","1","0","perc_pop_fig","2011","21.5"
"r_3","BG411","1","0","perc_pop_fig","2012","20.6"
"r_3","BG411","1","0","perc_pop_fig","2013","26.1"
"r_3","BG411","1","0","perc_pop_fig","2014","23.4"
"r_3","BG411","2","0","perc_pop_fig","2008","28.1"
"r_3","BG411","2","0","perc_pop_fig","2009","25"
"r_3","BG411","2","0","perc_pop_fig","2010","21.9"
"r_3","BG411","2","0","perc_pop_fig","2011","25.5"
"r_3","BG411","2","0","perc_pop_fig","2012","22.5"
"r_3","BG411","2","0","perc_pop_fig","2013","25.9"
"r_3","BG411","2","0","perc_pop_fig","2014","26.4"
"r_3","BG42","0","0","perc_pop_fig","2008","27.2"
"r_3","BG42","0","0","perc_pop_fig","2009","27.4"
"r_3","BG42","0","0","perc_pop_fig","2010","25.8"
"r_3","BG42","0","0","perc_pop_fig","2011","26.8"
"r_3","BG42","0","0","perc_pop_fig","2012","28.1"
"r_3","BG42","0","0","perc_pop_fig","2013","27.7"
"r_3","BG42","0","0","perc_pop_fig","2014","31.7"
"r_3","BG42","1","0","perc_pop_fig","2008","24.6"
"r_3","BG42","1","0","perc_pop_fig","2009","25.4"
"r_3","BG42","1","0","perc_pop_fig","2010","24.1"
"r_3","BG42","1","0","perc_pop_fig","2011","25.4"
"r_3","BG42","1","0","perc_pop_fig","2012","26.1"
"r_3","BG42","1","0","perc_pop_fig","2013","26.4"
"r_3","BG42","1","0","perc_pop_fig","2014","31.8"
"r_3","BG42","2","0","perc_pop_fig","2008","29.6"
"r_3","BG42","2","0","perc_pop_fig","2009","29.3"
"r_3","BG42","2","0","perc_pop_fig","2010","27.5"
"r_3","BG42","2","0","perc_pop_fig","2011","28.3"
"r_3","BG42","2","0","perc_pop_fig","2012","30"
"r_3","BG42","2","0","perc_pop_fig","2013","28.9"
"r_3","BG42","2","0","perc_pop_fig","2014","31.7"
"r_3","BG425","0","0","perc_pop_fig","2008","27.9"
"r_3","BG425","0","0","perc_pop_fig","2009","18.7"
"r_3","BG425","0","0","perc_pop_fig","2010","21.2"
"r_3","BG425","0","0","perc_pop_fig","2011","25.7"
"r_3","BG425","0","0","perc_pop_fig","2012","24.6"
"r_3","BG425","0","0","perc_pop_fig","2013","31.2"
"r_3","BG425","0","0","perc_pop_fig","2014","35.7"
"r_3","BG425","1","0","perc_pop_fig","2008","26.3"
"r_3","BG425","1","0","perc_pop_fig","2009","17"
"r_3","BG425","1","0","perc_pop_fig","2010","19.7"
"r_3","BG425","1","0","perc_pop_fig","2011","23.5"
"r_3","BG425","1","0","perc_pop_fig","2012","21.9"
"r_3","BG425","1","0","perc_pop_fig","2013","29.3"
"r_3","BG425","1","0","perc_pop_fig","2014","35.8"
"r_3","BG425","2","0","perc_pop_fig","2008","29.7"
"r_3","BG425","2","0","perc_pop_fig","2009","20.4"
"r_3","BG425","2","0","perc_pop_fig","2010","22.8"
"r_3","BG425","2","0","perc_pop_fig","2011","28.2"
"r_3","BG425","2","0","perc_pop_fig","2012","27.6"
"r_3","BG425","2","0","perc_pop_fig","2013","33.2"
"r_3","BG425","2","0","perc_pop_fig","2014","35.5"
"r_3","BG423","0","0","perc_pop_fig","2008","32.1"
"r_3","BG423","0","0","perc_pop_fig","2009","35.5"
"r_3","BG423","0","0","perc_pop_fig","2010","31.4"
"r_3","BG423","0","0","perc_pop_fig","2011","30.4"
"r_3","BG423","0","0","perc_pop_fig","2012","34.7"
"r_3","BG423","0","0","perc_pop_fig","2013","37.5"
"r_3","BG423","0","0","perc_pop_fig","2014","37.2"
"r_3","BG423","1","0","perc_pop_fig","2008","31"
"r_3","BG423","1","0","perc_pop_fig","2009","35.3"
"r_3","BG423","1","0","perc_pop_fig","2010","31.1"
"r_3","BG423","1","0","perc_pop_fig","2011","29.1"
"r_3","BG423","1","0","perc_pop_fig","2012","34.4"
"r_3","BG423","1","0","perc_pop_fig","2013","37.7"
"r_3","BG423","1","0","perc_pop_fig","2014","38.3"
"r_3","BG423","2","0","perc_pop_fig","2008","33.2"
"r_3","BG423","2","0","perc_pop_fig","2009","35.7"
"r_3","BG423","2","0","perc_pop_fig","2010","31.7"
"r_3","BG423","2","0","perc_pop_fig","2011","31.8"
"r_3","BG423","2","0","perc_pop_fig","2012","35.1"
"r_3","BG423","2","0","perc_pop_fig","2013","37.2"
"r_3","BG423","2","0","perc_pop_fig","2014","36.3"
"r_3","BG421","0","0","perc_pop_fig","2008","23.6"
"r_3","BG421","0","0","perc_pop_fig","2009","22.5"
"r_3","BG421","0","0","perc_pop_fig","2010","23.4"
"r_3","BG421","0","0","perc_pop_fig","2011","25.6"
"r_3","BG421","0","0","perc_pop_fig","2012","23.4"
"r_3","BG421","0","0","perc_pop_fig","2013","26.1"
"r_3","BG421","0","0","perc_pop_fig","2014","29.6"
"r_3","BG421","1","0","perc_pop_fig","2008","20.4"
"r_3","BG421","1","0","perc_pop_fig","2009","20.1"
"r_3","BG421","1","0","perc_pop_fig","2010","22.1"
"r_3","BG421","1","0","perc_pop_fig","2011","23.9"
"r_3","BG421","1","0","perc_pop_fig","2012","20.8"
"r_3","BG421","1","0","perc_pop_fig","2013","24"
"r_3","BG421","1","0","perc_pop_fig","2014","29"
"r_3","BG421","2","0","perc_pop_fig","2008","26.6"
"r_3","BG421","2","0","perc_pop_fig","2009","24.9"
"r_3","BG421","2","0","perc_pop_fig","2010","24.7"
"r_3","BG421","2","0","perc_pop_fig","2011","27.4"
"r_3","BG421","2","0","perc_pop_fig","2012","26"
"r_3","BG421","2","0","perc_pop_fig","2013","28.1"
"r_3","BG421","2","0","perc_pop_fig","2014","30.3"
"r_3","BG424","0","0","perc_pop_fig","2008","27"
"r_3","BG424","0","0","perc_pop_fig","2009","27.8"
"r_3","BG424","0","0","perc_pop_fig","2010","21.8"
"r_3","BG424","0","0","perc_pop_fig","2011","33.2"
"r_3","BG424","0","0","perc_pop_fig","2012","30.3"
"r_3","BG424","0","0","perc_pop_fig","2013","29.5"
"r_3","BG424","0","0","perc_pop_fig","2014","27.3"
"r_3","BG424","1","0","perc_pop_fig","2008","19.8"
"r_3","BG424","1","0","perc_pop_fig","2009","24"
"r_3","BG424","1","0","perc_pop_fig","2010","16.7"
"r_3","BG424","1","0","perc_pop_fig","2011","29.4"
"r_3","BG424","1","0","perc_pop_fig","2012","25.4"
"r_3","BG424","1","0","perc_pop_fig","2013","25.6"
"r_3","BG424","1","0","perc_pop_fig","2014","26.5"
"r_3","BG424","2","0","perc_pop_fig","2008","34.3"
"r_3","BG424","2","0","perc_pop_fig","2009","30.9"
"r_3","BG424","2","0","perc_pop_fig","2010","26.2"
"r_3","BG424","2","0","perc_pop_fig","2011","36.5"
"r_3","BG424","2","0","perc_pop_fig","2012","34.9"
"r_3","BG424","2","0","perc_pop_fig","2013","33.4"
"r_3","BG424","2","0","perc_pop_fig","2014","28.1"
"r_3","BG422","0","0","perc_pop_fig","2008","21.9"
"r_3","BG422","0","0","perc_pop_fig","2009","28.4"
"r_3","BG422","0","0","perc_pop_fig","2010","23"
"r_3","BG422","0","0","perc_pop_fig","2011","22.8"
"r_3","BG422","0","0","perc_pop_fig","2012","26.9"
"r_3","BG422","0","0","perc_pop_fig","2013","23"
"r_3","BG422","0","0","perc_pop_fig","2014","20.9"
"r_3","BG422","1","0","perc_pop_fig","2008","19.3"
"r_3","BG422","1","0","perc_pop_fig","2009","24.9"
"r_3","BG422","1","0","perc_pop_fig","2010","19.1"
"r_3","BG422","1","0","perc_pop_fig","2011","20.7"
"r_3","BG422","1","0","perc_pop_fig","2012","24.7"
"r_3","BG422","1","0","perc_pop_fig","2013","19.4"
"r_3","BG422","1","0","perc_pop_fig","2014","20.2"
"r_3","BG422","2","0","perc_pop_fig","2008","24.1"
"r_3","BG422","2","0","perc_pop_fig","2009","31.3"
"r_3","BG422","2","0","perc_pop_fig","2010","26.3"
"r_3","BG422","2","0","perc_pop_fig","2011","24.7"
"r_3","BG422","2","0","perc_pop_fig","2012","29"
"r_3","BG422","2","0","perc_pop_fig","2013","26.5"
"r_3","BG422","2","0","perc_pop_fig","2014","21.7"
"r_4","BG","0","0","perc_pop_fig","2015","28.4"
"r_4","BG","1","0","perc_pop_fig","2015","26.3"
"r_4","BG","2","0","perc_pop_fig","2015","30.3"
"r_4","BG","0","1","perc_pop_fig","2015","37.4"
"r_4","BG","0","2","perc_pop_fig","2015","24.4"
"r_4","BG","1","2","perc_pop_fig","2015","24.1"
"r_4","BG","2","2","perc_pop_fig","2015","24.6"
"r_4","BG","0","3","perc_pop_fig","2015","33.5"
"r_4","BG","1","3","perc_pop_fig","2015","23.7"
"r_4","BG","2","3","perc_pop_fig","2015","40.2"
"r_4","BG31","0","0","perc_pop_fig","2015","30"
"r_4","BG31","1","0","perc_pop_fig","2015","29.1"
"r_4","BG31","2","0","perc_pop_fig","2015","30.9"
"r_4","BG311","0","0","perc_pop_fig","2015","33.8"
"r_4","BG311","1","0","perc_pop_fig","2015","33.8"
"r_4","BG311","2","0","perc_pop_fig","2015","33.8"
"r_4","BG313","0","0","perc_pop_fig","2015","26.5"
"r_4","BG313","1","0","perc_pop_fig","2015","26.3"
"r_4","BG313","2","0","perc_pop_fig","2015","26.7"
"r_4","BG315","0","0","perc_pop_fig","2015","25.5"
"r_4","BG315","1","0","perc_pop_fig","2015","24.8"
"r_4","BG315","2","0","perc_pop_fig","2015","26.1"
"r_4","BG312","0","0","perc_pop_fig","2015","30.1"
"r_4","BG312","1","0","perc_pop_fig","2015","31.9"
"r_4","BG312","2","0","perc_pop_fig","2015","28.3"
"r_4","BG314","0","0","perc_pop_fig","2015","32.3"
"r_4","BG314","1","0","perc_pop_fig","2015","29.7"
"r_4","BG314","2","0","perc_pop_fig","2015","34.7"
"r_4","BG32","0","0","perc_pop_fig","2015","24.2"
"r_4","BG32","1","0","perc_pop_fig","2015","22.2"
"r_4","BG32","2","0","perc_pop_fig","2015","26.1"
"r_4","BG321","0","0","perc_pop_fig","2015","22.9"
"r_4","BG321","1","0","perc_pop_fig","2015","22.6"
"r_4","BG321","2","0","perc_pop_fig","2015","23.1"
"r_4","BG322","0","0","perc_pop_fig","2015","15.8"
"r_4","BG322","1","0","perc_pop_fig","2015","15.1"
"r_4","BG322","2","0","perc_pop_fig","2015","16.4"
"r_4","BG324","0","0","perc_pop_fig","2015","18.5"
"r_4","BG324","1","0","perc_pop_fig","2015","18.6"
"r_4","BG324","2","0","perc_pop_fig","2015","18.3"
"r_4","BG323","0","0","perc_pop_fig","2015","27.4"
"r_4","BG323","1","0","perc_pop_fig","2015","22.3"
"r_4","BG323","2","0","perc_pop_fig","2015","32.3"
"r_4","BG325","0","0","perc_pop_fig","2015","33.5"
"r_4","BG325","1","0","perc_pop_fig","2015","32.9"
"r_4","BG325","2","0","perc_pop_fig","2015","34.2"
"r_4","BG33","0","0","perc_pop_fig","2015","29.7"
"r_4","BG33","1","0","perc_pop_fig","2015","28.6"
"r_4","BG33","2","0","perc_pop_fig","2015","30.7"
"r_4","BG331","0","0","perc_pop_fig","2015","32.4"
"r_4","BG331","1","0","perc_pop_fig","2015","32.2"
"r_4","BG331","2","0","perc_pop_fig","2015","32.5"
"r_4","BG332","0","0","perc_pop_fig","2015","26.3"
"r_4","BG332","1","0","perc_pop_fig","2015","26.3"
"r_4","BG332","2","0","perc_pop_fig","2015","26.3"
"r_4","BG334","0","0","perc_pop_fig","2015","26.8"
"r_4","BG334","1","0","perc_pop_fig","2015","24.1"
"r_4","BG334","2","0","perc_pop_fig","2015","29.4"
"r_4","BG333","0","0","perc_pop_fig","2015","38"
"r_4","BG333","1","0","perc_pop_fig","2015","36"
"r_4","BG333","2","0","perc_pop_fig","2015","40"
"r_4","BG34","0","0","perc_pop_fig","2015","25.2"
"r_4","BG34","1","0","perc_pop_fig","2015","22.3"
"r_4","BG34","2","0","perc_pop_fig","2015","28"
"r_4","BG341","0","0","perc_pop_fig","2015","26.3"
"r_4","BG341","1","0","perc_pop_fig","2015","24"
"r_4","BG341","2","0","perc_pop_fig","2015","28.6"
"r_4","BG342","0","0","perc_pop_fig","2015","37.8"
"r_4","BG342","1","0","perc_pop_fig","2015","36.9"
"r_4","BG342","2","0","perc_pop_fig","2015","38.6"
"r_4","BG344","0","0","perc_pop_fig","2015","23.1"
"r_4","BG344","1","0","perc_pop_fig","2015","17.1"
"r_4","BG344","2","0","perc_pop_fig","2015","28.6"
"r_4","BG343","0","0","perc_pop_fig","2015","18.3"
"r_4","BG343","1","0","perc_pop_fig","2015","14.4"
"r_4","BG343","2","0","perc_pop_fig","2015","22"
"r_4","BG41","0","0","perc_pop_fig","2015","26.6"
"r_4","BG41","1","0","perc_pop_fig","2015","24.3"
"r_4","BG41","2","0","perc_pop_fig","2015","28"
"r_4","BG413","0","0","perc_pop_fig","2015","26.6"
"r_4","BG413","1","0","perc_pop_fig","2015","26"
"r_4","BG413","2","0","perc_pop_fig","2015","27.1"
"r_4","BG415","0","0","perc_pop_fig","2015","26.3"
"r_4","BG415","1","0","perc_pop_fig","2015","17.7"
"r_4","BG415","2","0","perc_pop_fig","2015","29.3"
"r_4","BG414","0","0","perc_pop_fig","2015","30.6"
"r_4","BG414","1","0","perc_pop_fig","2015","26.1"
"r_4","BG414","2","0","perc_pop_fig","2015","35"
"r_4","BG412","0","0","perc_pop_fig","2015","26.2"
"r_4","BG412","1","0","perc_pop_fig","2015","24.1"
"r_4","BG412","2","0","perc_pop_fig","2015","28.3"
"r_4","BG411","0","0","perc_pop_fig","2015","24.9"
"r_4","BG411","1","0","perc_pop_fig","2015","22.3"
"r_4","BG411","2","0","perc_pop_fig","2015","27.2"
"r_4","BG42","0","0","perc_pop_fig","2015","32.7"
"r_4","BG42","1","0","perc_pop_fig","2015","30.9"
"r_4","BG42","2","0","perc_pop_fig","2015","34.3"
"r_4","BG425","0","0","perc_pop_fig","2015","31.5"
"r_4","BG425","1","0","perc_pop_fig","2015","31.1"
"r_4","BG425","2","0","perc_pop_fig","2015","31.8"
"r_4","BG423","0","0","perc_pop_fig","2015","36.2"
"r_4","BG423","1","0","perc_pop_fig","2015","37.3"
"r_4","BG423","2","0","perc_pop_fig","2015","35"
"r_4","BG421","0","0","perc_pop_fig","2015","26"
"r_4","BG421","1","0","perc_pop_fig","2015","22.5"
"r_4","BG421","2","0","perc_pop_fig","2015","29.2"
"r_4","BG424","0","0","perc_pop_fig","2015","36.6"
"r_4","BG424","1","0","perc_pop_fig","2015","35.6"
"r_4","BG424","2","0","perc_pop_fig","2015","37.6"
"r_4","BG422","0","0","perc_pop_fig","2015","30.9"
"r_4","BG422","1","0","perc_pop_fig","2015","27.5"
"r_4","BG422","2","0","perc_pop_fig","2015","34.1"
"r_5","BG","0","0","perc_pop_fig","2016","27.9"
"r_5","BG","1","0","perc_pop_fig","2016","26.8"
"r_5","BG","2","0","perc_pop_fig","2016","28.9"
"r_5","BG","0","1","perc_pop_fig","2016","38.8"
"r_5","BG","0","2","perc_pop_fig","2016","25.5"
"r_5","BG","1","2","perc_pop_fig","2016","26.4"
"r_5","BG","2","2","perc_pop_fig","2016","24.6"
"r_5","BG","0","3","perc_pop_fig","2016","26"
"r_5","BG","1","3","perc_pop_fig","2016","17.2"
"r_5","BG","2","3","perc_pop_fig","2016","31.9"
"r_5","BG31","0","0","perc_pop_fig","2016","28.6"
"r_5","BG31","1","0","perc_pop_fig","2016","29.4"
"r_5","BG31","2","0","perc_pop_fig","2016","27.8"
"r_5","BG311","0","0","perc_pop_fig","2016","25.6"
"r_5","BG311","1","0","perc_pop_fig","2016","31"
"r_5","BG311","2","0","perc_pop_fig","2016","20.4"
"r_5","BG313","0","0","perc_pop_fig","2016","31.5"
"r_5","BG313","1","0","perc_pop_fig","2016","34.9"
"r_5","BG313","2","0","perc_pop_fig","2016","28.2"
"r_5","BG315","0","0","perc_pop_fig","2016","23.8"
"r_5","BG315","1","0","perc_pop_fig","2016","23.5"
"r_5","BG315","2","0","perc_pop_fig","2016","24"
"r_5","BG312","0","0","perc_pop_fig","2016","35.4"
"r_5","BG312","1","0","perc_pop_fig","2016","36.1"
"r_5","BG312","2","0","perc_pop_fig","2016","34.8"
"r_5","BG314","0","0","perc_pop_fig","2016","26.9"
"r_5","BG314","1","0","perc_pop_fig","2016","23.7"
"r_5","BG314","2","0","perc_pop_fig","2016","29.9"
"r_5","BG32","0","0","perc_pop_fig","2016","25.8"
"r_5","BG32","1","0","perc_pop_fig","2016","25.5"
"r_5","BG32","2","0","perc_pop_fig","2016","26.1"
"r_5","BG321","0","0","perc_pop_fig","2016","22.4"
"r_5","BG321","1","0","perc_pop_fig","2016","23.3"
"r_5","BG321","2","0","perc_pop_fig","2016","21.6"
"r_5","BG322","0","0","perc_pop_fig","2016","24"
"r_5","BG322","1","0","perc_pop_fig","2016","23.6"
"r_5","BG322","2","0","perc_pop_fig","2016","24.4"
"r_5","BG324","0","0","perc_pop_fig","2016","33"
"r_5","BG324","1","0","perc_pop_fig","2016","34"
"r_5","BG324","2","0","perc_pop_fig","2016","32.1"
"r_5","BG323","0","0","perc_pop_fig","2016","23.7"
"r_5","BG323","1","0","perc_pop_fig","2016","18.8"
"r_5","BG323","2","0","perc_pop_fig","2016","28.3"
"r_5","BG325","0","0","perc_pop_fig","2016","24.4"
"r_5","BG325","1","0","perc_pop_fig","2016","24.9"
"r_5","BG325","2","0","perc_pop_fig","2016","23.9"
"r_5","BG33","0","0","perc_pop_fig","2016","30.5"
"r_5","BG33","1","0","perc_pop_fig","2016","29.8"
"r_5","BG33","2","0","perc_pop_fig","2016","31.3"
"r_5","BG331","0","0","perc_pop_fig","2016","32.8"
"r_5","BG331","1","0","perc_pop_fig","2016","31.9"
"r_5","BG331","2","0","perc_pop_fig","2016","33.6"
"r_5","BG332","0","0","perc_pop_fig","2016","26.8"
"r_5","BG332","1","0","perc_pop_fig","2016","28.2"
"r_5","BG332","2","0","perc_pop_fig","2016","25.4"
"r_5","BG334","0","0","perc_pop_fig","2016","24.5"
"r_5","BG334","1","0","perc_pop_fig","2016","21.9"
"r_5","BG334","2","0","perc_pop_fig","2016","27"
"r_5","BG333","0","0","perc_pop_fig","2016","29.7"
"r_5","BG333","1","0","perc_pop_fig","2016","29.4"
"r_5","BG333","2","0","perc_pop_fig","2016","30"
"r_5","BG34","0","0","perc_pop_fig","2016","27.9"
"r_5","BG34","1","0","perc_pop_fig","2016","26.4"
"r_5","BG34","2","0","perc_pop_fig","2016","29.3"
"r_5","BG341","0","0","perc_pop_fig","2016","26.4"
"r_5","BG341","1","0","perc_pop_fig","2016","24.4"
"r_5","BG341","2","0","perc_pop_fig","2016","28.3"
"r_5","BG342","0","0","perc_pop_fig","2016","36.3"
"r_5","BG342","1","0","perc_pop_fig","2016","34.3"
"r_5","BG342","2","0","perc_pop_fig","2016","38.2"
"r_5","BG344","0","0","perc_pop_fig","2016","31.2"
"r_5","BG344","1","0","perc_pop_fig","2016","29"
"r_5","BG344","2","0","perc_pop_fig","2016","33.3"
"r_5","BG343","0","0","perc_pop_fig","2016","17.3"
"r_5","BG343","1","0","perc_pop_fig","2016","13.7"
"r_5","BG343","2","0","perc_pop_fig","2016","20.8"
"r_5","BG41","0","0","perc_pop_fig","2016","26.1"
"r_5","BG41","1","0","perc_pop_fig","2016","24.4"
"r_5","BG41","2","0","perc_pop_fig","2016","27.5"
"r_5","BG413","0","0","perc_pop_fig","2016","22.1"
"r_5","BG413","1","0","perc_pop_fig","2016","23.7"
"r_5","BG413","2","0","perc_pop_fig","2016","20.6"
"r_5","BG415","0","0","perc_pop_fig","2016","23.3"
"r_5","BG415","1","0","perc_pop_fig","2016","20"
"r_5","BG415","2","0","perc_pop_fig","2016","26.4"
"r_5","BG414","0","0","perc_pop_fig","2016","27.3"
"r_5","BG414","1","0","perc_pop_fig","2016","29.1"
"r_5","BG414","2","0","perc_pop_fig","2016","25.4"
"r_5","BG412","0","0","perc_pop_fig","2016","25.8"
"r_5","BG412","1","0","perc_pop_fig","2016","24.4"
"r_5","BG412","2","0","perc_pop_fig","2016","27.2"
"r_5","BG411","0","0","perc_pop_fig","2016","22.4"
"r_5","BG411","1","0","perc_pop_fig","2016","19.6"
"r_5","BG411","2","0","perc_pop_fig","2016","24.9"
"r_5","BG42","0","0","perc_pop_fig","2016","29.3"
"r_5","BG42","1","0","perc_pop_fig","2016","28.3"
"r_5","BG42","2","0","perc_pop_fig","2016","30.1"
"r_5","BG425","0","0","perc_pop_fig","2016","36.3"
"r_5","BG425","1","0","perc_pop_fig","2016","33.3"
"r_5","BG425","2","0","perc_pop_fig","2016","39.3"
"r_5","BG423","0","0","perc_pop_fig","2016","37.1"
"r_5","BG423","1","0","perc_pop_fig","2016","38.2"
"r_5","BG423","2","0","perc_pop_fig","2016","36.1"
"r_5","BG421","0","0","perc_pop_fig","2016","24.1"
"r_5","BG421","1","0","perc_pop_fig","2016","23.8"
"r_5","BG421","2","0","perc_pop_fig","2016","24.4"
"r_5","BG424","0","0","perc_pop_fig","2016","27.7"
"r_5","BG424","1","0","perc_pop_fig","2016","24.5"
"r_5","BG424","2","0","perc_pop_fig","2016","30.8"
"r_5","BG422","0","0","perc_pop_fig","2016","23.7"
"r_5","BG422","1","0","perc_pop_fig","2016","22.6"
"r_5","BG422","2","0","perc_pop_fig","2016","24.7"
"r_6","BG","0","0","perc_pop_fig","2017","29.2"
"r_6","BG","1","0","perc_pop_fig","2017","27.5"
"r_6","BG","2","0","perc_pop_fig","2017","30.8"
"r_6","BG","0","1","perc_pop_fig","2017","37.9"
"r_6","BG","0","2","perc_pop_fig","2017","25"
"r_6","BG","1","2","perc_pop_fig","2017","25.4"
"r_6","BG","2","2","perc_pop_fig","2017","24.5"
"r_6","BG","0","3","perc_pop_fig","2017","34.5"
"r_6","BG","1","3","perc_pop_fig","2017","24.9"
"r_6","BG","2","3","perc_pop_fig","2017","41.1"
"r_6","BG31","0","0","perc_pop_fig","2017","28.9"
"r_6","BG31","1","0","perc_pop_fig","2017","28.5"
"r_6","BG31","2","0","perc_pop_fig","2017","29.3"
"r_6","BG311","0","0","perc_pop_fig","2017","27"
"r_6","BG311","1","0","perc_pop_fig","2017","28.6"
"r_6","BG311","2","0","perc_pop_fig","2017","25.5"
"r_6","BG313","0","0","perc_pop_fig","2017","33.7"
"r_6","BG313","1","0","perc_pop_fig","2017","34.3"
"r_6","BG313","2","0","perc_pop_fig","2017","33.1"
"r_6","BG315","0","0","perc_pop_fig","2017","32.8"
"r_6","BG315","1","0","perc_pop_fig","2017","31.8"
"r_6","BG315","2","0","perc_pop_fig","2017","33.8"
"r_6","BG312","0","0","perc_pop_fig","2017","35.2"
"r_6","BG312","1","0","perc_pop_fig","2017","35.9"
"r_6","BG312","2","0","perc_pop_fig","2017","34.6"
"r_6","BG314","0","0","perc_pop_fig","2017","20.8"
"r_6","BG314","1","0","perc_pop_fig","2017","18.8"
"r_6","BG314","2","0","perc_pop_fig","2017","22.8"
"r_6","BG32","0","0","perc_pop_fig","2017","26.2"
"r_6","BG32","1","0","perc_pop_fig","2017","24.2"
"r_6","BG32","2","0","perc_pop_fig","2017","28.1"
"r_6","BG321","0","0","perc_pop_fig","2017","27.3"
"r_6","BG321","1","0","perc_pop_fig","2017","29"
"r_6","BG321","2","0","perc_pop_fig","2017","25.8"
"r_6","BG322","0","0","perc_pop_fig","2017","24.7"
"r_6","BG322","1","0","perc_pop_fig","2017","18.2"
"r_6","BG322","2","0","perc_pop_fig","2017","30.8"
"r_6","BG324","0","0","perc_pop_fig","2017","23.6"
"r_6","BG324","1","0","perc_pop_fig","2017","24"
"r_6","BG324","2","0","perc_pop_fig","2017","23.2"
"r_6","BG323","0","0","perc_pop_fig","2017","27.1"
"r_6","BG323","1","0","perc_pop_fig","2017","21.6"
"r_6","BG323","2","0","perc_pop_fig","2017","32.4"
"r_6","BG325","0","0","perc_pop_fig","2017","28.4"
"r_6","BG325","1","0","perc_pop_fig","2017","25.7"
"r_6","BG325","2","0","perc_pop_fig","2017","30.9"
"r_6","BG33","0","0","perc_pop_fig","2017","30.3"
"r_6","BG33","1","0","perc_pop_fig","2017","28.7"
"r_6","BG33","2","0","perc_pop_fig","2017","31.9"
"r_6","BG331","0","0","perc_pop_fig","2017","29.4"
"r_6","BG331","1","0","perc_pop_fig","2017","27.5"
"r_6","BG331","2","0","perc_pop_fig","2017","31.3"
"r_6","BG332","0","0","perc_pop_fig","2017","22.8"
"r_6","BG332","1","0","perc_pop_fig","2017","22.4"
"r_6","BG332","2","0","perc_pop_fig","2017","23.1"
"r_6","BG334","0","0","perc_pop_fig","2017","24.9"
"r_6","BG334","1","0","perc_pop_fig","2017","23.3"
"r_6","BG334","2","0","perc_pop_fig","2017","26.4"
"r_6","BG333","0","0","perc_pop_fig","2017","33.5"
"r_6","BG333","1","0","perc_pop_fig","2017","32.4"
"r_6","BG333","2","0","perc_pop_fig","2017","34.5"
"r_6","BG34","0","0","perc_pop_fig","2017","31.8"
"r_6","BG34","1","0","perc_pop_fig","2017","29"
"r_6","BG34","2","0","perc_pop_fig","2017","34.5"
"r_6","BG341","0","0","perc_pop_fig","2017","31.6"
"r_6","BG341","1","0","perc_pop_fig","2017","29.1"
"r_6","BG341","2","0","perc_pop_fig","2017","34"
"r_6","BG342","0","0","perc_pop_fig","2017","41.2"
"r_6","BG342","1","0","perc_pop_fig","2017","41.7"
"r_6","BG342","2","0","perc_pop_fig","2017","40.6"
"r_6","BG344","0","0","perc_pop_fig","2017","28.7"
"r_6","BG344","1","0","perc_pop_fig","2017","25"
"r_6","BG344","2","0","perc_pop_fig","2017","32.2"
"r_6","BG343","0","0","perc_pop_fig","2017","22.9"
"r_6","BG343","1","0","perc_pop_fig","2017","15.6"
"r_6","BG343","2","0","perc_pop_fig","2017","30"
"r_6","BG41","0","0","perc_pop_fig","2017","25.6"
"r_6","BG41","1","0","perc_pop_fig","2017","23.7"
"r_6","BG41","2","0","perc_pop_fig","2017","27.4"
"r_6","BG413","0","0","perc_pop_fig","2017","26.5"
"r_6","BG413","1","0","perc_pop_fig","2017","25.2"
"r_6","BG413","2","0","perc_pop_fig","2017","27.9"
"r_6","BG415","0","0","perc_pop_fig","2017","27.8"
"r_6","BG415","1","0","perc_pop_fig","2017","25.4"
"r_6","BG415","2","0","perc_pop_fig","2017","30.2"
"r_6","BG414","0","0","perc_pop_fig","2017","24.8"
"r_6","BG414","1","0","perc_pop_fig","2017","22.6"
"r_6","BG414","2","0","perc_pop_fig","2017","27"
"r_6","BG412","0","0","perc_pop_fig","2017","25.2"
"r_6","BG412","1","0","perc_pop_fig","2017","20.9"
"r_6","BG412","2","0","perc_pop_fig","2017","29.4"
"r_6","BG411","0","0","perc_pop_fig","2017","23.8"
"r_6","BG411","1","0","perc_pop_fig","2017","22.8"
"r_6","BG411","2","0","perc_pop_fig","2017","24.7"
"r_6","BG42","0","0","perc_pop_fig","2017","30.2"
"r_6","BG42","1","0","perc_pop_fig","2017","28.9"
"r_6","BG42","2","0","perc_pop_fig","2017","31.3"
"r_6","BG425","0","0","perc_pop_fig","2017","33.6"
"r_6","BG425","1","0","perc_pop_fig","2017","32.3"
"r_6","BG425","2","0","perc_pop_fig","2017","35"
"r_6","BG423","0","0","perc_pop_fig","2017","34.6"
"r_6","BG423","1","0","perc_pop_fig","2017","35.3"
"r_6","BG423","2","0","perc_pop_fig","2017","33.9"
"r_6","BG421","0","0","perc_pop_fig","2017","27.6"
"r_6","BG421","1","0","perc_pop_fig","2017","25.6"
"r_6","BG421","2","0","perc_pop_fig","2017","29.4"
"r_6","BG424","0","0","perc_pop_fig","2017","31.1"
"r_6","BG424","1","0","perc_pop_fig","2017","29.7"
"r_6","BG424","2","0","perc_pop_fig","2017","32.5"
"r_6","BG422","0","0","perc_pop_fig","2017","24.4"
"r_6","BG422","1","0","perc_pop_fig","2017","25.2"
"r_6","BG422","2","0","perc_pop_fig","2017","23.5"
"r_7","BG","0","0","perc_pop_fig","2018","29.5"
"r_7","BG","1","0","perc_pop_fig","2018","27.7"
"r_7","BG","2","0","perc_pop_fig","2018","31.2"
"r_7","BG","0","1","perc_pop_fig","2018","37.6"
"r_7","BG","0","2","perc_pop_fig","2018","26.2"
"r_7","BG","1","2","perc_pop_fig","2018","26.7"
"r_7","BG","2","2","perc_pop_fig","2018","25.8"
"r_7","BG","0","3","perc_pop_fig","2018","32.5"
"r_7","BG","1","3","perc_pop_fig","2018","23.6"
"r_7","BG","2","3","perc_pop_fig","2018","38.5"
"r_7","BG31","0","0","perc_pop_fig","2018","31.3"
"r_7","BG31","1","0","perc_pop_fig","2018","30.8"
"r_7","BG31","2","0","perc_pop_fig","2018","31.8"
"r_7","BG311","0","0","perc_pop_fig","2018","29.1"
"r_7","BG311","1","0","perc_pop_fig","2018","32.4"
"r_7","BG311","2","0","perc_pop_fig","2018","26"
"r_7","BG313","0","0","perc_pop_fig","2018","32"
"r_7","BG313","1","0","perc_pop_fig","2018","30.4"
"r_7","BG313","2","0","perc_pop_fig","2018","33.4"
"r_7","BG315","0","0","perc_pop_fig","2018","30.8"
"r_7","BG315","1","0","perc_pop_fig","2018","33.2"
"r_7","BG315","2","0","perc_pop_fig","2018","28.5"
"r_7","BG312","0","0","perc_pop_fig","2018","37.2"
"r_7","BG312","1","0","perc_pop_fig","2018","36.4"
"r_7","BG312","2","0","perc_pop_fig","2018","38"
"r_7","BG314","0","0","perc_pop_fig","2018","30.3"
"r_7","BG314","1","0","perc_pop_fig","2018","27.6"
"r_7","BG314","2","0","perc_pop_fig","2018","32.8"
"r_7","BG32","0","0","perc_pop_fig","2018","25.5"
"r_7","BG32","1","0","perc_pop_fig","2018","24.6"
"r_7","BG32","2","0","perc_pop_fig","2018","26.4"
"r_7","BG321","0","0","perc_pop_fig","2018","29.4"
"r_7","BG321","1","0","perc_pop_fig","2018","29.6"
"r_7","BG321","2","0","perc_pop_fig","2018","29.1"
"r_7","BG322","0","0","perc_pop_fig","2018","23.4"
"r_7","BG322","1","0","perc_pop_fig","2018","17.4"
"r_7","BG322","2","0","perc_pop_fig","2018","29.1"
"r_7","BG324","0","0","perc_pop_fig","2018","25.3"
"r_7","BG324","1","0","perc_pop_fig","2018","28.3"
"r_7","BG324","2","0","perc_pop_fig","2018","22.4"
"r_7","BG323","0","0","perc_pop_fig","2018","23.1"
"r_7","BG323","1","0","perc_pop_fig","2018","16.8"
"r_7","BG323","2","0","perc_pop_fig","2018","29.2"
"r_7","BG325","0","0","perc_pop_fig","2018","28.1"
"r_7","BG325","1","0","perc_pop_fig","2018","32.5"
"r_7","BG325","2","0","perc_pop_fig","2018","23.7"
"r_7","BG33","0","0","perc_pop_fig","2018","30.3"
"r_7","BG33","1","0","perc_pop_fig","2018","27.9"
"r_7","BG33","2","0","perc_pop_fig","2018","32.5"
"r_7","BG331","0","0","perc_pop_fig","2018","29.1"
"r_7","BG331","1","0","perc_pop_fig","2018","26.1"
"r_7","BG331","2","0","perc_pop_fig","2018","31.9"
"r_7","BG332","0","0","perc_pop_fig","2018","23.9"
"r_7","BG332","1","0","perc_pop_fig","2018","19.2"
"r_7","BG332","2","0","perc_pop_fig","2018","28.4"
"r_7","BG334","0","0","perc_pop_fig","2018","25.2"
"r_7","BG334","1","0","perc_pop_fig","2018","24.7"
"r_7","BG334","2","0","perc_pop_fig","2018","25.7"
"r_7","BG333","0","0","perc_pop_fig","2018","34.2"
"r_7","BG333","1","0","perc_pop_fig","2018","34.2"
"r_7","BG333","2","0","perc_pop_fig","2018","34.1"
"r_7","BG34","0","0","perc_pop_fig","2018","29.9"
"r_7","BG34","1","0","perc_pop_fig","2018","27.3"
"r_7","BG34","2","0","perc_pop_fig","2018","32.4"
"r_7","BG341","0","0","perc_pop_fig","2018","29.6"
"r_7","BG341","1","0","perc_pop_fig","2018","26.9"
"r_7","BG341","2","0","perc_pop_fig","2018","32.1"
"r_7","BG342","0","0","perc_pop_fig","2018","31.2"
"r_7","BG342","1","0","perc_pop_fig","2018","32.1"
"r_7","BG342","2","0","perc_pop_fig","2018","30.3"
"r_7","BG344","0","0","perc_pop_fig","2018","30.5"
"r_7","BG344","1","0","perc_pop_fig","2018","27.4"
"r_7","BG344","2","0","perc_pop_fig","2018","33.4"
"r_7","BG343","0","0","perc_pop_fig","2018","29"
"r_7","BG343","1","0","perc_pop_fig","2018","24.6"
"r_7","BG343","2","0","perc_pop_fig","2018","33.4"
"r_7","BG41","0","0","perc_pop_fig","2018","27.1"
"r_7","BG41","1","0","perc_pop_fig","2018","25.9"
"r_7","BG41","2","0","perc_pop_fig","2018","28.3"
"r_7","BG413","0","0","perc_pop_fig","2018","29.7"
"r_7","BG413","1","0","perc_pop_fig","2018","30.3"
"r_7","BG413","2","0","perc_pop_fig","2018","29.2"
"r_7","BG415","0","0","perc_pop_fig","2018","22.2"
"r_7","BG415","1","0","perc_pop_fig","2018","20.3"
"r_7","BG415","2","0","perc_pop_fig","2018","23.9"
"r_7","BG414","0","0","perc_pop_fig","2018","21.1"
"r_7","BG414","1","0","perc_pop_fig","2018","18.8"
"r_7","BG414","2","0","perc_pop_fig","2018","23.3"
"r_7","BG412","0","0","perc_pop_fig","2018","28.2"
"r_7","BG412","1","0","perc_pop_fig","2018","25.4"
"r_7","BG412","2","0","perc_pop_fig","2018","31"
"r_7","BG411","0","0","perc_pop_fig","2018","25.1"
"r_7","BG411","1","0","perc_pop_fig","2018","22.9"
"r_7","BG411","2","0","perc_pop_fig","2018","27.1"
"r_7","BG42","0","0","perc_pop_fig","2018","31.4"
"r_7","BG42","1","0","perc_pop_fig","2018","30.2"
"r_7","BG42","2","0","perc_pop_fig","2018","32.6"
"r_7","BG425","0","0","perc_pop_fig","2018","31.1"
"r_7","BG425","1","0","perc_pop_fig","2018","31.4"
"r_7","BG425","2","0","perc_pop_fig","2018","30.8"
"r_7","BG423","0","0","perc_pop_fig","2018","35.1"
"r_7","BG423","1","0","perc_pop_fig","2018","34.5"
"r_7","BG423","2","0","perc_pop_fig","2018","35.7"
"r_7","BG421","0","0","perc_pop_fig","2018","31.5"
"r_7","BG421","1","0","perc_pop_fig","2018","29.8"
"r_7","BG421","2","0","perc_pop_fig","2018","33"
"r_7","BG424","0","0","perc_pop_fig","2018","24.8"
"r_7","BG424","1","0","perc_pop_fig","2018","21.4"
"r_7","BG424","2","0","perc_pop_fig","2018","28"
"r_7","BG422","0","0","perc_pop_fig","2018","34.9"
"r_7","BG422","1","0","perc_pop_fig","2018","32.6"
"r_7","BG422","2","0","perc_pop_fig","2018","37.1"
"r_8","BG","0","0","perc_pop_fig","2019","29.6"
"r_8","BG","1","0","perc_pop_fig","2019","27.6"
"r_8","BG","2","0","perc_pop_fig","2019","31.4"
"r_8","BG","0","1","perc_pop_fig","2019","37.7"
"r_8","BG","0","2","perc_pop_fig","2019","24.1"
"r_8","BG","1","2","perc_pop_fig","2019","24.3"
"r_8","BG","2","2","perc_pop_fig","2019","23.9"
"r_8","BG","0","3","perc_pop_fig","2019","38.7"
"r_8","BG","1","3","perc_pop_fig","2019","30.8"
"r_8","BG","2","3","perc_pop_fig","2019","44.1"
"r_8","BG31","0","0","perc_pop_fig","2019","30.2"
"r_8","BG31","1","0","perc_pop_fig","2019","28.3"
"r_8","BG31","2","0","perc_pop_fig","2019","32"
"r_8","BG311","0","0","perc_pop_fig","2019","35.7"
"r_8","BG311","1","0","perc_pop_fig","2019","34.9"
"r_8","BG311","2","0","perc_pop_fig","2019","36.4"
"r_8","BG313","0","0","perc_pop_fig","2019","37.7"
"r_8","BG313","1","0","perc_pop_fig","2019","37"
"r_8","BG313","2","0","perc_pop_fig","2019","38.4"
"r_8","BG315","0","0","perc_pop_fig","2019","29.7"
"r_8","BG315","1","0","perc_pop_fig","2019","31.1"
"r_8","BG315","2","0","perc_pop_fig","2019","28.4"
"r_8","BG312","0","0","perc_pop_fig","2019","38.6"
"r_8","BG312","1","0","perc_pop_fig","2019","37.2"
"r_8","BG312","2","0","perc_pop_fig","2019","40"
"r_8","BG314","0","0","perc_pop_fig","2019","22.3"
"r_8","BG314","1","0","perc_pop_fig","2019","18.5"
"r_8","BG314","2","0","perc_pop_fig","2019","25.9"
"r_8","BG32","0","0","perc_pop_fig","2019","27.1"
"r_8","BG32","1","0","perc_pop_fig","2019","25.7"
"r_8","BG32","2","0","perc_pop_fig","2019","28.5"
"r_8","BG321","0","0","perc_pop_fig","2019","24.4"
"r_8","BG321","1","0","perc_pop_fig","2019","24.7"
"r_8","BG321","2","0","perc_pop_fig","2019","24.1"
"r_8","BG322","0","0","perc_pop_fig","2019","24.2"
"r_8","BG322","1","0","perc_pop_fig","2019","18.8"
"r_8","BG322","2","0","perc_pop_fig","2019","29.1"
"r_8","BG324","0","0","perc_pop_fig","2019","38.2"
"r_8","BG324","1","0","perc_pop_fig","2019","38.8"
"r_8","BG324","2","0","perc_pop_fig","2019","37.6"
"r_8","BG323","0","0","perc_pop_fig","2019","25.7"
"r_8","BG323","1","0","perc_pop_fig","2019","20"
"r_8","BG323","2","0","perc_pop_fig","2019","31.1"
"r_8","BG325","0","0","perc_pop_fig","2019","32.8"
"r_8","BG325","1","0","perc_pop_fig","2019","35.3"
"r_8","BG325","2","0","perc_pop_fig","2019","30.3"
"r_8","BG33","0","0","perc_pop_fig","2019","30.2"
"r_8","BG33","1","0","perc_pop_fig","2019","28.6"
"r_8","BG33","2","0","perc_pop_fig","2019","31.7"
"r_8","BG331","0","0","perc_pop_fig","2019","29.6"
"r_8","BG331","1","0","perc_pop_fig","2019","26.6"
"r_8","BG331","2","0","perc_pop_fig","2019","32.5"
"r_8","BG332","0","0","perc_pop_fig","2019","33"
"r_8","BG332","1","0","perc_pop_fig","2019","31.3"
"r_8","BG332","2","0","perc_pop_fig","2019","34.6"
"r_8","BG334","0","0","perc_pop_fig","2019","31.7"
"r_8","BG334","1","0","perc_pop_fig","2019","31.7"
"r_8","BG334","2","0","perc_pop_fig","2019","31.8"
"r_8","BG333","0","0","perc_pop_fig","2019","33.5"
"r_8","BG333","1","0","perc_pop_fig","2019","35"
"r_8","BG333","2","0","perc_pop_fig","2019","32"
"r_8","BG34","0","0","perc_pop_fig","2019","27.7"
"r_8","BG34","1","0","perc_pop_fig","2019","24.8"
"r_8","BG34","2","0","perc_pop_fig","2019","30.5"
"r_8","BG341","0","0","perc_pop_fig","2019","27.2"
"r_8","BG341","1","0","perc_pop_fig","2019","24"
"r_8","BG341","2","0","perc_pop_fig","2019","30.2"
"r_8","BG342","0","0","perc_pop_fig","2019","31.4"
"r_8","BG342","1","0","perc_pop_fig","2019","29.1"
"r_8","BG342","2","0","perc_pop_fig","2019","33.6"
"r_8","BG344","0","0","perc_pop_fig","2019","30.3"
"r_8","BG344","1","0","perc_pop_fig","2019","29.3"
"r_8","BG344","2","0","perc_pop_fig","2019","31.2"
"r_8","BG343","0","0","perc_pop_fig","2019","33.3"
"r_8","BG343","1","0","perc_pop_fig","2019","28"
"r_8","BG343","2","0","perc_pop_fig","2019","38.5"
"r_8","BG41","0","0","perc_pop_fig","2019","27.7"
"r_8","BG41","1","0","perc_pop_fig","2019","25.4"
"r_8","BG41","2","0","perc_pop_fig","2019","29.9"
"r_8","BG413","0","0","perc_pop_fig","2019","23.8"
"r_8","BG413","1","0","perc_pop_fig","2019","23.9"
"r_8","BG413","2","0","perc_pop_fig","2019","23.6"
"r_8","BG415","0","0","perc_pop_fig","2019","32.6"
"r_8","BG415","1","0","perc_pop_fig","2019","28.5"
"r_8","BG415","2","0","perc_pop_fig","2019","36.6"
"r_8","BG414","0","0","perc_pop_fig","2019","25.7"
"r_8","BG414","1","0","perc_pop_fig","2019","23.5"
"r_8","BG414","2","0","perc_pop_fig","2019","27.9"
"r_8","BG412","0","0","perc_pop_fig","2019","24.1"
"r_8","BG412","1","0","perc_pop_fig","2019","20"
"r_8","BG412","2","0","perc_pop_fig","2019","28"
"r_8","BG411","0","0","perc_pop_fig","2019","23.9"
"r_8","BG411","1","0","perc_pop_fig","2019","21.8"
"r_8","BG411","2","0","perc_pop_fig","2019","25.8"
"r_8","BG42","0","0","perc_pop_fig","2019","29"
"r_8","BG42","1","0","perc_pop_fig","2019","28.2"
"r_8","BG42","2","0","perc_pop_fig","2019","29.8"
"r_8","BG425","0","0","perc_pop_fig","2019","29.4"
"r_8","BG425","1","0","perc_pop_fig","2019","27.5"
"r_8","BG425","2","0","perc_pop_fig","2019","31.2"
"r_8","BG423","0","0","perc_pop_fig","2019","28.1"
"r_8","BG423","1","0","perc_pop_fig","2019","28.4"
"r_8","BG423","2","0","perc_pop_fig","2019","27.8"
"r_8","BG421","0","0","perc_pop_fig","2019","31"
"r_8","BG421","1","0","perc_pop_fig","2019","31.3"
"r_8","BG421","2","0","perc_pop_fig","2019","30.8"
"r_8","BG424","0","0","perc_pop_fig","2019","26.8"
"r_8","BG424","1","0","perc_pop_fig","2019","22.5"
"r_8","BG424","2","0","perc_pop_fig","2019","30.8"
"r_8","BG422","0","0","perc_pop_fig","2019","31.4"
"r_8","BG422","1","0","perc_pop_fig","2019","29.3"
"r_8","BG422","2","0","perc_pop_fig","2019","33.4"
"r_9","BG","0","0","perc_pop_fig","2020","29.9"
"r_9","BG","1","0","perc_pop_fig","2020","27.5"
"r_9","BG","2","0","perc_pop_fig","2020","32.1"
"r_9","BG","0","1","perc_pop_fig","2020","36.5"
"r_9","BG","0","2","perc_pop_fig","2020","23.3"
"r_9","BG","1","2","perc_pop_fig","2020","23.4"
"r_9","BG","2","2","perc_pop_fig","2020","23.3"
"r_9","BG","0","3","perc_pop_fig","2020","43.1"
"r_9","BG","1","3","perc_pop_fig","2020","34.2"
"r_9","BG","2","3","perc_pop_fig","2020","49.1"
"r_9","BG31","0","0","perc_pop_fig","2020","31.4"
"r_9","BG31","1","0","perc_pop_fig","2020","29.1"
"r_9","BG31","2","0","perc_pop_fig","2020","33.5"
"r_9","BG311","0","0","perc_pop_fig","2020","29.1"
"r_9","BG311","1","0","perc_pop_fig","2020","28.8"
"r_9","BG311","2","0","perc_pop_fig","2020","29.3"
"r_9","BG313","0","0","perc_pop_fig","2020","29.6"
"r_9","BG313","1","0","perc_pop_fig","2020","26.3"
"r_9","BG313","2","0","perc_pop_fig","2020","32.9"
"r_9","BG315","0","0","perc_pop_fig","2020","30"
"r_9","BG315","1","0","perc_pop_fig","2020","29.8"
"r_9","BG315","2","0","perc_pop_fig","2020","30.2"
"r_9","BG312","0","0","perc_pop_fig","2020","40.7"
"r_9","BG312","1","0","perc_pop_fig","2020","37.7"
"r_9","BG312","2","0","perc_pop_fig","2020","43.6"
"r_9","BG314","0","0","perc_pop_fig","2020","30.4"
"r_9","BG314","1","0","perc_pop_fig","2020","26.8"
"r_9","BG314","2","0","perc_pop_fig","2020","33.7"
"r_9","BG32","0","0","perc_pop_fig","2020","29"
"r_9","BG32","1","0","perc_pop_fig","2020","26.7"
"r_9","BG32","2","0","perc_pop_fig","2020","31"
"r_9","BG321","0","0","perc_pop_fig","2020","27.4"
"r_9","BG321","1","0","perc_pop_fig","2020","26"
"r_9","BG321","2","0","perc_pop_fig","2020","28.7"
"r_9","BG322","0","0","perc_pop_fig","2020","16.5"
"r_9","BG322","1","0","perc_pop_fig","2020","11.9"
"r_9","BG322","2","0","perc_pop_fig","2020","20.7"
"r_9","BG324","0","0","perc_pop_fig","2020","28.9"
"r_9","BG324","1","0","perc_pop_fig","2020","26.4"
"r_9","BG324","2","0","perc_pop_fig","2020","31.3"
"r_9","BG323","0","0","perc_pop_fig","2020","28.5"
"r_9","BG323","1","0","perc_pop_fig","2020","22.6"
"r_9","BG323","2","0","perc_pop_fig","2020","34"
"r_9","BG325","0","0","perc_pop_fig","2020","36.7"
"r_9","BG325","1","0","perc_pop_fig","2020","39.1"
"r_9","BG325","2","0","perc_pop_fig","2020","34.5"
"r_9","BG33","0","0","perc_pop_fig","2020","26.9"
"r_9","BG33","1","0","perc_pop_fig","2020","24.3"
"r_9","BG33","2","0","perc_pop_fig","2020","29.5"
"r_9","BG331","0","0","perc_pop_fig","2020","30.6"
"r_9","BG331","1","0","perc_pop_fig","2020","26.9"
"r_9","BG331","2","0","perc_pop_fig","2020","34.1"
"r_9","BG332","0","0","perc_pop_fig","2020","27"
"r_9","BG332","1","0","perc_pop_fig","2020","26.1"
"r_9","BG332","2","0","perc_pop_fig","2020","27.9"
"r_9","BG334","0","0","perc_pop_fig","2020","27.8"
"r_9","BG334","1","0","perc_pop_fig","2020","25.6"
"r_9","BG334","2","0","perc_pop_fig","2020","29.9"
"r_9","BG333","0","0","perc_pop_fig","2020","24.6"
"r_9","BG333","1","0","perc_pop_fig","2020","21.1"
"r_9","BG333","2","0","perc_pop_fig","2020","27.9"
"r_9","BG34","0","0","perc_pop_fig","2020","32.3"
"r_9","BG34","1","0","perc_pop_fig","2020","28.9"
"r_9","BG34","2","0","perc_pop_fig","2020","35.4"
"r_9","BG341","0","0","perc_pop_fig","2020","32.9"
"r_9","BG341","1","0","perc_pop_fig","2020","29.9"
"r_9","BG341","2","0","perc_pop_fig","2020","35.8"
"r_9","BG342","0","0","perc_pop_fig","2020","35.7"
"r_9","BG342","1","0","perc_pop_fig","2020","34.4"
"r_9","BG342","2","0","perc_pop_fig","2020","37"
"r_9","BG344","0","0","perc_pop_fig","2020","30.6"
"r_9","BG344","1","0","perc_pop_fig","2020","27.5"
"r_9","BG344","2","0","perc_pop_fig","2020","33.5"
"r_9","BG343","0","0","perc_pop_fig","2020","31.8"
"r_9","BG343","1","0","perc_pop_fig","2020","26.2"
"r_9","BG343","2","0","perc_pop_fig","2020","37.2"
"r_9","BG41","0","0","perc_pop_fig","2020","27.8"
"r_9","BG41","1","0","perc_pop_fig","2020","25.1"
"r_9","BG41","2","0","perc_pop_fig","2020","30.4"
"r_9","BG413","0","0","perc_pop_fig","2020","26.1"
"r_9","BG413","1","0","perc_pop_fig","2020","26.1"
"r_9","BG413","2","0","perc_pop_fig","2020","26.1"
"r_9","BG415","0","0","perc_pop_fig","2020","30.6"
"r_9","BG415","1","0","perc_pop_fig","2020","23.7"
"r_9","BG415","2","0","perc_pop_fig","2020","37.1"
"r_9","BG414","0","0","perc_pop_fig","2020","28.4"
"r_9","BG414","1","0","perc_pop_fig","2020","24.2"
"r_9","BG414","2","0","perc_pop_fig","2020","32.4"
"r_9","BG412","0","0","perc_pop_fig","2020","32.1"
"r_9","BG412","1","0","perc_pop_fig","2020","28.6"
"r_9","BG412","2","0","perc_pop_fig","2020","35.5"
"r_9","BG411","0","0","perc_pop_fig","2020","27.3"
"r_9","BG411","1","0","perc_pop_fig","2020","23.8"
"r_9","BG411","2","0","perc_pop_fig","2020","30.6"
"r_9","BG42","0","0","perc_pop_fig","2020","32.3"
"r_9","BG42","1","0","perc_pop_fig","2020","31.1"
"r_9","BG42","2","0","perc_pop_fig","2020","33.3"
"r_9","BG425","0","0","perc_pop_fig","2020","24.8"
"r_9","BG425","1","0","perc_pop_fig","2020","20.1"
"r_9","BG425","2","0","perc_pop_fig","2020","29.3"
"r_9","BG423","0","0","perc_pop_fig","2020","30.1"
"r_9","BG423","1","0","perc_pop_fig","2020","29.5"
"r_9","BG423","2","0","perc_pop_fig","2020","30.7"
"r_9","BG421","0","0","perc_pop_fig","2020","31.7"
"r_9","BG421","1","0","perc_pop_fig","2020","31.8"
"r_9","BG421","2","0","perc_pop_fig","2020","31.6"
"r_9","BG424","0","0","perc_pop_fig","2020","30.4"
"r_9","BG424","1","0","perc_pop_fig","2020","26.6"
"r_9","BG424","2","0","perc_pop_fig","2020","33.9"
"r_9","BG422","0","0","perc_pop_fig","2020","31.7"
"r_9","BG422","1","0","perc_pop_fig","2020","31.3"
"r_9","BG422","2","0","perc_pop_fig","2020","32.1"
"r_10","BG","0","0","perc_pop_fig","2021","31.5"
"r_10","BG","1","0","perc_pop_fig","2021","29"
"r_10","BG","2","0","perc_pop_fig","2021","33.8"
"r_10","BG","0","1","perc_pop_fig","2021","39.1"
"r_10","BG","0","2","perc_pop_fig","2021","26.1"
"r_10","BG","1","2","perc_pop_fig","2021","26.3"
"r_10","BG","2","2","perc_pop_fig","2021","26"
"r_10","BG","0","3","perc_pop_fig","2021","40.3"
"r_10","BG","1","3","perc_pop_fig","2021","31.4"
"r_10","BG","2","3","perc_pop_fig","2021","46.2"
"r_10","BG31","0","0","perc_pop_fig","2021","33.9"
"r_10","BG31","1","0","perc_pop_fig","2021","30.9"
"r_10","BG31","2","0","perc_pop_fig","2021","36.7"
"r_10","BG311","0","0","perc_pop_fig","2021","25.7"
"r_10","BG311","1","0","perc_pop_fig","2021","26.4"
"r_10","BG311","2","0","perc_pop_fig","2021","25.1"
"r_10","BG313","0","0","perc_pop_fig","2021","34"
"r_10","BG313","1","0","perc_pop_fig","2021","31.2"
"r_10","BG313","2","0","perc_pop_fig","2021","36.8"
"r_10","BG315","0","0","perc_pop_fig","2021","38.8"
"r_10","BG315","1","0","perc_pop_fig","2021","38.1"
"r_10","BG315","2","0","perc_pop_fig","2021","39.4"
"r_10","BG312","0","0","perc_pop_fig","2021","36.7"
"r_10","BG312","1","0","perc_pop_fig","2021","31.5"
"r_10","BG312","2","0","perc_pop_fig","2021","41.7"
"r_10","BG314","0","0","perc_pop_fig","2021","32.3"
"r_10","BG314","1","0","perc_pop_fig","2021","29.1"
"r_10","BG314","2","0","perc_pop_fig","2021","35.2"
"r_10","BG32","0","0","perc_pop_fig","2021","30.6"
"r_10","BG32","1","0","perc_pop_fig","2021","27.3"
"r_10","BG32","2","0","perc_pop_fig","2021","33.7"
"r_10","BG321","0","0","perc_pop_fig","2021","29.6"
"r_10","BG321","1","0","perc_pop_fig","2021","28"
"r_10","BG321","2","0","perc_pop_fig","2021","31.2"
"r_10","BG322","0","0","perc_pop_fig","2021","21.2"
"r_10","BG322","1","0","perc_pop_fig","2021","18.9"
"r_10","BG322","2","0","perc_pop_fig","2021","23.4"
"r_10","BG324","0","0","perc_pop_fig","2021","35.6"
"r_10","BG324","1","0","perc_pop_fig","2021","34"
"r_10","BG324","2","0","perc_pop_fig","2021","37.1"
"r_10","BG323","0","0","perc_pop_fig","2021","33.3"
"r_10","BG323","1","0","perc_pop_fig","2021","26.8"
"r_10","BG323","2","0","perc_pop_fig","2021","39.4"
"r_10","BG325","0","0","perc_pop_fig","2021","29.5"
"r_10","BG325","1","0","perc_pop_fig","2021","32"
"r_10","BG325","2","0","perc_pop_fig","2021","27"
"r_10","BG33","0","0","perc_pop_fig","2021","28.1"
"r_10","BG33","1","0","perc_pop_fig","2021","25.1"
"r_10","BG33","2","0","perc_pop_fig","2021","30.9"
"r_10","BG331","0","0","perc_pop_fig","2021","27.9"
"r_10","BG331","1","0","perc_pop_fig","2021","23.8"
"r_10","BG331","2","0","perc_pop_fig","2021","31.8"
"r_10","BG332","0","0","perc_pop_fig","2021","24.5"
"r_10","BG332","1","0","perc_pop_fig","2021","21.8"
"r_10","BG332","2","0","perc_pop_fig","2021","26.9"
"r_10","BG334","0","0","perc_pop_fig","2021","31.1"
"r_10","BG334","1","0","perc_pop_fig","2021","27.8"
"r_10","BG334","2","0","perc_pop_fig","2021","34.1"
"r_10","BG333","0","0","perc_pop_fig","2021","32.8"
"r_10","BG333","1","0","perc_pop_fig","2021","32.3"
"r_10","BG333","2","0","perc_pop_fig","2021","33.2"
"r_10","BG34","0","0","perc_pop_fig","2021","33.1"
"r_10","BG34","1","0","perc_pop_fig","2021","30.1"
"r_10","BG34","2","0","perc_pop_fig","2021","35.9"
"r_10","BG341","0","0","perc_pop_fig","2021","34.2"
"r_10","BG341","1","0","perc_pop_fig","2021","32.1"
"r_10","BG341","2","0","perc_pop_fig","2021","36"
"r_10","BG342","0","0","perc_pop_fig","2021","31.5"
"r_10","BG342","1","0","perc_pop_fig","2021","28"
"r_10","BG342","2","0","perc_pop_fig","2021","34.7"
"r_10","BG344","0","0","perc_pop_fig","2021","34.8"
"r_10","BG344","1","0","perc_pop_fig","2021","32"
"r_10","BG344","2","0","perc_pop_fig","2021","37.4"
"r_10","BG343","0","0","perc_pop_fig","2021","28.4"
"r_10","BG343","1","0","perc_pop_fig","2021","21.5"
"r_10","BG343","2","0","perc_pop_fig","2021","35"
"r_10","BG41","0","0","perc_pop_fig","2021","29.7"
"r_10","BG41","1","0","perc_pop_fig","2021","26.8"
"r_10","BG41","2","0","perc_pop_fig","2021","32.4"
"r_10","BG413","0","0","perc_pop_fig","2021","25"
"r_10","BG413","1","0","perc_pop_fig","2021","22.7"
"r_10","BG413","2","0","perc_pop_fig","2021","27.1"
"r_10","BG415","0","0","perc_pop_fig","2021","29.9"
"r_10","BG415","1","0","perc_pop_fig","2021","23.5"
"r_10","BG415","2","0","perc_pop_fig","2021","36"
"r_10","BG414","0","0","perc_pop_fig","2021","31.5"
"r_10","BG414","1","0","perc_pop_fig","2021","27.9"
"r_10","BG414","2","0","perc_pop_fig","2021","35"
"r_10","BG412","0","0","perc_pop_fig","2021","38.1"
"r_10","BG412","1","0","perc_pop_fig","2021","36"
"r_10","BG412","2","0","perc_pop_fig","2021","40.1"
"r_10","BG411","0","0","perc_pop_fig","2021","28.4"
"r_10","BG411","1","0","perc_pop_fig","2021","24.9"
"r_10","BG411","2","0","perc_pop_fig","2021","31.6"
"r_10","BG42","0","0","perc_pop_fig","2021","30.2"
"r_10","BG42","1","0","perc_pop_fig","2021","29.8"
"r_10","BG42","2","0","perc_pop_fig","2021","30.7"
"r_10","BG425","0","0","perc_pop_fig","2021","24.4"
"r_10","BG425","1","0","perc_pop_fig","2021","22.6"
"r_10","BG425","2","0","perc_pop_fig","2021","26.2"
"r_10","BG423","0","0","perc_pop_fig","2021","32.2"
"r_10","BG423","1","0","perc_pop_fig","2021","33.1"
"r_10","BG423","2","0","perc_pop_fig","2021","31.3"
"r_10","BG421","0","0","perc_pop_fig","2021","30.9"
"r_10","BG421","1","0","perc_pop_fig","2021","31.1"
"r_10","BG421","2","0","perc_pop_fig","2021","30.7"
"r_10","BG424","0","0","perc_pop_fig","2021","30.5"
"r_10","BG424","1","0","perc_pop_fig","2021","27.5"
"r_10","BG424","2","0","perc_pop_fig","2021","33.3"
"r_10","BG422","0","0","perc_pop_fig","2021","27.9"
"r_10","BG422","1","0","perc_pop_fig","2021","26.5"
"r_10","BG422","2","0","perc_pop_fig","2021","29.2"
"r_11","BG","0","0","perc_pop_fig","2022","30.3"
"r_11","BG","1","0","perc_pop_fig","2022","27.1"
"r_11","BG","2","0","perc_pop_fig","2022","33.4"
"r_11","BG","0","1","perc_pop_fig","2022","37.4"
"r_11","BG","0","2","perc_pop_fig","2022","25.5"
"r_11","BG","1","2","perc_pop_fig","2022","25.1"
"r_11","BG","2","2","perc_pop_fig","2022","25.9"
"r_11","BG","0","3","perc_pop_fig","2022","38"
"r_11","BG","1","3","perc_pop_fig","2022","25.8"
"r_11","BG","2","3","perc_pop_fig","2022","46"
"r_11","BG31","0","0","perc_pop_fig","2022","30.3"
"r_11","BG31","1","0","perc_pop_fig","2022","27.8"
"r_11","BG31","2","0","perc_pop_fig","2022","32.7"
"r_11","BG311","0","0","perc_pop_fig","2022","23.1"
"r_11","BG311","1","0","perc_pop_fig","2022","25.3"
"r_11","BG311","2","0","perc_pop_fig","2022","21"
"r_11","BG313","0","0","perc_pop_fig","2022","30.7"
"r_11","BG313","1","0","perc_pop_fig","2022","28.5"
"r_11","BG313","2","0","perc_pop_fig","2022","32.9"
"r_11","BG315","0","0","perc_pop_fig","2022","39.8"
"r_11","BG315","1","0","perc_pop_fig","2022","40.4"
"r_11","BG315","2","0","perc_pop_fig","2022","39.3"
"r_11","BG312","0","0","perc_pop_fig","2022","33.9"
"r_11","BG312","1","0","perc_pop_fig","2022","30.5"
"r_11","BG312","2","0","perc_pop_fig","2022","37.2"
"r_11","BG314","0","0","perc_pop_fig","2022","27.3"
"r_11","BG314","1","0","perc_pop_fig","2022","23.1"
"r_11","BG314","2","0","perc_pop_fig","2022","31.2"
"r_11","BG32","0","0","perc_pop_fig","2022","26.4"
"r_11","BG32","1","0","perc_pop_fig","2022","24.2"
"r_11","BG32","2","0","perc_pop_fig","2022","28.5"
"r_11","BG321","0","0","perc_pop_fig","2022","24.6"
"r_11","BG321","1","0","perc_pop_fig","2022","22.4"
"r_11","BG321","2","0","perc_pop_fig","2022","26.6"
"r_11","BG322","0","0","perc_pop_fig","2022","27"
"r_11","BG322","1","0","perc_pop_fig","2022","25.7"
"r_11","BG322","2","0","perc_pop_fig","2022","28.3"
"r_11","BG324","0","0","perc_pop_fig","2022","29.5"
"r_11","BG324","1","0","perc_pop_fig","2022","26.5"
"r_11","BG324","2","0","perc_pop_fig","2022","32.3"
"r_11","BG323","0","0","perc_pop_fig","2022","33.9"
"r_11","BG323","1","0","perc_pop_fig","2022","30.4"
"r_11","BG323","2","0","perc_pop_fig","2022","37.2"
"r_11","BG325","0","0","perc_pop_fig","2022","29.4"
"r_11","BG325","1","0","perc_pop_fig","2022","32.1"
"r_11","BG325","2","0","perc_pop_fig","2022","26.9"
"r_11","BG33","0","0","perc_pop_fig","2022","28.6"
"r_11","BG33","1","0","perc_pop_fig","2022","26.1"
"r_11","BG33","2","0","perc_pop_fig","2022","30.9"
"r_11","BG331","0","0","perc_pop_fig","2022","25.7"
"r_11","BG331","1","0","perc_pop_fig","2022","23.2"
"r_11","BG331","2","0","perc_pop_fig","2022","28.1"
"r_11","BG332","0","0","perc_pop_fig","2022","32.3"
"r_11","BG332","1","0","perc_pop_fig","2022","30.7"
"r_11","BG332","2","0","perc_pop_fig","2022","33.8"
"r_11","BG334","0","0","perc_pop_fig","2022","37"
"r_11","BG334","1","0","perc_pop_fig","2022","34"
"r_11","BG334","2","0","perc_pop_fig","2022","39.9"
"r_11","BG333","0","0","perc_pop_fig","2022","22.2"
"r_11","BG333","1","0","perc_pop_fig","2022","18.8"
"r_11","BG333","2","0","perc_pop_fig","2022","25.4"
"r_11","BG34","0","0","perc_pop_fig","2022","30.5"
"r_11","BG34","1","0","perc_pop_fig","2022","27.9"
"r_11","BG34","2","0","perc_pop_fig","2022","32.9"
"r_11","BG341","0","0","perc_pop_fig","2022","26.5"
"r_11","BG341","1","0","perc_pop_fig","2022","26.7"
"r_11","BG341","2","0","perc_pop_fig","2022","26.3"
"r_11","BG342","0","0","perc_pop_fig","2022","28.2"
"r_11","BG342","1","0","perc_pop_fig","2022","22.6"
"r_11","BG342","2","0","perc_pop_fig","2022","33.5"
"r_11","BG344","0","0","perc_pop_fig","2022","40"
"r_11","BG344","1","0","perc_pop_fig","2022","37.4"
"r_11","BG344","2","0","perc_pop_fig","2022","42.4"
"r_11","BG343","0","0","perc_pop_fig","2022","32.6"
"r_11","BG343","1","0","perc_pop_fig","2022","22"
"r_11","BG343","2","0","perc_pop_fig","2022","42.7"
"r_11","BG41","0","0","perc_pop_fig","2022","29.1"
"r_11","BG41","1","0","perc_pop_fig","2022","24.4"
"r_11","BG41","2","0","perc_pop_fig","2022","33.6"
"r_11","BG413","0","0","perc_pop_fig","2022","27.7"
"r_11","BG413","1","0","perc_pop_fig","2022","24.5"
"r_11","BG413","2","0","perc_pop_fig","2022","30.7"
"r_11","BG415","0","0","perc_pop_fig","2022","30"
"r_11","BG415","1","0","perc_pop_fig","2022","23.1"
"r_11","BG415","2","0","perc_pop_fig","2022","36.5"
"r_11","BG414","0","0","perc_pop_fig","2022","28.7"
"r_11","BG414","1","0","perc_pop_fig","2022","24.5"
"r_11","BG414","2","0","perc_pop_fig","2022","32.7"
"r_11","BG412","0","0","perc_pop_fig","2022","29.3"
"r_11","BG412","1","0","perc_pop_fig","2022","23.6"
"r_11","BG412","2","0","perc_pop_fig","2022","34.8"
"r_11","BG411","0","0","perc_pop_fig","2022","29.6"
"r_11","BG411","1","0","perc_pop_fig","2022","25.4"
"r_11","BG411","2","0","perc_pop_fig","2022","33.6"
"r_11","BG42","0","0","perc_pop_fig","2022","28.7"
"r_11","BG42","1","0","perc_pop_fig","2022","25.1"
"r_11","BG42","2","0","perc_pop_fig","2022","32.2"
"r_11","BG425","0","0","perc_pop_fig","2022","28.4"
"r_11","BG425","1","0","perc_pop_fig","2022","27.4"
"r_11","BG425","2","0","perc_pop_fig","2022","29.5"
"r_11","BG423","0","0","perc_pop_fig","2022","27.5"
"r_11","BG423","1","0","perc_pop_fig","2022","25.5"
"r_11","BG423","2","0","perc_pop_fig","2022","29.5"
"r_11","BG421","0","0","perc_pop_fig","2022","28.6"
"r_11","BG421","1","0","perc_pop_fig","2022","24"
"r_11","BG421","2","0","perc_pop_fig","2022","32.9"
"r_11","BG424","0","0","perc_pop_fig","2022","26.7"
"r_11","BG424","1","0","perc_pop_fig","2022","25"
"r_11","BG424","2","0","perc_pop_fig","2022","28.4"
"r_11","BG422","0","0","perc_pop_fig","2022","32.8"
"r_11","BG422","1","0","perc_pop_fig","2022","26.8"
"r_11","BG422","2","0","perc_pop_fig","2022","38.4"
"r_12","BG","0","0","perc_pop_fig","2023","28.5"
"r_12","BG","1","0","perc_pop_fig","2023","27.2"
"r_12","BG","2","0","perc_pop_fig","2023","29.8"
"r_12","BG","0","1","perc_pop_fig","2023","37"
"r_12","BG","0","2","perc_pop_fig","2023","25.6"
"r_12","BG","1","2","perc_pop_fig","2023","25.8"
"r_12","BG","2","2","perc_pop_fig","2023","25.2"
"r_12","BG","0","3","perc_pop_fig","2023","29.8"
"r_12","BG","1","3","perc_pop_fig","2023","22.9"
"r_12","BG","2","3","perc_pop_fig","2023","34.3"
"r_12","BG31","0","0","perc_pop_fig","2023","28"
"r_12","BG31","1","0","perc_pop_fig","2023","29"
"r_12","BG31","2","0","perc_pop_fig","2023","27.1"
"r_12","BG311","0","0","perc_pop_fig","2023","25.4"
"r_12","BG311","1","0","perc_pop_fig","2023","27.6"
"r_12","BG311","2","0","perc_pop_fig","2023","23.4"
"r_12","BG313","0","0","perc_pop_fig","2023","30.8"
"r_12","BG313","1","0","perc_pop_fig","2023","30.4"
"r_12","BG313","2","0","perc_pop_fig","2023","31.2"
"r_12","BG315","0","0","perc_pop_fig","2023","31.9"
"r_12","BG315","1","0","perc_pop_fig","2023","33.6"
"r_12","BG315","2","0","perc_pop_fig","2023","30.2"
"r_12","BG312","0","0","perc_pop_fig","2023","29.5"
"r_12","BG312","1","0","perc_pop_fig","2023","28.9"
"r_12","BG312","2","0","perc_pop_fig","2023","30"
"r_12","BG314","0","0","perc_pop_fig","2023","25"
"r_12","BG314","1","0","perc_pop_fig","2023","23.4"
"r_12","BG314","2","0","perc_pop_fig","2023","26.4"
"r_12","BG32","0","0","perc_pop_fig","2023","25.3"
"r_12","BG32","1","0","perc_pop_fig","2023","27"
"r_12","BG32","2","0","perc_pop_fig","2023","23.8"
"r_12","BG321","0","0","perc_pop_fig","2023","24.6"
"r_12","BG321","1","0","perc_pop_fig","2023","25.8"
"r_12","BG321","2","0","perc_pop_fig","2023","23.4"
"r_12","BG322","0","0","perc_pop_fig","2023","18.7"
"r_12","BG322","1","0","perc_pop_fig","2023","20.9"
"r_12","BG322","2","0","perc_pop_fig","2023","16.7"
"r_12","BG324","0","0","perc_pop_fig","2023","28.5"
"r_12","BG324","1","0","perc_pop_fig","2023","29.2"
"r_12","BG324","2","0","perc_pop_fig","2023","27.9"
"r_12","BG323","0","0","perc_pop_fig","2023","29.6"
"r_12","BG323","1","0","perc_pop_fig","2023","27.7"
"r_12","BG323","2","0","perc_pop_fig","2023","31.4"
"r_12","BG325","0","0","perc_pop_fig","2023","22.6"
"r_12","BG325","1","0","perc_pop_fig","2023","26.7"
"r_12","BG325","2","0","perc_pop_fig","2023","18.7"
"r_12","BG33","0","0","perc_pop_fig","2023","25.3"
"r_12","BG33","1","0","perc_pop_fig","2023","24.1"
"r_12","BG33","2","0","perc_pop_fig","2023","26.4"
"r_12","BG331","0","0","perc_pop_fig","2023","26.7"
"r_12","BG331","1","0","perc_pop_fig","2023","24.8"
"r_12","BG331","2","0","perc_pop_fig","2023","28.5"
"r_12","BG332","0","0","perc_pop_fig","2023","28.4"
"r_12","BG332","1","0","perc_pop_fig","2023","30"
"r_12","BG332","2","0","perc_pop_fig","2023","26.8"
"r_12","BG334","0","0","perc_pop_fig","2023","27.4"
"r_12","BG334","1","0","perc_pop_fig","2023","24"
"r_12","BG334","2","0","perc_pop_fig","2023","30.6"
"r_12","BG333","0","0","perc_pop_fig","2023","18.2"
"r_12","BG333","1","0","perc_pop_fig","2023","22.4"
"r_12","BG333","2","0","perc_pop_fig","2023","14.2"
"r_12","BG34","0","0","perc_pop_fig","2023","28.1"
"r_12","BG34","1","0","perc_pop_fig","2023","26.5"
"r_12","BG34","2","0","perc_pop_fig","2023","29.7"
"r_12","BG341","0","0","perc_pop_fig","2023","25"
"r_12","BG341","1","0","perc_pop_fig","2023","24.8"
"r_12","BG341","2","0","perc_pop_fig","2023","25.2"
"r_12","BG342","0","0","perc_pop_fig","2023","22.3"
"r_12","BG342","1","0","perc_pop_fig","2023","21"
"r_12","BG342","2","0","perc_pop_fig","2023","23.5"
"r_12","BG344","0","0","perc_pop_fig","2023","33.6"
"r_12","BG344","1","0","perc_pop_fig","2023","31.6"
"r_12","BG344","2","0","perc_pop_fig","2023","35.4"
"r_12","BG343","0","0","perc_pop_fig","2023","19"
"r_12","BG343","1","0","perc_pop_fig","2023","18.3"
"r_12","BG343","2","0","perc_pop_fig","2023","19.7"
"r_12","BG41","0","0","perc_pop_fig","2023","30.6"
"r_12","BG41","1","0","perc_pop_fig","2023","28"
"r_12","BG41","2","0","perc_pop_fig","2023","32.9"
"r_12","BG413","0","0","perc_pop_fig","2023","26.7"
"r_12","BG413","1","0","perc_pop_fig","2023","24.6"
"r_12","BG413","2","0","perc_pop_fig","2023","28.7"
"r_12","BG415","0","0","perc_pop_fig","2023","31.3"
"r_12","BG415","1","0","perc_pop_fig","2023","27.3"
"r_12","BG415","2","0","perc_pop_fig","2023","34.9"
"r_12","BG414","0","0","perc_pop_fig","2023","32"
"r_12","BG414","1","0","perc_pop_fig","2023","27.8"
"r_12","BG414","2","0","perc_pop_fig","2023","35.8"
"r_12","BG412","0","0","perc_pop_fig","2023","26.6"
"r_12","BG412","1","0","perc_pop_fig","2023","27.2"
"r_12","BG412","2","0","perc_pop_fig","2023","25.9"
"r_12","BG411","0","0","perc_pop_fig","2023","26.7"
"r_12","BG411","1","0","perc_pop_fig","2023","23.5"
"r_12","BG411","2","0","perc_pop_fig","2023","29.6"
"r_12","BG42","0","0","perc_pop_fig","2023","25.4"
"r_12","BG42","1","0","perc_pop_fig","2023","26.2"
"r_12","BG42","2","0","perc_pop_fig","2023","24.7"
"r_12","BG425","0","0","perc_pop_fig","2023","20.8"
"r_12","BG425","1","0","perc_pop_fig","2023","20"
"r_12","BG425","2","0","perc_pop_fig","2023","21.4"
"r_12","BG423","0","0","perc_pop_fig","2023","29.3"
"r_12","BG423","1","0","perc_pop_fig","2023","30.6"
"r_12","BG423","2","0","perc_pop_fig","2023","28.1"
"r_12","BG421","0","0","perc_pop_fig","2023","27.9"
"r_12","BG421","1","0","perc_pop_fig","2023","29.6"
"r_12","BG421","2","0","perc_pop_fig","2023","26.3"
"r_12","BG424","0","0","perc_pop_fig","2023","23.4"
"r_12","BG424","1","0","perc_pop_fig","2023","24.5"
"r_12","BG424","2","0","perc_pop_fig","2023","22.4"
"r_12","BG422","0","0","perc_pop_fig","2023","24.2"
"r_12","BG422","1","0","perc_pop_fig","2023","21.2"
"r_12","BG422","2","0","perc_pop_fig","2023","27"
"r_13","BG","0","0","perc_pop_fig","2024","30"
"r_13","BG","1","0","perc_pop_fig","2024","28.8"
"r_13","BG","2","0","perc_pop_fig","2024","31.1"
"r_13","BG","0","1","perc_pop_fig","2024","39.1"
"r_13","BG","0","2","perc_pop_fig","2024","26.4"
"r_13","BG","1","2","perc_pop_fig","2024","26.7"
"r_13","BG","2","2","perc_pop_fig","2024","26.1"
"r_13","BG","0","3","perc_pop_fig","2024","32.1"
"r_13","BG","1","3","perc_pop_fig","2024","25.3"
"r_13","BG","2","3","perc_pop_fig","2024","36.5"
"r_13","BG31","0","0","perc_pop_fig","2024","28.8"
"r_13","BG31","1","0","perc_pop_fig","2024","30.2"
"r_13","BG31","2","0","perc_pop_fig","2024","27.5"
"r_13","BG311","0","0","perc_pop_fig","2024","32.1"
"r_13","BG311","1","0","perc_pop_fig","2024","39.9"
"r_13","BG311","2","0","perc_pop_fig","2024","25"
"r_13","BG313","0","0","perc_pop_fig","2024","28.3"
"r_13","BG313","1","0","perc_pop_fig","2024","26.9"
"r_13","BG313","2","0","perc_pop_fig","2024","29.7"
"r_13","BG315","0","0","perc_pop_fig","2024","29.5"
"r_13","BG315","1","0","perc_pop_fig","2024","30"
"r_13","BG315","2","0","perc_pop_fig","2024","29"
"r_13","BG312","0","0","perc_pop_fig","2024","26.6"
"r_13","BG312","1","0","perc_pop_fig","2024","26.9"
"r_13","BG312","2","0","perc_pop_fig","2024","26.4"
"r_13","BG314","0","0","perc_pop_fig","2024","24.3"
"r_13","BG314","1","0","perc_pop_fig","2024","25.7"
"r_13","BG314","2","0","perc_pop_fig","2024","23"
"r_13","BG32","0","0","perc_pop_fig","2024","24.9"
"r_13","BG32","1","0","perc_pop_fig","2024","24.5"
"r_13","BG32","2","0","perc_pop_fig","2024","25.2"
"r_13","BG321","0","0","perc_pop_fig","2024","21.2"
"r_13","BG321","1","0","perc_pop_fig","2024","20.8"
"r_13","BG321","2","0","perc_pop_fig","2024","21.6"
"r_13","BG322","0","0","perc_pop_fig","2024","18.7"
"r_13","BG322","1","0","perc_pop_fig","2024","21.5"
"r_13","BG322","2","0","perc_pop_fig","2024","16.1"
"r_13","BG324","0","0","perc_pop_fig","2024","33.9"
"r_13","BG324","1","0","perc_pop_fig","2024","33.6"
"r_13","BG324","2","0","perc_pop_fig","2024","34.2"
"r_13","BG323","0","0","perc_pop_fig","2024","23.9"
"r_13","BG323","1","0","perc_pop_fig","2024","20.3"
"r_13","BG323","2","0","perc_pop_fig","2024","27.1"
"r_13","BG325","0","0","perc_pop_fig","2024","23.5"
"r_13","BG325","1","0","perc_pop_fig","2024","25.5"
"r_13","BG325","2","0","perc_pop_fig","2024","21.6"
"r_13","BG33","0","0","perc_pop_fig","2024","27.2"
"r_13","BG33","1","0","perc_pop_fig","2024","27.1"
"r_13","BG33","2","0","perc_pop_fig","2024","27.4"
"r_13","BG331","0","0","perc_pop_fig","2024","27.6"
"r_13","BG331","1","0","perc_pop_fig","2024","25.8"
"r_13","BG331","2","0","perc_pop_fig","2024","29.2"
"r_13","BG332","0","0","perc_pop_fig","2024","25.4"
"r_13","BG332","1","0","perc_pop_fig","2024","28"
"r_13","BG332","2","0","perc_pop_fig","2024","23"
"r_13","BG334","0","0","perc_pop_fig","2024","29.8"
"r_13","BG334","1","0","perc_pop_fig","2024","30.2"
"r_13","BG334","2","0","perc_pop_fig","2024","29.3"
"r_13","BG333","0","0","perc_pop_fig","2024","21.7"
"r_13","BG333","1","0","perc_pop_fig","2024","24.6"
"r_13","BG333","2","0","perc_pop_fig","2024","19"
"r_13","BG34","0","0","perc_pop_fig","2024","30.4"
"r_13","BG34","1","0","perc_pop_fig","2024","29"
"r_13","BG34","2","0","perc_pop_fig","2024","31.8"
"r_13","BG341","0","0","perc_pop_fig","2024","26.5"
"r_13","BG341","1","0","perc_pop_fig","2024","27.3"
"r_13","BG341","2","0","perc_pop_fig","2024","25.7"
"r_13","BG342","0","0","perc_pop_fig","2024","30.8"
"r_13","BG342","1","0","perc_pop_fig","2024","30"
"r_13","BG342","2","0","perc_pop_fig","2024","31.6"
"r_13","BG344","0","0","perc_pop_fig","2024","32.8"
"r_13","BG344","1","0","perc_pop_fig","2024","30.6"
"r_13","BG344","2","0","perc_pop_fig","2024","34.9"
"r_13","BG343","0","0","perc_pop_fig","2024","22.8"
"r_13","BG343","1","0","perc_pop_fig","2024","20.2"
"r_13","BG343","2","0","perc_pop_fig","2024","25.3"
"r_13","BG41","0","0","perc_pop_fig","2024","28.3"
"r_13","BG41","1","0","perc_pop_fig","2024","24.8"
"r_13","BG41","2","0","perc_pop_fig","2024","31.6"
"r_13","BG413","0","0","perc_pop_fig","2024","29.5"
"r_13","BG413","1","0","perc_pop_fig","2024","26"
"r_13","BG413","2","0","perc_pop_fig","2024","32.9"
"r_13","BG415","0","0","perc_pop_fig","2024","27"
"r_13","BG415","1","0","perc_pop_fig","2024","26.1"
"r_13","BG415","2","0","perc_pop_fig","2024","27.8"
"r_13","BG414","0","0","perc_pop_fig","2024","35.1"
"r_13","BG414","1","0","perc_pop_fig","2024","29.9"
"r_13","BG414","2","0","perc_pop_fig","2024","39.8"
"r_13","BG412","0","0","perc_pop_fig","2024","27.6"
"r_13","BG412","1","0","perc_pop_fig","2024","26"
"r_13","BG412","2","0","perc_pop_fig","2024","29.1"
"r_13","BG411","0","0","perc_pop_fig","2024","26.5"
"r_13","BG411","1","0","perc_pop_fig","2024","22.5"
"r_13","BG411","2","0","perc_pop_fig","2024","30.2"
"r_13","BG42","0","0","perc_pop_fig","2024","26.3"
"r_13","BG42","1","0","perc_pop_fig","2024","26.9"
"r_13","BG42","2","0","perc_pop_fig","2024","25.8"
"r_13","BG425","0","0","perc_pop_fig","2024","26.1"
"r_13","BG425","1","0","perc_pop_fig","2024","26.3"
"r_13","BG425","2","0","perc_pop_fig","2024","25.9"
"r_13","BG423","0","0","perc_pop_fig","2024","29.7"
"r_13","BG423","1","0","perc_pop_fig","2024","31.7"
"r_13","BG423","2","0","perc_pop_fig","2024","27.9"
"r_13","BG421","0","0","perc_pop_fig","2024","30.5"
"r_13","BG421","1","0","perc_pop_fig","2024","30.3"
"r_13","BG421","2","0","perc_pop_fig","2024","30.7"
"r_13","BG424","0","0","perc_pop_fig","2024","26.1"
"r_13","BG424","1","0","perc_pop_fig","2024","27.7"
"r_13","BG424","2","0","perc_pop_fig","2024","24.6"
"r_13","BG422","0","0","perc_pop_fig","2024","23.8"
"r_13","BG422","1","0","perc_pop_fig","2024","21.4"
"r_13","BG422","2","0","perc_pop_fig","2024","26"