RevisionColumn,NKPD2011_CLS,Units,periods,GenderID,ValueColumn
"r_2","total","1000cp","2011Q1","0","2904.4"
"r_2","total","1000cp","2011Q1","1","1538.6"
"r_2","total","1000cp","2011Q1","2","1365.9"
"r_2","total","1000cp","2011Q2","0","2946"
"r_2","total","1000cp","2011Q2","1","1560.7"
"r_2","total","1000cp","2011Q2","2","1385.3"
"r_2","total","1000cp","2011Q3","0","3036.5"
"r_2","total","1000cp","2011Q3","1","1610.3"
"r_2","total","1000cp","2011Q3","2","1426.2"
"r_2","total","1000cp","2011Q4","0","2973.8"
"r_2","total","1000cp","2011Q4","1","1558.7"
"r_2","total","1000cp","2011Q4","2","1415.1"
"r_2","total","1000cp","2012Q1","0","2853.2"
"r_2","total","1000cp","2012Q1","1","1492.5"
"r_2","total","1000cp","2012Q1","2","1360.7"
"r_2","total","1000cp","2012Q2","0","2913.7"
"r_2","total","1000cp","2012Q2","1","1528.7"
"r_2","total","1000cp","2012Q2","2","1385"
"r_2","total","1000cp","2012Q3","0","3017.1"
"r_2","total","1000cp","2012Q3","1","1584.6"
"r_2","total","1000cp","2012Q3","2","1432.5"
"r_2","total","1000cp","2012Q4","0","2951.8"
"r_2","total","1000cp","2012Q4","1","1560.9"
"r_2","total","1000cp","2012Q4","2","1390.9"
"r_2","total","1000cp","2013Q1","0","2855"
"r_2","total","1000cp","2013Q1","1","1499"
"r_2","total","1000cp","2013Q1","2","1356"
"r_2","total","1000cp","2013Q2","0","2940.2"
"r_2","total","1000cp","2013Q2","1","1540.5"
"r_2","total","1000cp","2013Q2","2","1399.7"
"r_2","total","1000cp","2013Q3","0","3012.9"
"r_2","total","1000cp","2013Q3","1","1592.3"
"r_2","total","1000cp","2013Q3","2","1420.7"
"r_2","total","1000cp","2013Q4","0","2931.6"
"r_2","total","1000cp","2013Q4","1","1555.6"
"r_2","total","1000cp","2013Q4","2","1376"
"r_2","total","1000cp","2014Q1","0","2894.1"
"r_2","total","1000cp","2014Q1","1","1533.5"
"r_2","total","1000cp","2014Q1","2","1360.6"
"r_2","total","1000cp","2014Q2","0","2979.8"
"r_2","total","1000cp","2014Q2","1","1576.4"
"r_2","total","1000cp","2014Q2","2","1403.4"
"r_2","total","1000cp","2014Q3","0","3061.9"
"r_2","total","1000cp","2014Q3","1","1624.1"
"r_2","total","1000cp","2014Q3","2","1437.7"
"r_2","total","1000cp","2014Q4","0","2989.7"
"r_2","total","1000cp","2014Q4","1","1574.4"
"r_2","total","1000cp","2014Q4","2","1415.3"
"r_2","total","1000cp","2015Q1","0","2949.8"
"r_2","total","1000cp","2015Q1","1","1561.3"
"r_2","total","1000cp","2015Q1","2","1388.4"
"r_2","total","1000cp","2015Q2","0","3011.2"
"r_2","total","1000cp","2015Q2","1","1595.5"
"r_2","total","1000cp","2015Q2","2","1415.7"
"r_2","total","1000cp","2015Q3","0","3104.7"
"r_2","total","1000cp","2015Q3","1","1646"
"r_2","total","1000cp","2015Q3","2","1458.7"
"r_2","total","1000cp","2015Q4","0","3061.7"
"r_2","total","1000cp","2015Q4","1","1627.3"
"r_2","total","1000cp","2015Q4","2","1434.5"
"r_2","1","1000cp","2011Q1","0","194.5"
"r_2","1","1000cp","2011Q1","1","125.4"
"r_2","1","1000cp","2011Q1","2","69.1"
"r_2","1","1000cp","2011Q2","0","190.1"
"r_2","1","1000cp","2011Q2","1","120.4"
"r_2","1","1000cp","2011Q2","2","69.7"
"r_2","1","1000cp","2011Q3","0","191"
"r_2","1","1000cp","2011Q3","1","118.3"
"r_2","1","1000cp","2011Q3","2","72.7"
"r_2","1","1000cp","2011Q4","0","173.2"
"r_2","1","1000cp","2011Q4","1","109.6"
"r_2","1","1000cp","2011Q4","2","63.7"
"r_2","1","1000cp","2012Q1","0","172.2"
"r_2","1","1000cp","2012Q1","1","111.9"
"r_2","1","1000cp","2012Q1","2","60.3"
"r_2","1","1000cp","2012Q2","0","168.1"
"r_2","1","1000cp","2012Q2","1","105.9"
"r_2","1","1000cp","2012Q2","2","62.2"
"r_2","1","1000cp","2012Q3","0","181.7"
"r_2","1","1000cp","2012Q3","1","112.8"
"r_2","1","1000cp","2012Q3","2","68.9"
"r_2","1","1000cp","2012Q4","0","194.3"
"r_2","1","1000cp","2012Q4","1","125"
"r_2","1","1000cp","2012Q4","2","69.3"
"r_2","1","1000cp","2013Q1","0","182.6"
"r_2","1","1000cp","2013Q1","1","117.1"
"r_2","1","1000cp","2013Q1","2","65.5"
"r_2","1","1000cp","2013Q2","0","180.6"
"r_2","1","1000cp","2013Q2","1","111"
"r_2","1","1000cp","2013Q2","2","69.6"
"r_2","1","1000cp","2013Q3","0","200.6"
"r_2","1","1000cp","2013Q3","1","127.7"
"r_2","1","1000cp","2013Q3","2","72.9"
"r_2","1","1000cp","2013Q4","0","212.7"
"r_2","1","1000cp","2013Q4","1","137.4"
"r_2","1","1000cp","2013Q4","2","75.3"
"r_2","1","1000cp","2014Q1","0","186.1"
"r_2","1","1000cp","2014Q1","1","122.2"
"r_2","1","1000cp","2014Q1","2","63.9"
"r_2","1","1000cp","2014Q2","0","176.1"
"r_2","1","1000cp","2014Q2","1","109.4"
"r_2","1","1000cp","2014Q2","2","66.7"
"r_2","1","1000cp","2014Q3","0","195.3"
"r_2","1","1000cp","2014Q3","1","122.7"
"r_2","1","1000cp","2014Q3","2","72.6"
"r_2","1","1000cp","2014Q4","0","190.6"
"r_2","1","1000cp","2014Q4","1","119.5"
"r_2","1","1000cp","2014Q4","2","71.2"
"r_2","1","1000cp","2015Q1","0","181.1"
"r_2","1","1000cp","2015Q1","1","117"
"r_2","1","1000cp","2015Q1","2","64.1"
"r_2","1","1000cp","2015Q2","0","181.4"
"r_2","1","1000cp","2015Q2","1","114.7"
"r_2","1","1000cp","2015Q2","2","66.7"
"r_2","1","1000cp","2015Q3","0","182.3"
"r_2","1","1000cp","2015Q3","1","114.4"
"r_2","1","1000cp","2015Q3","2","67.9"
"r_2","1","1000cp","2015Q4","0","182"
"r_2","1","1000cp","2015Q4","1","115.3"
"r_2","1","1000cp","2015Q4","2","66.7"
"r_2","2","1000cp","2011Q1","0","471.7"
"r_2","2","1000cp","2011Q1","1","146.4"
"r_2","2","1000cp","2011Q1","2","325.3"
"r_2","2","1000cp","2011Q2","0","466.9"
"r_2","2","1000cp","2011Q2","1","145.4"
"r_2","2","1000cp","2011Q2","2","321.6"
"r_2","2","1000cp","2011Q3","0","446.5"
"r_2","2","1000cp","2011Q3","1","130"
"r_2","2","1000cp","2011Q3","2","316.5"
"r_2","2","1000cp","2011Q4","0","448.1"
"r_2","2","1000cp","2011Q4","1","134.9"
"r_2","2","1000cp","2011Q4","2","313.2"
"r_2","2","1000cp","2012Q1","0","448"
"r_2","2","1000cp","2012Q1","1","139.3"
"r_2","2","1000cp","2012Q1","2","308.7"
"r_2","2","1000cp","2012Q2","0","445"
"r_2","2","1000cp","2012Q2","1","134.5"
"r_2","2","1000cp","2012Q2","2","310.5"
"r_2","2","1000cp","2012Q3","0","440.7"
"r_2","2","1000cp","2012Q3","1","137.1"
"r_2","2","1000cp","2012Q3","2","303.7"
"r_2","2","1000cp","2012Q4","0","462.8"
"r_2","2","1000cp","2012Q4","1","154.2"
"r_2","2","1000cp","2012Q4","2","308.5"
"r_2","2","1000cp","2013Q1","0","454.3"
"r_2","2","1000cp","2013Q1","1","145.2"
"r_2","2","1000cp","2013Q1","2","309.1"
"r_2","2","1000cp","2013Q2","0","454.9"
"r_2","2","1000cp","2013Q2","1","144.7"
"r_2","2","1000cp","2013Q2","2","310.2"
"r_2","2","1000cp","2013Q3","0","457.3"
"r_2","2","1000cp","2013Q3","1","145.4"
"r_2","2","1000cp","2013Q3","2","311.9"
"r_2","2","1000cp","2013Q4","0","468.7"
"r_2","2","1000cp","2013Q4","1","149"
"r_2","2","1000cp","2013Q4","2","319.7"
"r_2","2","1000cp","2014Q1","0","485.5"
"r_2","2","1000cp","2014Q1","1","155.7"
"r_2","2","1000cp","2014Q1","2","329.8"
"r_2","2","1000cp","2014Q2","0","503.9"
"r_2","2","1000cp","2014Q2","1","174"
"r_2","2","1000cp","2014Q2","2","329.9"
"r_2","2","1000cp","2014Q3","0","491.5"
"r_2","2","1000cp","2014Q3","1","158.8"
"r_2","2","1000cp","2014Q3","2","332.7"
"r_2","2","1000cp","2014Q4","0","504.9"
"r_2","2","1000cp","2014Q4","1","152.9"
"r_2","2","1000cp","2014Q4","2","351.9"
"r_2","2","1000cp","2015Q1","0","518.2"
"r_2","2","1000cp","2015Q1","1","165.2"
"r_2","2","1000cp","2015Q1","2","353.1"
"r_2","2","1000cp","2015Q2","0","509"
"r_2","2","1000cp","2015Q2","1","171"
"r_2","2","1000cp","2015Q2","2","338"
"r_2","2","1000cp","2015Q3","0","510.5"
"r_2","2","1000cp","2015Q3","1","166.9"
"r_2","2","1000cp","2015Q3","2","343.6"
"r_2","2","1000cp","2015Q4","0","519.4"
"r_2","2","1000cp","2015Q4","1","167.9"
"r_2","2","1000cp","2015Q4","2","351.5"
"r_2","3","1000cp","2011Q1","0","229.2"
"r_2","3","1000cp","2011Q1","1","124.7"
"r_2","3","1000cp","2011Q1","2","104.5"
"r_2","3","1000cp","2011Q2","0","243.9"
"r_2","3","1000cp","2011Q2","1","134.1"
"r_2","3","1000cp","2011Q2","2","109.7"
"r_2","3","1000cp","2011Q3","0","244.7"
"r_2","3","1000cp","2011Q3","1","132"
"r_2","3","1000cp","2011Q3","2","112.7"
"r_2","3","1000cp","2011Q4","0","240"
"r_2","3","1000cp","2011Q4","1","125.7"
"r_2","3","1000cp","2011Q4","2","114.3"
"r_2","3","1000cp","2012Q1","0","233.5"
"r_2","3","1000cp","2012Q1","1","125.9"
"r_2","3","1000cp","2012Q1","2","107.6"
"r_2","3","1000cp","2012Q2","0","233.5"
"r_2","3","1000cp","2012Q2","1","120.4"
"r_2","3","1000cp","2012Q2","2","113.1"
"r_2","3","1000cp","2012Q3","0","241.2"
"r_2","3","1000cp","2012Q3","1","126.7"
"r_2","3","1000cp","2012Q3","2","114.4"
"r_2","3","1000cp","2012Q4","0","248.7"
"r_2","3","1000cp","2012Q4","1","130.8"
"r_2","3","1000cp","2012Q4","2","117.9"
"r_2","3","1000cp","2013Q1","0","246.1"
"r_2","3","1000cp","2013Q1","1","126.7"
"r_2","3","1000cp","2013Q1","2","119.4"
"r_2","3","1000cp","2013Q2","0","251.6"
"r_2","3","1000cp","2013Q2","1","129.4"
"r_2","3","1000cp","2013Q2","2","122.2"
"r_2","3","1000cp","2013Q3","0","265.1"
"r_2","3","1000cp","2013Q3","1","141.7"
"r_2","3","1000cp","2013Q3","2","123.4"
"r_2","3","1000cp","2013Q4","0","261.2"
"r_2","3","1000cp","2013Q4","1","148.8"
"r_2","3","1000cp","2013Q4","2","112.4"
"r_2","3","1000cp","2014Q1","0","262.3"
"r_2","3","1000cp","2014Q1","1","142.9"
"r_2","3","1000cp","2014Q1","2","119.4"
"r_2","3","1000cp","2014Q2","0","276.6"
"r_2","3","1000cp","2014Q2","1","144.2"
"r_2","3","1000cp","2014Q2","2","132.5"
"r_2","3","1000cp","2014Q3","0","268.1"
"r_2","3","1000cp","2014Q3","1","147.1"
"r_2","3","1000cp","2014Q3","2","121.1"
"r_2","3","1000cp","2014Q4","0","266.8"
"r_2","3","1000cp","2014Q4","1","148.6"
"r_2","3","1000cp","2014Q4","2","118.2"
"r_2","3","1000cp","2015Q1","0","287.1"
"r_2","3","1000cp","2015Q1","1","156.2"
"r_2","3","1000cp","2015Q1","2","130.8"
"r_2","3","1000cp","2015Q2","0","288.3"
"r_2","3","1000cp","2015Q2","1","144.6"
"r_2","3","1000cp","2015Q2","2","143.7"
"r_2","3","1000cp","2015Q3","0","273.2"
"r_2","3","1000cp","2015Q3","1","138.5"
"r_2","3","1000cp","2015Q3","2","134.7"
"r_2","3","1000cp","2015Q4","0","280.6"
"r_2","3","1000cp","2015Q4","1","146.5"
"r_2","3","1000cp","2015Q4","2","134.1"
"r_2","4","1000cp","2011Q1","0","200"
"r_2","4","1000cp","2011Q1","1","53.6"
"r_2","4","1000cp","2011Q1","2","146.4"
"r_2","4","1000cp","2011Q2","0","191.9"
"r_2","4","1000cp","2011Q2","1","54.2"
"r_2","4","1000cp","2011Q2","2","137.7"
"r_2","4","1000cp","2011Q3","0","194.8"
"r_2","4","1000cp","2011Q3","1","55"
"r_2","4","1000cp","2011Q3","2","139.7"
"r_2","4","1000cp","2011Q4","0","201.4"
"r_2","4","1000cp","2011Q4","1","50.4"
"r_2","4","1000cp","2011Q4","2","151.1"
"r_2","4","1000cp","2012Q1","0","181.7"
"r_2","4","1000cp","2012Q1","1","44.5"
"r_2","4","1000cp","2012Q1","2","137.2"
"r_2","4","1000cp","2012Q2","0","178.7"
"r_2","4","1000cp","2012Q2","1","50.7"
"r_2","4","1000cp","2012Q2","2","127.9"
"r_2","4","1000cp","2012Q3","0","199.9"
"r_2","4","1000cp","2012Q3","1","53.4"
"r_2","4","1000cp","2012Q3","2","146.5"
"r_2","4","1000cp","2012Q4","0","196.2"
"r_2","4","1000cp","2012Q4","1","52.6"
"r_2","4","1000cp","2012Q4","2","143.6"
"r_2","4","1000cp","2013Q1","0","186"
"r_2","4","1000cp","2013Q1","1","47"
"r_2","4","1000cp","2013Q1","2","139"
"r_2","4","1000cp","2013Q2","0","194.1"
"r_2","4","1000cp","2013Q2","1","52"
"r_2","4","1000cp","2013Q2","2","142.1"
"r_2","4","1000cp","2013Q3","0","192.7"
"r_2","4","1000cp","2013Q3","1","54.9"
"r_2","4","1000cp","2013Q3","2","137.8"
"r_2","4","1000cp","2013Q4","0","187"
"r_2","4","1000cp","2013Q4","1","52.4"
"r_2","4","1000cp","2013Q4","2","134.6"
"r_2","4","1000cp","2014Q1","0","187.3"
"r_2","4","1000cp","2014Q1","1","53.4"
"r_2","4","1000cp","2014Q1","2","133.8"
"r_2","4","1000cp","2014Q2","0","198.6"
"r_2","4","1000cp","2014Q2","1","54.7"
"r_2","4","1000cp","2014Q2","2","143.8"
"r_2","4","1000cp","2014Q3","0","203.3"
"r_2","4","1000cp","2014Q3","1","57.4"
"r_2","4","1000cp","2014Q3","2","145.8"
"r_2","4","1000cp","2014Q4","0","195.4"
"r_2","4","1000cp","2014Q4","1","57.4"
"r_2","4","1000cp","2014Q4","2","138"
"r_2","4","1000cp","2015Q1","0","180.2"
"r_2","4","1000cp","2015Q1","1","53.1"
"r_2","4","1000cp","2015Q1","2","127.1"
"r_2","4","1000cp","2015Q2","0","180.7"
"r_2","4","1000cp","2015Q2","1","53"
"r_2","4","1000cp","2015Q2","2","127.6"
"r_2","4","1000cp","2015Q3","0","195.3"
"r_2","4","1000cp","2015Q3","1","53.9"
"r_2","4","1000cp","2015Q3","2","141.3"
"r_2","4","1000cp","2015Q4","0","190.2"
"r_2","4","1000cp","2015Q4","1","52"
"r_2","4","1000cp","2015Q4","2","138.2"
"r_2","5","1000cp","2011Q1","0","619.3"
"r_2","5","1000cp","2011Q1","1","251.6"
"r_2","5","1000cp","2011Q1","2","367.8"
"r_2","5","1000cp","2011Q2","0","640.6"
"r_2","5","1000cp","2011Q2","1","266"
"r_2","5","1000cp","2011Q2","2","374.6"
"r_2","5","1000cp","2011Q3","0","676.1"
"r_2","5","1000cp","2011Q3","1","278.7"
"r_2","5","1000cp","2011Q3","2","397.5"
"r_2","5","1000cp","2011Q4","0","650.4"
"r_2","5","1000cp","2011Q4","1","257.9"
"r_2","5","1000cp","2011Q4","2","392.5"
"r_2","5","1000cp","2012Q1","0","628.8"
"r_2","5","1000cp","2012Q1","1","252.8"
"r_2","5","1000cp","2012Q1","2","376.1"
"r_2","5","1000cp","2012Q2","0","645.9"
"r_2","5","1000cp","2012Q2","1","273.6"
"r_2","5","1000cp","2012Q2","2","372.3"
"r_2","5","1000cp","2012Q3","0","671.8"
"r_2","5","1000cp","2012Q3","1","274.4"
"r_2","5","1000cp","2012Q3","2","397.4"
"r_2","5","1000cp","2012Q4","0","630.9"
"r_2","5","1000cp","2012Q4","1","258.6"
"r_2","5","1000cp","2012Q4","2","372.3"
"r_2","5","1000cp","2013Q1","0","602.5"
"r_2","5","1000cp","2013Q1","1","247.3"
"r_2","5","1000cp","2013Q1","2","355.2"
"r_2","5","1000cp","2013Q2","0","618"
"r_2","5","1000cp","2013Q2","1","246.4"
"r_2","5","1000cp","2013Q2","2","371.6"
"r_2","5","1000cp","2013Q3","0","645.4"
"r_2","5","1000cp","2013Q3","1","268"
"r_2","5","1000cp","2013Q3","2","377.4"
"r_2","5","1000cp","2013Q4","0","619.5"
"r_2","5","1000cp","2013Q4","1","258.5"
"r_2","5","1000cp","2013Q4","2","361"
"r_2","5","1000cp","2014Q1","0","605.3"
"r_2","5","1000cp","2014Q1","1","248.6"
"r_2","5","1000cp","2014Q1","2","356.7"
"r_2","5","1000cp","2014Q2","0","609.9"
"r_2","5","1000cp","2014Q2","1","244.5"
"r_2","5","1000cp","2014Q2","2","365.4"
"r_2","5","1000cp","2014Q3","0","638.5"
"r_2","5","1000cp","2014Q3","1","260.2"
"r_2","5","1000cp","2014Q3","2","378.3"
"r_2","5","1000cp","2014Q4","0","632"
"r_2","5","1000cp","2014Q4","1","254.9"
"r_2","5","1000cp","2014Q4","2","377.1"
"r_2","5","1000cp","2015Q1","0","614.3"
"r_2","5","1000cp","2015Q1","1","249.3"
"r_2","5","1000cp","2015Q1","2","365"
"r_2","5","1000cp","2015Q2","0","638"
"r_2","5","1000cp","2015Q2","1","260.2"
"r_2","5","1000cp","2015Q2","2","377.8"
"r_2","5","1000cp","2015Q3","0","680.2"
"r_2","5","1000cp","2015Q3","1","279.3"
"r_2","5","1000cp","2015Q3","2","400.8"
"r_2","5","1000cp","2015Q4","0","635.4"
"r_2","5","1000cp","2015Q4","1","253.8"
"r_2","5","1000cp","2015Q4","2","381.6"
"r_2","6","1000cp","2011Q1","0","110.5"
"r_2","6","1000cp","2011Q1","1","70.9"
"r_2","6","1000cp","2011Q1","2","39.5"
"r_2","6","1000cp","2011Q2","0","132.5"
"r_2","6","1000cp","2011Q2","1","84"
"r_2","6","1000cp","2011Q2","2","48.5"
"r_2","6","1000cp","2011Q3","0","135.4"
"r_2","6","1000cp","2011Q3","1","81.5"
"r_2","6","1000cp","2011Q3","2","53.9"
"r_2","6","1000cp","2011Q4","0","117.6"
"r_2","6","1000cp","2011Q4","1","71.5"
"r_2","6","1000cp","2011Q4","2","46.1"
"r_2","6","1000cp","2012Q1","0","93.8"
"r_2","6","1000cp","2012Q1","1","60.9"
"r_2","6","1000cp","2012Q1","2","32.8"
"r_2","6","1000cp","2012Q2","0","115.8"
"r_2","6","1000cp","2012Q2","1","74.5"
"r_2","6","1000cp","2012Q2","2","41.3"
"r_2","6","1000cp","2012Q3","0","130.2"
"r_2","6","1000cp","2012Q3","1","78.4"
"r_2","6","1000cp","2012Q3","2","51.8"
"r_2","6","1000cp","2012Q4","0","107.6"
"r_2","6","1000cp","2012Q4","1","64.4"
"r_2","6","1000cp","2012Q4","2","43.2"
"r_2","6","1000cp","2013Q1","0","93.2"
"r_2","6","1000cp","2013Q1","1","60"
"r_2","6","1000cp","2013Q1","2","33.2"
"r_2","6","1000cp","2013Q2","0","124.6"
"r_2","6","1000cp","2013Q2","1","74.1"
"r_2","6","1000cp","2013Q2","2","50.5"
"r_2","6","1000cp","2013Q3","0","132.8"
"r_2","6","1000cp","2013Q3","1","74.8"
"r_2","6","1000cp","2013Q3","2","58"
"r_2","6","1000cp","2013Q4","0","108.4"
"r_2","6","1000cp","2013Q4","1","66.8"
"r_2","6","1000cp","2013Q4","2","41.6"
"r_2","6","1000cp","2014Q1","0","100.2"
"r_2","6","1000cp","2014Q1","1","66.6"
"r_2","6","1000cp","2014Q1","2","33.7"
"r_2","6","1000cp","2014Q2","0","122.3"
"r_2","6","1000cp","2014Q2","1","76"
"r_2","6","1000cp","2014Q2","2","46.2"
"r_2","6","1000cp","2014Q3","0","138.2"
"r_2","6","1000cp","2014Q3","1","84"
"r_2","6","1000cp","2014Q3","2","54.2"
"r_2","6","1000cp","2014Q4","0","112.7"
"r_2","6","1000cp","2014Q4","1","72.3"
"r_2","6","1000cp","2014Q4","2","40.4"
"r_2","6","1000cp","2015Q1","0","102.2"
"r_2","6","1000cp","2015Q1","1","68.9"
"r_2","6","1000cp","2015Q1","2","33.3"
"r_2","6","1000cp","2015Q2","0","118.5"
"r_2","6","1000cp","2015Q2","1","78.1"
"r_2","6","1000cp","2015Q2","2","40.4"
"r_2","6","1000cp","2015Q3","0","123.8"
"r_2","6","1000cp","2015Q3","1","77.9"
"r_2","6","1000cp","2015Q3","2","45.9"
"r_2","6","1000cp","2015Q4","0","103.4"
"r_2","6","1000cp","2015Q4","1","65.7"
"r_2","6","1000cp","2015Q4","2","37.7"
"r_2","7","1000cp","2011Q1","0","405"
"r_2","7","1000cp","2011Q1","1","300.5"
"r_2","7","1000cp","2011Q1","2","104.5"
"r_2","7","1000cp","2011Q2","0","396.4"
"r_2","7","1000cp","2011Q2","1","293.5"
"r_2","7","1000cp","2011Q2","2","102.9"
"r_2","7","1000cp","2011Q3","0","425.8"
"r_2","7","1000cp","2011Q3","1","320.6"
"r_2","7","1000cp","2011Q3","2","105.2"
"r_2","7","1000cp","2011Q4","0","432.6"
"r_2","7","1000cp","2011Q4","1","320.3"
"r_2","7","1000cp","2011Q4","2","112.3"
"r_2","7","1000cp","2012Q1","0","408.2"
"r_2","7","1000cp","2012Q1","1","296"
"r_2","7","1000cp","2012Q1","2","112.1"
"r_2","7","1000cp","2012Q2","0","406.6"
"r_2","7","1000cp","2012Q2","1","294.5"
"r_2","7","1000cp","2012Q2","2","112.1"
"r_2","7","1000cp","2012Q3","0","423.3"
"r_2","7","1000cp","2012Q3","1","310"
"r_2","7","1000cp","2012Q3","2","113.3"
"r_2","7","1000cp","2012Q4","0","412"
"r_2","7","1000cp","2012Q4","1","303.4"
"r_2","7","1000cp","2012Q4","2","108.6"
"r_2","7","1000cp","2013Q1","0","398.7"
"r_2","7","1000cp","2013Q1","1","295.8"
"r_2","7","1000cp","2013Q1","2","102.9"
"r_2","7","1000cp","2013Q2","0","391.2"
"r_2","7","1000cp","2013Q2","1","292.6"
"r_2","7","1000cp","2013Q2","2","98.6"
"r_2","7","1000cp","2013Q3","0","382.9"
"r_2","7","1000cp","2013Q3","1","275.9"
"r_2","7","1000cp","2013Q3","2","107"
"r_2","7","1000cp","2013Q4","0","377.6"
"r_2","7","1000cp","2013Q4","1","272.2"
"r_2","7","1000cp","2013Q4","2","105.5"
"r_2","7","1000cp","2014Q1","0","377.5"
"r_2","7","1000cp","2014Q1","1","277.5"
"r_2","7","1000cp","2014Q1","2","100.1"
"r_2","7","1000cp","2014Q2","0","380.6"
"r_2","7","1000cp","2014Q2","1","282.7"
"r_2","7","1000cp","2014Q2","2","97.9"
"r_2","7","1000cp","2014Q3","0","390"
"r_2","7","1000cp","2014Q3","1","289.1"
"r_2","7","1000cp","2014Q3","2","100.9"
"r_2","7","1000cp","2014Q4","0","386.8"
"r_2","7","1000cp","2014Q4","1","280.9"
"r_2","7","1000cp","2014Q4","2","105.9"
"r_2","7","1000cp","2015Q1","0","378.8"
"r_2","7","1000cp","2015Q1","1","270.4"
"r_2","7","1000cp","2015Q1","2","108.4"
"r_2","7","1000cp","2015Q2","0","388.3"
"r_2","7","1000cp","2015Q2","1","285.3"
"r_2","7","1000cp","2015Q2","2","102.9"
"r_2","7","1000cp","2015Q3","0","401.2"
"r_2","7","1000cp","2015Q3","1","308.4"
"r_2","7","1000cp","2015Q3","2","92.8"
"r_2","7","1000cp","2015Q4","0","414.3"
"r_2","7","1000cp","2015Q4","1","312.3"
"r_2","7","1000cp","2015Q4","2","102"
"r_2","8","1000cp","2011Q1","0","378.7"
"r_2","8","1000cp","2011Q1","1","288.5"
"r_2","8","1000cp","2011Q1","2","90.2"
"r_2","8","1000cp","2011Q2","0","381.7"
"r_2","8","1000cp","2011Q2","1","281.1"
"r_2","8","1000cp","2011Q2","2","100.7"
"r_2","8","1000cp","2011Q3","0","389.4"
"r_2","8","1000cp","2011Q3","1","286.6"
"r_2","8","1000cp","2011Q3","2","102.9"
"r_2","8","1000cp","2011Q4","0","388.3"
"r_2","8","1000cp","2011Q4","1","286.2"
"r_2","8","1000cp","2011Q4","2","102.1"
"r_2","8","1000cp","2012Q1","0","389.7"
"r_2","8","1000cp","2012Q1","1","293.9"
"r_2","8","1000cp","2012Q1","2","95.8"
"r_2","8","1000cp","2012Q2","0","395.7"
"r_2","8","1000cp","2012Q2","1","292.4"
"r_2","8","1000cp","2012Q2","2","103.4"
"r_2","8","1000cp","2012Q3","0","391.3"
"r_2","8","1000cp","2012Q3","1","285.3"
"r_2","8","1000cp","2012Q3","2","106"
"r_2","8","1000cp","2012Q4","0","379.9"
"r_2","8","1000cp","2012Q4","1","276.6"
"r_2","8","1000cp","2012Q4","2","103.3"
"r_2","8","1000cp","2013Q1","0","379.2"
"r_2","8","1000cp","2013Q1","1","279.6"
"r_2","8","1000cp","2013Q1","2","99.6"
"r_2","8","1000cp","2013Q2","0","388"
"r_2","8","1000cp","2013Q2","1","287.6"
"r_2","8","1000cp","2013Q2","2","100.4"
"r_2","8","1000cp","2013Q3","0","384.3"
"r_2","8","1000cp","2013Q3","1","284.9"
"r_2","8","1000cp","2013Q3","2","99.4"
"r_2","8","1000cp","2013Q4","0","369.2"
"r_2","8","1000cp","2013Q4","1","274.5"
"r_2","8","1000cp","2013Q4","2","94.7"
"r_2","8","1000cp","2014Q1","0","369.3"
"r_2","8","1000cp","2014Q1","1","273.6"
"r_2","8","1000cp","2014Q1","2","95.7"
"r_2","8","1000cp","2014Q2","0","368.2"
"r_2","8","1000cp","2014Q2","1","275"
"r_2","8","1000cp","2014Q2","2","93.2"
"r_2","8","1000cp","2014Q3","0","375.5"
"r_2","8","1000cp","2014Q3","1","283.8"
"r_2","8","1000cp","2014Q3","2","91.7"
"r_2","8","1000cp","2014Q4","0","384.7"
"r_2","8","1000cp","2014Q4","1","292.5"
"r_2","8","1000cp","2014Q4","2","92.2"
"r_2","8","1000cp","2015Q1","0","376"
"r_2","8","1000cp","2015Q1","1","284.6"
"r_2","8","1000cp","2015Q1","2","91.3"
"r_2","8","1000cp","2015Q2","0","373.2"
"r_2","8","1000cp","2015Q2","1","278.7"
"r_2","8","1000cp","2015Q2","2","94.6"
"r_2","8","1000cp","2015Q3","0","389.7"
"r_2","8","1000cp","2015Q3","1","291.5"
"r_2","8","1000cp","2015Q3","2","98.1"
"r_2","8","1000cp","2015Q4","0","396"
"r_2","8","1000cp","2015Q4","1","301.1"
"r_2","8","1000cp","2015Q4","2","94.9"
"r_2","9","1000cp","2011Q1","0","269.5"
"r_2","9","1000cp","2011Q1","1","153.8"
"r_2","9","1000cp","2011Q1","2","115.7"
"r_2","9","1000cp","2011Q2","0","278.3"
"r_2","9","1000cp","2011Q2","1","161.1"
"r_2","9","1000cp","2011Q2","2","117.1"
"r_2","9","1000cp","2011Q3","0","305.6"
"r_2","9","1000cp","2011Q3","1","183.3"
"r_2","9","1000cp","2011Q3","2","122.3"
"r_2","9","1000cp","2011Q4","0","291.9"
"r_2","9","1000cp","2011Q4","1","174.2"
"r_2","9","1000cp","2011Q4","2","117.8"
"r_2","9","1000cp","2012Q1","0","273"
"r_2","9","1000cp","2012Q1","1","145.6"
"r_2","9","1000cp","2012Q1","2","127.4"
"r_2","9","1000cp","2012Q2","0","302.5"
"r_2","9","1000cp","2012Q2","1","163"
"r_2","9","1000cp","2012Q2","2","139.5"
"r_2","9","1000cp","2012Q3","0","310.4"
"r_2","9","1000cp","2012Q3","1","182.6"
"r_2","9","1000cp","2012Q3","2","127.8"
"r_2","9","1000cp","2012Q4","0","292.6"
"r_2","9","1000cp","2012Q4","1","172"
"r_2","9","1000cp","2012Q4","2","120.6"
"r_2","9","1000cp","2013Q1","0","289.5"
"r_2","9","1000cp","2013Q1","1","160.3"
"r_2","9","1000cp","2013Q1","2","129.2"
"r_2","9","1000cp","2013Q2","0","315.5"
"r_2","9","1000cp","2013Q2","1","183.7"
"r_2","9","1000cp","2013Q2","2","131.9"
"r_2","9","1000cp","2013Q3","0","327.7"
"r_2","9","1000cp","2013Q3","1","198.9"
"r_2","9","1000cp","2013Q3","2","128.8"
"r_2","9","1000cp","2013Q4","0","301.1"
"r_2","9","1000cp","2013Q4","1","175.9"
"r_2","9","1000cp","2013Q4","2","125.2"
"r_2","9","1000cp","2014Q1","0","295"
"r_2","9","1000cp","2014Q1","1","172.1"
"r_2","9","1000cp","2014Q1","2","122.9"
"r_2","9","1000cp","2014Q2","0","317.1"
"r_2","9","1000cp","2014Q2","1","191.7"
"r_2","9","1000cp","2014Q2","2","125.4"
"r_2","9","1000cp","2014Q3","0","339.2"
"r_2","9","1000cp","2014Q3","1","201.8"
"r_2","9","1000cp","2014Q3","2","137.4"
"r_2","9","1000cp","2014Q4","0","293.5"
"r_2","9","1000cp","2014Q4","1","176.2"
"r_2","9","1000cp","2014Q4","2","117.3"
"r_2","9","1000cp","2015Q1","0","285.4"
"r_2","9","1000cp","2015Q1","1","173.4"
"r_2","9","1000cp","2015Q1","2","112"
"r_2","9","1000cp","2015Q2","0","309.2"
"r_2","9","1000cp","2015Q2","1","188.2"
"r_2","9","1000cp","2015Q2","2","121"
"r_2","9","1000cp","2015Q3","0","328"
"r_2","9","1000cp","2015Q3","1","196"
"r_2","9","1000cp","2015Q3","2","132"
"r_2","9","1000cp","2015Q4","0","315.1"
"r_2","9","1000cp","2015Q4","1","190.9"
"r_2","9","1000cp","2015Q4","2","124.2"
"r_3","total","1000cp","2016Q1","0","2975.1"
"r_3","total","1000cp","2016Q1","1","1586.1"
"r_3","total","1000cp","2016Q1","2","1389.1"
"r_3","1","1000cp","2016Q1","0","179.1"
"r_3","1","1000cp","2016Q1","1","114.3"
"r_3","1","1000cp","2016Q1","2","64.9"
"r_3","2","1000cp","2016Q1","0","518"
"r_3","2","1000cp","2016Q1","1","175.8"
"r_3","2","1000cp","2016Q1","2","342.1"
"r_3","3","1000cp","2016Q1","0","276.9"
"r_3","3","1000cp","2016Q1","1","142.1"
"r_3","3","1000cp","2016Q1","2","134.8"
"r_3","4","1000cp","2016Q1","0","179.8"
"r_3","4","1000cp","2016Q1","1","51.1"
"r_3","4","1000cp","2016Q1","2","128.7"
"r_3","5","1000cp","2016Q1","0","618.5"
"r_3","5","1000cp","2016Q1","1","246.8"
"r_3","5","1000cp","2016Q1","2","371.7"
"r_3","6","1000cp","2016Q1","0","95.6"
"r_3","6","1000cp","2016Q1","1","63.6"
"r_3","6","1000cp","2016Q1","2","32.1"
"r_3","7","1000cp","2016Q1","0","389.9"
"r_3","7","1000cp","2016Q1","1","288.1"
"r_3","7","1000cp","2016Q1","2","101.8"
"r_3","8","1000cp","2016Q1","0","390.3"
"r_3","8","1000cp","2016Q1","1","294.7"
"r_3","8","1000cp","2016Q1","2","95.6"
"r_3","9","1000cp","2016Q1","0","300.2"
"r_3","9","1000cp","2016Q1","1","186.8"
"r_3","9","1000cp","2016Q1","2","113.4"
"r_4","total","1000cp","2016Q2","0","3033.4"
"r_4","total","1000cp","2016Q2","1","1608.3"
"r_4","total","1000cp","2016Q2","2","1425.1"
"r_4","1","1000cp","2016Q2","0","184.3"
"r_4","1","1000cp","2016Q2","1","115.4"
"r_4","1","1000cp","2016Q2","2","68.9"
"r_4","2","1000cp","2016Q2","0","510.1"
"r_4","2","1000cp","2016Q2","1","170.6"
"r_4","2","1000cp","2016Q2","2","339.5"
"r_4","3","1000cp","2016Q2","0","269"
"r_4","3","1000cp","2016Q2","1","140.1"
"r_4","3","1000cp","2016Q2","2","129"
"r_4","4","1000cp","2016Q2","0","181.1"
"r_4","4","1000cp","2016Q2","1","50"
"r_4","4","1000cp","2016Q2","2","131.1"
"r_4","5","1000cp","2016Q2","0","650.5"
"r_4","5","1000cp","2016Q2","1","259.2"
"r_4","5","1000cp","2016Q2","2","391.2"
"r_4","6","1000cp","2016Q2","0","120.6"
"r_4","6","1000cp","2016Q2","1","77.5"
"r_4","6","1000cp","2016Q2","2","43"
"r_4","7","1000cp","2016Q2","0","390.2"
"r_4","7","1000cp","2016Q2","1","293"
"r_4","7","1000cp","2016Q2","2","97.2"
"r_4","8","1000cp","2016Q2","0","381"
"r_4","8","1000cp","2016Q2","1","283.9"
"r_4","8","1000cp","2016Q2","2","97.1"
"r_4","9","1000cp","2016Q2","0","323.7"
"r_4","9","1000cp","2016Q2","1","198.9"
"r_4","9","1000cp","2016Q2","2","124.8"
"r_5","total","1000cp","2016Q3","0","3052.7"
"r_5","total","1000cp","2016Q3","1","1623.7"
"r_5","total","1000cp","2016Q3","2","1429.1"
"r_5","1","1000cp","2016Q3","0","181.9"
"r_5","1","1000cp","2016Q3","1","109.3"
"r_5","1","1000cp","2016Q3","2","72.6"
"r_5","2","1000cp","2016Q3","0","509.7"
"r_5","2","1000cp","2016Q3","1","167.5"
"r_5","2","1000cp","2016Q3","2","342.2"
"r_5","3","1000cp","2016Q3","0","291.7"
"r_5","3","1000cp","2016Q3","1","151.9"
"r_5","3","1000cp","2016Q3","2","139.8"
"r_5","4","1000cp","2016Q3","0","178.8"
"r_5","4","1000cp","2016Q3","1","51.7"
"r_5","4","1000cp","2016Q3","2","127.1"
"r_5","5","1000cp","2016Q3","0","653.5"
"r_5","5","1000cp","2016Q3","1","263.5"
"r_5","5","1000cp","2016Q3","2","389.9"
"r_5","6","1000cp","2016Q3","0","111.4"
"r_5","6","1000cp","2016Q3","1","69.6"
"r_5","6","1000cp","2016Q3","2","41.7"
"r_5","7","1000cp","2016Q3","0","389.7"
"r_5","7","1000cp","2016Q3","1","299.5"
"r_5","7","1000cp","2016Q3","2","90.3"
"r_5","8","1000cp","2016Q3","0","390.4"
"r_5","8","1000cp","2016Q3","1","293.1"
"r_5","8","1000cp","2016Q3","2","97.3"
"r_5","9","1000cp","2016Q3","0","323.1"
"r_5","9","1000cp","2016Q3","1","197.8"
"r_5","9","1000cp","2016Q3","2","125.3"
"r_6","total","1000cp","2016Q4","0","3005.9"
"r_6","total","1000cp","2016Q4","1","1612.6"
"r_6","total","1000cp","2016Q4","2","1393.4"
"r_6","1","1000cp","2016Q4","0","185.1"
"r_6","1","1000cp","2016Q4","1","114.8"
"r_6","1","1000cp","2016Q4","2","70.2"
"r_6","2","1000cp","2016Q4","0","510"
"r_6","2","1000cp","2016Q4","1","166.3"
"r_6","2","1000cp","2016Q4","2","343.7"
"r_6","3","1000cp","2016Q4","0","299.4"
"r_6","3","1000cp","2016Q4","1","155.4"
"r_6","3","1000cp","2016Q4","2","144"
"r_6","4","1000cp","2016Q4","0","172.7"
"r_6","4","1000cp","2016Q4","1","48.9"
"r_6","4","1000cp","2016Q4","2","123.8"
"r_6","5","1000cp","2016Q4","0","618.2"
"r_6","5","1000cp","2016Q4","1","251.9"
"r_6","5","1000cp","2016Q4","2","366.3"
"r_6","6","1000cp","2016Q4","0","92"
"r_6","6","1000cp","2016Q4","1","60.5"
"r_6","6","1000cp","2016Q4","2","31.4"
"r_6","7","1000cp","2016Q4","0","404.7"
"r_6","7","1000cp","2016Q4","1","305.1"
"r_6","7","1000cp","2016Q4","2","99.6"
"r_6","8","1000cp","2016Q4","0","395.8"
"r_6","8","1000cp","2016Q4","1","299.8"
"r_6","8","1000cp","2016Q4","2","96"
"r_6","9","1000cp","2016Q4","0","299.5"
"r_6","9","1000cp","2016Q4","1","186"
"r_6","9","1000cp","2016Q4","2","113.5"
"r_7","total","1000cp","2017Q1","0","3036.7"
"r_7","total","1000cp","2017Q1","1","1624.7"
"r_7","total","1000cp","2017Q1","2","1412"
"r_7","1","1000cp","2017Q1","0","182.1"
"r_7","1","1000cp","2017Q1","1","114.5"
"r_7","1","1000cp","2017Q1","2","67.6"
"r_7","2","1000cp","2017Q1","0","502.1"
"r_7","2","1000cp","2017Q1","1","169.1"
"r_7","2","1000cp","2017Q1","2","333"
"r_7","3","1000cp","2017Q1","0","297.3"
"r_7","3","1000cp","2017Q1","1","159.9"
"r_7","3","1000cp","2017Q1","2","137.4"
"r_7","4","1000cp","2017Q1","0","176.8"
"r_7","4","1000cp","2017Q1","1","50"
"r_7","4","1000cp","2017Q1","2","126.9"
"r_7","5","1000cp","2017Q1","0","641.6"
"r_7","5","1000cp","2017Q1","1","249.6"
"r_7","5","1000cp","2017Q1","2","392"
"r_7","6","1000cp","2017Q1","0","101.8"
"r_7","6","1000cp","2017Q1","1","69.2"
"r_7","6","1000cp","2017Q1","2","32.7"
"r_7","7","1000cp","2017Q1","0","405.5"
"r_7","7","1000cp","2017Q1","1","300.9"
"r_7","7","1000cp","2017Q1","2","104.6"
"r_7","8","1000cp","2017Q1","0","400.2"
"r_7","8","1000cp","2017Q1","1","305.4"
"r_7","8","1000cp","2017Q1","2","94.8"
"r_7","9","1000cp","2017Q1","0","302.9"
"r_7","9","1000cp","2017Q1","1","185"
"r_7","9","1000cp","2017Q1","2","117.9"
"r_8","total","1000cp","2017Q2","0","3171.7"
"r_8","total","1000cp","2017Q2","1","1681.4"
"r_8","total","1000cp","2017Q2","2","1490.4"
"r_8","1","1000cp","2017Q2","0","186.7"
"r_8","1","1000cp","2017Q2","1","114.5"
"r_8","1","1000cp","2017Q2","2","72.2"
"r_8","2","1000cp","2017Q2","0","504.8"
"r_8","2","1000cp","2017Q2","1","169.2"
"r_8","2","1000cp","2017Q2","2","335.6"
"r_8","3","1000cp","2017Q2","0","295.6"
"r_8","3","1000cp","2017Q2","1","161.7"
"r_8","3","1000cp","2017Q2","2","133.8"
"r_8","4","1000cp","2017Q2","0","203.4"
"r_8","4","1000cp","2017Q2","1","55.3"
"r_8","4","1000cp","2017Q2","2","148.1"
"r_8","5","1000cp","2017Q2","0","681"
"r_8","5","1000cp","2017Q2","1","262.9"
"r_8","5","1000cp","2017Q2","2","418.1"
"r_8","6","1000cp","2017Q2","0","118.3"
"r_8","6","1000cp","2017Q2","1","77.7"
"r_8","6","1000cp","2017Q2","2","40.6"
"r_8","7","1000cp","2017Q2","0","406.3"
"r_8","7","1000cp","2017Q2","1","304.8"
"r_8","7","1000cp","2017Q2","2","101.5"
"r_8","8","1000cp","2017Q2","0","407.1"
"r_8","8","1000cp","2017Q2","1","305"
"r_8","8","1000cp","2017Q2","2","102.2"
"r_8","9","1000cp","2017Q2","0","348.2"
"r_8","9","1000cp","2017Q2","1","213.6"
"r_8","9","1000cp","2017Q2","2","134.7"
"r_9","total","1000cp","2017Q3","0","3225"
"r_9","total","1000cp","2017Q3","1","1719.9"
"r_9","total","1000cp","2017Q3","2","1505.1"
"r_9","1","1000cp","2017Q3","0","181.2"
"r_9","1","1000cp","2017Q3","1","107.8"
"r_9","1","1000cp","2017Q3","2","73.5"
"r_9","2","1000cp","2017Q3","0","508.8"
"r_9","2","1000cp","2017Q3","1","170.1"
"r_9","2","1000cp","2017Q3","2","338.6"
"r_9","3","1000cp","2017Q3","0","305"
"r_9","3","1000cp","2017Q3","1","167.6"
"r_9","3","1000cp","2017Q3","2","137.4"
"r_9","4","1000cp","2017Q3","0","204.9"
"r_9","4","1000cp","2017Q3","1","55.3"
"r_9","4","1000cp","2017Q3","2","149.6"
"r_9","5","1000cp","2017Q3","0","676.6"
"r_9","5","1000cp","2017Q3","1","262.7"
"r_9","5","1000cp","2017Q3","2","413.8"
"r_9","6","1000cp","2017Q3","0","116.6"
"r_9","6","1000cp","2017Q3","1","75.4"
"r_9","6","1000cp","2017Q3","2","41.3"
"r_9","7","1000cp","2017Q3","0","422.1"
"r_9","7","1000cp","2017Q3","1","318.8"
"r_9","7","1000cp","2017Q3","2","103.3"
"r_9","8","1000cp","2017Q3","0","409"
"r_9","8","1000cp","2017Q3","1","303"
"r_9","8","1000cp","2017Q3","2","106"
"r_9","9","1000cp","2017Q3","0","376.8"
"r_9","9","1000cp","2017Q3","1","240.6"
"r_9","9","1000cp","2017Q3","2","136.3"
"r_10","total","1000cp","2017Q4","0","3167.6"
"r_10","total","1000cp","2017Q4","1","1704.3"
"r_10","total","1000cp","2017Q4","2","1463.3"
"r_10","1","1000cp","2017Q4","0","175.4"
"r_10","1","1000cp","2017Q4","1","104.3"
"r_10","1","1000cp","2017Q4","2","71.1"
"r_10","2","1000cp","2017Q4","0","514.5"
"r_10","2","1000cp","2017Q4","1","170.1"
"r_10","2","1000cp","2017Q4","2","344.4"
"r_10","3","1000cp","2017Q4","0","301.3"
"r_10","3","1000cp","2017Q4","1","164.9"
"r_10","3","1000cp","2017Q4","2","136.4"
"r_10","4","1000cp","2017Q4","0","189.9"
"r_10","4","1000cp","2017Q4","1","49.9"
"r_10","4","1000cp","2017Q4","2","140"
"r_10","5","1000cp","2017Q4","0","667.4"
"r_10","5","1000cp","2017Q4","1","269.9"
"r_10","5","1000cp","2017Q4","2","397.5"
"r_10","6","1000cp","2017Q4","0","102"
"r_10","6","1000cp","2017Q4","1","65.5"
"r_10","6","1000cp","2017Q4","2","36.6"
"r_10","7","1000cp","2017Q4","0","424.1"
"r_10","7","1000cp","2017Q4","1","315.7"
"r_10","7","1000cp","2017Q4","2","108.4"
"r_10","8","1000cp","2017Q4","0","423.2"
"r_10","8","1000cp","2017Q4","1","321.2"
"r_10","8","1000cp","2017Q4","2","102"
"r_10","9","1000cp","2017Q4","0","342.7"
"r_10","9","1000cp","2017Q4","1","220.9"
"r_10","9","1000cp","2017Q4","2","121.8"
"r_11","total","1000cp","2018Q1","0","3099.3"
"r_11","total","1000cp","2018Q1","1","1655.8"
"r_11","total","1000cp","2018Q1","2","1443.6"
"r_11","1","1000cp","2018Q1","0","181"
"r_11","1","1000cp","2018Q1","1","115.1"
"r_11","1","1000cp","2018Q1","2","65.8"
"r_11","2","1000cp","2018Q1","0","521.3"
"r_11","2","1000cp","2018Q1","1","177.2"
"r_11","2","1000cp","2018Q1","2","344.2"
"r_11","3","1000cp","2018Q1","0","310.2"
"r_11","3","1000cp","2018Q1","1","165"
"r_11","3","1000cp","2018Q1","2","145.2"
"r_11","4","1000cp","2018Q1","0","185"
"r_11","4","1000cp","2018Q1","1","47.8"
"r_11","4","1000cp","2018Q1","2","137.2"
"r_11","5","1000cp","2018Q1","0","647.9"
"r_11","5","1000cp","2018Q1","1","252.8"
"r_11","5","1000cp","2018Q1","2","395.1"
"r_11","6","1000cp","2018Q1","0","94.3"
"r_11","6","1000cp","2018Q1","1","63.8"
"r_11","6","1000cp","2018Q1","2","30.5"
"r_11","7","1000cp","2018Q1","0","401"
"r_11","7","1000cp","2018Q1","1","297.4"
"r_11","7","1000cp","2018Q1","2","103.7"
"r_11","8","1000cp","2018Q1","0","411.4"
"r_11","8","1000cp","2018Q1","1","313.8"
"r_11","8","1000cp","2018Q1","2","97.7"
"r_11","9","1000cp","2018Q1","0","323.4"
"r_11","9","1000cp","2018Q1","1","202.6"
"r_11","9","1000cp","2018Q1","2","120.8"
"r_12","total","1000cp","2018Q2","0","3157.1"
"r_12","total","1000cp","2018Q2","1","1678.1"
"r_12","total","1000cp","2018Q2","2","1479"
"r_12","1","1000cp","2018Q2","0","180.3"
"r_12","1","1000cp","2018Q2","1","114.2"
"r_12","1","1000cp","2018Q2","2","66.1"
"r_12","2","1000cp","2018Q2","0","517.9"
"r_12","2","1000cp","2018Q2","1","187.5"
"r_12","2","1000cp","2018Q2","2","330.4"
"r_12","3","1000cp","2018Q2","0","312.8"
"r_12","3","1000cp","2018Q2","1","165.5"
"r_12","3","1000cp","2018Q2","2","147.3"
"r_12","4","1000cp","2018Q2","0","200.8"
"r_12","4","1000cp","2018Q2","1","55.2"
"r_12","4","1000cp","2018Q2","2","145.6"
"r_12","5","1000cp","2018Q2","0","669.6"
"r_12","5","1000cp","2018Q2","1","249.2"
"r_12","5","1000cp","2018Q2","2","420.3"
"r_12","6","1000cp","2018Q2","0","102.7"
"r_12","6","1000cp","2018Q2","1","67.4"
"r_12","6","1000cp","2018Q2","2","35.3"
"r_12","7","1000cp","2018Q2","0","405.3"
"r_12","7","1000cp","2018Q2","1","302.2"
"r_12","7","1000cp","2018Q2","2","103.1"
"r_12","8","1000cp","2018Q2","0","399.9"
"r_12","8","1000cp","2018Q2","1","304.6"
"r_12","8","1000cp","2018Q2","2","95.3"
"r_12","9","1000cp","2018Q2","0","345.4"
"r_12","9","1000cp","2018Q2","1","213.9"
"r_12","9","1000cp","2018Q2","2","131.5"
"r_13","total","1000cp","2018Q3","0","3205.3"
"r_13","total","1000cp","2018Q3","1","1712.2"
"r_13","total","1000cp","2018Q3","2","1493.2"
"r_13","1","1000cp","2018Q3","0","171.7"
"r_13","1","1000cp","2018Q3","1","100.9"
"r_13","1","1000cp","2018Q3","2","70.8"
"r_13","2","1000cp","2018Q3","0","528.2"
"r_13","2","1000cp","2018Q3","1","183.9"
"r_13","2","1000cp","2018Q3","2","344.4"
"r_13","3","1000cp","2018Q3","0","283.9"
"r_13","3","1000cp","2018Q3","1","154.4"
"r_13","3","1000cp","2018Q3","2","129.5"
"r_13","4","1000cp","2018Q3","0","198"
"r_13","4","1000cp","2018Q3","1","57.7"
"r_13","4","1000cp","2018Q3","2","140.3"
"r_13","5","1000cp","2018Q3","0","680.8"
"r_13","5","1000cp","2018Q3","1","267.8"
"r_13","5","1000cp","2018Q3","2","412.9"
"r_13","6","1000cp","2018Q3","0","109"
"r_13","6","1000cp","2018Q3","1","69.2"
"r_13","6","1000cp","2018Q3","2","39.8"
"r_13","7","1000cp","2018Q3","0","418"
"r_13","7","1000cp","2018Q3","1","308.1"
"r_13","7","1000cp","2018Q3","2","109.9"
"r_13","8","1000cp","2018Q3","0","402.9"
"r_13","8","1000cp","2018Q3","1","307.1"
"r_13","8","1000cp","2018Q3","2","95.8"
"r_13","9","1000cp","2018Q3","0","390.8"
"r_13","9","1000cp","2018Q3","1","245.5"
"r_13","9","1000cp","2018Q3","2","145.3"
"r_14","total","1000cp","2018Q4","0","3148.9"
"r_14","total","1000cp","2018Q4","1","1695.3"
"r_14","total","1000cp","2018Q4","2","1453.6"
"r_14","1","1000cp","2018Q4","0","164"
"r_14","1","1000cp","2018Q4","1","97.9"
"r_14","1","1000cp","2018Q4","2","66.1"
"r_14","2","1000cp","2018Q4","0","531.7"
"r_14","2","1000cp","2018Q4","1","177.2"
"r_14","2","1000cp","2018Q4","2","354.5"
"r_14","3","1000cp","2018Q4","0","280.8"
"r_14","3","1000cp","2018Q4","1","156.1"
"r_14","3","1000cp","2018Q4","2","124.7"
"r_14","4","1000cp","2018Q4","0","190.9"
"r_14","4","1000cp","2018Q4","1","52.5"
"r_14","4","1000cp","2018Q4","2","138.5"
"r_14","5","1000cp","2018Q4","0","677.4"
"r_14","5","1000cp","2018Q4","1","279.7"
"r_14","5","1000cp","2018Q4","2","397.7"
"r_14","6","1000cp","2018Q4","0","95"
"r_14","6","1000cp","2018Q4","1","61.3"
"r_14","6","1000cp","2018Q4","2","33.7"
"r_14","7","1000cp","2018Q4","0","411.4"
"r_14","7","1000cp","2018Q4","1","306.9"
"r_14","7","1000cp","2018Q4","2","104.5"
"r_14","8","1000cp","2018Q4","0","406.8"
"r_14","8","1000cp","2018Q4","1","309.7"
"r_14","8","1000cp","2018Q4","2","97"
"r_14","9","1000cp","2018Q4","0","366.9"
"r_14","9","1000cp","2018Q4","1","233.6"
"r_14","9","1000cp","2018Q4","2","133.2"
"r_15","total","1000cp","2019Q1","0","3147.8"
"r_15","total","1000cp","2019Q1","1","1681.4"
"r_15","total","1000cp","2019Q1","2","1466.4"
"r_15","1","1000cp","2019Q1","0","165.7"
"r_15","1","1000cp","2019Q1","1","101.9"
"r_15","1","1000cp","2019Q1","2","63.8"
"r_15","2","1000cp","2019Q1","0","525.5"
"r_15","2","1000cp","2019Q1","1","186.3"
"r_15","2","1000cp","2019Q1","2","339.2"
"r_15","3","1000cp","2019Q1","0","299.8"
"r_15","3","1000cp","2019Q1","1","160.6"
"r_15","3","1000cp","2019Q1","2","139.2"
"r_15","4","1000cp","2019Q1","0","192.7"
"r_15","4","1000cp","2019Q1","1","55"
"r_15","4","1000cp","2019Q1","2","137.7"
"r_15","5","1000cp","2019Q1","0","687"
"r_15","5","1000cp","2019Q1","1","267.9"
"r_15","5","1000cp","2019Q1","2","419.1"
"r_15","6","1000cp","2019Q1","0","98.5"
"r_15","6","1000cp","2019Q1","1","65"
"r_15","6","1000cp","2019Q1","2","33.5"
"r_15","7","1000cp","2019Q1","0","398.7"
"r_15","7","1000cp","2019Q1","1","297.8"
"r_15","7","1000cp","2019Q1","2","100.9"
"r_15","8","1000cp","2019Q1","0","404.3"
"r_15","8","1000cp","2019Q1","1","308.3"
"r_15","8","1000cp","2019Q1","2","96"
"r_15","9","1000cp","2019Q1","0","351.9"
"r_15","9","1000cp","2019Q1","1","218.4"
"r_15","9","1000cp","2019Q1","2","133.4"
"r_16","total","1000cp","2019Q2","0","3262.8"
"r_16","total","1000cp","2019Q2","1","1733.2"
"r_16","total","1000cp","2019Q2","2","1529.7"
"r_16","1","1000cp","2019Q2","0","169.8"
"r_16","1","1000cp","2019Q2","1","108.1"
"r_16","1","1000cp","2019Q2","2","61.7"
"r_16","2","1000cp","2019Q2","0","545.4"
"r_16","2","1000cp","2019Q2","1","194.9"
"r_16","2","1000cp","2019Q2","2","350.4"
"r_16","3","1000cp","2019Q2","0","313.2"
"r_16","3","1000cp","2019Q2","1","161.7"
"r_16","3","1000cp","2019Q2","2","151.5"
"r_16","4","1000cp","2019Q2","0","207.8"
"r_16","4","1000cp","2019Q2","1","62.6"
"r_16","4","1000cp","2019Q2","2","145.3"
"r_16","5","1000cp","2019Q2","0","695.2"
"r_16","5","1000cp","2019Q2","1","259.7"
"r_16","5","1000cp","2019Q2","2","435.5"
"r_16","6","1000cp","2019Q2","0","109.9"
"r_16","6","1000cp","2019Q2","1","73.1"
"r_16","6","1000cp","2019Q2","2","36.8"
"r_16","7","1000cp","2019Q2","0","413.8"
"r_16","7","1000cp","2019Q2","1","306.8"
"r_16","7","1000cp","2019Q2","2","107"
"r_16","8","1000cp","2019Q2","0","403.6"
"r_16","8","1000cp","2019Q2","1","309.4"
"r_16","8","1000cp","2019Q2","2","94.2"
"r_16","9","1000cp","2019Q2","0","381.6"
"r_16","9","1000cp","2019Q2","1","237.9"
"r_16","9","1000cp","2019Q2","2","143.6"
"r_17","total","1000cp","2019Q3","0","3299.2"
"r_17","total","1000cp","2019Q3","1","1771.3"
"r_17","total","1000cp","2019Q3","2","1527.9"
"r_17","1","1000cp","2019Q3","0","177"
"r_17","1","1000cp","2019Q3","1","108"
"r_17","1","1000cp","2019Q3","2","68.9"
"r_17","2","1000cp","2019Q3","0","545.4"
"r_17","2","1000cp","2019Q3","1","188.8"
"r_17","2","1000cp","2019Q3","2","356.6"
"r_17","3","1000cp","2019Q3","0","297.6"
"r_17","3","1000cp","2019Q3","1","160.6"
"r_17","3","1000cp","2019Q3","2","137"
"r_17","4","1000cp","2019Q3","0","193.4"
"r_17","4","1000cp","2019Q3","1","53.2"
"r_17","4","1000cp","2019Q3","2","140.2"
"r_17","5","1000cp","2019Q3","0","694.9"
"r_17","5","1000cp","2019Q3","1","265.6"
"r_17","5","1000cp","2019Q3","2","429.2"
"r_17","6","1000cp","2019Q3","0","111.6"
"r_17","6","1000cp","2019Q3","1","73"
"r_17","6","1000cp","2019Q3","2","38.6"
"r_17","7","1000cp","2019Q3","0","417.5"
"r_17","7","1000cp","2019Q3","1","309.7"
"r_17","7","1000cp","2019Q3","2","107.8"
"r_17","8","1000cp","2019Q3","0","418.4"
"r_17","8","1000cp","2019Q3","1","322.3"
"r_17","8","1000cp","2019Q3","2","96.1"
"r_17","9","1000cp","2019Q3","0","417.5"
"r_17","9","1000cp","2019Q3","1","267.7"
"r_17","9","1000cp","2019Q3","2","149.7"
"r_18","total","1000cp","2019Q4","0","3222.7"
"r_18","total","1000cp","2019Q4","1","1742.3"
"r_18","total","1000cp","2019Q4","2","1480.4"
"r_18","1","1000cp","2019Q4","0","160.7"
"r_18","1","1000cp","2019Q4","1","92.6"
"r_18","1","1000cp","2019Q4","2","68.1"
"r_18","2","1000cp","2019Q4","0","540.8"
"r_18","2","1000cp","2019Q4","1","190.4"
"r_18","2","1000cp","2019Q4","2","350.4"
"r_18","3","1000cp","2019Q4","0","281.7"
"r_18","3","1000cp","2019Q4","1","153.6"
"r_18","3","1000cp","2019Q4","2","128.2"
"r_18","4","1000cp","2019Q4","0","190.9"
"r_18","4","1000cp","2019Q4","1","53.9"
"r_18","4","1000cp","2019Q4","2","137"
"r_18","5","1000cp","2019Q4","0","694.3"
"r_18","5","1000cp","2019Q4","1","279.3"
"r_18","5","1000cp","2019Q4","2","415.1"
"r_18","6","1000cp","2019Q4","0","105.1"
"r_18","6","1000cp","2019Q4","1","71"
"r_18","6","1000cp","2019Q4","2","34.1"
"r_18","7","1000cp","2019Q4","0","416.4"
"r_18","7","1000cp","2019Q4","1","315.6"
"r_18","7","1000cp","2019Q4","2","100.7"
"r_18","8","1000cp","2019Q4","0","417.2"
"r_18","8","1000cp","2019Q4","1","315.1"
"r_18","8","1000cp","2019Q4","2","102.1"
"r_18","9","1000cp","2019Q4","0","388.1"
"r_18","9","1000cp","2019Q4","1","247.8"
"r_18","9","1000cp","2019Q4","2","140.4"
"r_19","total","1000cp","2020Q1","0","3107.2"
"r_19","total","1000cp","2020Q1","1","1667.1"
"r_19","total","1000cp","2020Q1","2","1440.1"
"r_19","1","1000cp","2020Q1","0","147.9"
"r_19","1","1000cp","2020Q1","1","86.5"
"r_19","1","1000cp","2020Q1","2","61.4"
"r_19","2","1000cp","2020Q1","0","526"
"r_19","2","1000cp","2020Q1","1","192.4"
"r_19","2","1000cp","2020Q1","2","333.6"
"r_19","3","1000cp","2020Q1","0","288.6"
"r_19","3","1000cp","2020Q1","1","142.3"
"r_19","3","1000cp","2020Q1","2","146.3"
"r_19","4","1000cp","2020Q1","0","190"
"r_19","4","1000cp","2020Q1","1","56"
"r_19","4","1000cp","2020Q1","2","134.1"
"r_19","5","1000cp","2020Q1","0","689.5"
"r_19","5","1000cp","2020Q1","1","276"
"r_19","5","1000cp","2020Q1","2","413.6"
"r_19","6","1000cp","2020Q1","0","98.5"
"r_19","6","1000cp","2020Q1","1","66.2"
"r_19","6","1000cp","2020Q1","2","32.2"
"r_19","7","1000cp","2020Q1","0","391.3"
"r_19","7","1000cp","2020Q1","1","296.7"
"r_19","7","1000cp","2020Q1","2","94.6"
"r_19","8","1000cp","2020Q1","0","409.5"
"r_19","8","1000cp","2020Q1","1","314"
"r_19","8","1000cp","2020Q1","2","95.5"
"r_19","9","1000cp","2020Q1","0","344.5"
"r_19","9","1000cp","2020Q1","1","219.4"
"r_19","9","1000cp","2020Q1","2","125.1"
"r_20","total","1000cp","2020Q2","0","3079.6"
"r_20","total","1000cp","2020Q2","1","1642"
"r_20","total","1000cp","2020Q2","2","1437.6"
"r_20","1","1000cp","2020Q2","0","179.2"
"r_20","1","1000cp","2020Q2","1","104.4"
"r_20","1","1000cp","2020Q2","2","74.8"
"r_20","2","1000cp","2020Q2","0","574.3"
"r_20","2","1000cp","2020Q2","1","211.6"
"r_20","2","1000cp","2020Q2","2","362.6"
"r_20","3","1000cp","2020Q2","0","302.5"
"r_20","3","1000cp","2020Q2","1","152.5"
"r_20","3","1000cp","2020Q2","2","150"
"r_20","4","1000cp","2020Q2","0","180.7"
"r_20","4","1000cp","2020Q2","1","53.9"
"r_20","4","1000cp","2020Q2","2","126.7"
"r_20","5","1000cp","2020Q2","0","604.5"
"r_20","5","1000cp","2020Q2","1","231.9"
"r_20","5","1000cp","2020Q2","2","372.6"
"r_20","6","1000cp","2020Q2","0","103.9"
"r_20","6","1000cp","2020Q2","1","71.5"
"r_20","6","1000cp","2020Q2","2","32.5"
"r_20","7","1000cp","2020Q2","0","387.8"
"r_20","7","1000cp","2020Q2","1","280.7"
"r_20","7","1000cp","2020Q2","2","107.1"
"r_20","8","1000cp","2020Q2","0","395.8"
"r_20","8","1000cp","2020Q2","1","306.5"
"r_20","8","1000cp","2020Q2","2","89.2"
"r_20","9","1000cp","2020Q2","0","330.4"
"r_20","9","1000cp","2020Q2","1","211.4"
"r_20","9","1000cp","2020Q2","2","119"
"r_21","total","1000cp","2020Q3","0","3173.2"
"r_21","total","1000cp","2020Q3","1","1703"
"r_21","total","1000cp","2020Q3","2","1470.2"
"r_21","1","1000cp","2020Q3","0","161.1"
"r_21","1","1000cp","2020Q3","1","95.2"
"r_21","1","1000cp","2020Q3","2","65.9"
"r_21","2","1000cp","2020Q3","0","576.7"
"r_21","2","1000cp","2020Q3","1","211.2"
"r_21","2","1000cp","2020Q3","2","365.5"
"r_21","3","1000cp","2020Q3","0","299.1"
"r_21","3","1000cp","2020Q3","1","159"
"r_21","3","1000cp","2020Q3","2","140.1"
"r_21","4","1000cp","2020Q3","0","176.1"
"r_21","4","1000cp","2020Q3","1","47.1"
"r_21","4","1000cp","2020Q3","2","129.1"
"r_21","5","1000cp","2020Q3","0","638.1"
"r_21","5","1000cp","2020Q3","1","243.7"
"r_21","5","1000cp","2020Q3","2","394.3"
"r_21","6","1000cp","2020Q3","0","117.8"
"r_21","6","1000cp","2020Q3","1","79.2"
"r_21","6","1000cp","2020Q3","2","38.6"
"r_21","7","1000cp","2020Q3","0","401.3"
"r_21","7","1000cp","2020Q3","1","296.4"
"r_21","7","1000cp","2020Q3","2","104.9"
"r_21","8","1000cp","2020Q3","0","405.5"
"r_21","8","1000cp","2020Q3","1","306.7"
"r_21","8","1000cp","2020Q3","2","98.8"
"r_21","9","1000cp","2020Q3","0","373.2"
"r_21","9","1000cp","2020Q3","1","243.7"
"r_21","9","1000cp","2020Q3","2","129.5"
"r_22","total","1000cp","2020Q4","0","3126.9"
"r_22","total","1000cp","2020Q4","1","1692.3"
"r_22","total","1000cp","2020Q4","2","1434.5"
"r_22","1","1000cp","2020Q4","0","163.1"
"r_22","1","1000cp","2020Q4","1","95.9"
"r_22","1","1000cp","2020Q4","2","67.2"
"r_22","2","1000cp","2020Q4","0","574.1"
"r_22","2","1000cp","2020Q4","1","207.9"
"r_22","2","1000cp","2020Q4","2","366.1"
"r_22","3","1000cp","2020Q4","0","280.2"
"r_22","3","1000cp","2020Q4","1","146.7"
"r_22","3","1000cp","2020Q4","2","133.6"
"r_22","4","1000cp","2020Q4","0","180.3"
"r_22","4","1000cp","2020Q4","1","47.9"
"r_22","4","1000cp","2020Q4","2","132.4"
"r_22","5","1000cp","2020Q4","0","613.1"
"r_22","5","1000cp","2020Q4","1","243.5"
"r_22","5","1000cp","2020Q4","2","369.6"
"r_22","6","1000cp","2020Q4","0","105.1"
"r_22","6","1000cp","2020Q4","1","72.6"
"r_22","6","1000cp","2020Q4","2","32.6"
"r_22","7","1000cp","2020Q4","0","413.2"
"r_22","7","1000cp","2020Q4","1","313.9"
"r_22","7","1000cp","2020Q4","2","99.2"
"r_22","8","1000cp","2020Q4","0","411.1"
"r_22","8","1000cp","2020Q4","1","309"
"r_22","8","1000cp","2020Q4","2","102.1"
"r_22","9","1000cp","2020Q4","0","360.6"
"r_22","9","1000cp","2020Q4","1","231.7"
"r_22","9","1000cp","2020Q4","2","128.9"
"r_31","total","1000cp","2023Q1","0","2928"
"r_31","total","1000cp","2023Q1","1","1545.5"
"r_31","total","1000cp","2023Q1","2","1382.5"
"r_31","1","1000cp","2023Q1","0","163.6"
"r_31","1","1000cp","2023Q1","1","97"
"r_31","1","1000cp","2023Q1","2","66.6"
"r_31","2","1000cp","2023Q1","0","536.7"
"r_31","2","1000cp","2023Q1","1","190.6"
"r_31","2","1000cp","2023Q1","2","346.2"
"r_31","3","1000cp","2023Q1","0","271.2"
"r_31","3","1000cp","2023Q1","1","136"
"r_31","3","1000cp","2023Q1","2","135.1"
"r_31","4","1000cp","2023Q1","0","180.1"
"r_31","4","1000cp","2023Q1","1","53"
"r_31","4","1000cp","2023Q1","2","127.2"
"r_31","5","1000cp","2023Q1","0","592.3"
"r_31","5","1000cp","2023Q1","1","219.1"
"r_31","5","1000cp","2023Q1","2","373.2"
"r_31","6","1000cp","2023Q1","0","71.2"
"r_31","6","1000cp","2023Q1","1","46.8"
"r_31","6","1000cp","2023Q1","2","24.4"
"r_31","7","1000cp","2023Q1","0","366.8"
"r_31","7","1000cp","2023Q1","1","284.2"
"r_31","7","1000cp","2023Q1","2","82.6"
"r_31","8","1000cp","2023Q1","0","394.1"
"r_31","8","1000cp","2023Q1","1","301.1"
"r_31","8","1000cp","2023Q1","2","93"
"r_31","9","1000cp","2023Q1","0","325.3"
"r_31","9","1000cp","2023Q1","1","196.5"
"r_31","9","1000cp","2023Q1","2","128.8"
"r_32","total","1000cp","2023Q2","0","2914.3"
"r_32","total","1000cp","2023Q2","1","1545.1"
"r_32","total","1000cp","2023Q2","2","1369.3"
"r_32","1","1000cp","2023Q2","0","163.8"
"r_32","1","1000cp","2023Q2","1","94.4"
"r_32","1","1000cp","2023Q2","2","69.4"
"r_32","2","1000cp","2023Q2","0","558.5"
"r_32","2","1000cp","2023Q2","1","200.6"
"r_32","2","1000cp","2023Q2","2","357.9"
"r_32","3","1000cp","2023Q2","0","285.7"
"r_32","3","1000cp","2023Q2","1","148.5"
"r_32","3","1000cp","2023Q2","2","137.2"
"r_32","4","1000cp","2023Q2","0","170.9"
"r_32","4","1000cp","2023Q2","1","53.8"
"r_32","4","1000cp","2023Q2","2","117.2"
"r_32","5","1000cp","2023Q2","0","553.8"
"r_32","5","1000cp","2023Q2","1","207.3"
"r_32","5","1000cp","2023Q2","2","346.4"
"r_32","6","1000cp","2023Q2","0","76.5"
"r_32","6","1000cp","2023Q2","1","52.6"
"r_32","6","1000cp","2023Q2","2","24"
"r_32","7","1000cp","2023Q2","0","348.1"
"r_32","7","1000cp","2023Q2","1","265.5"
"r_32","7","1000cp","2023Q2","2","82.6"
"r_32","8","1000cp","2023Q2","0","397.2"
"r_32","8","1000cp","2023Q2","1","304.4"
"r_32","8","1000cp","2023Q2","2","92.8"
"r_32","9","1000cp","2023Q2","0","337.3"
"r_32","9","1000cp","2023Q2","1","200.1"
"r_32","9","1000cp","2023Q2","2","137.2"
"r_33","total","1000cp","2023Q3","0","2964.7"
"r_33","total","1000cp","2023Q3","1","1566.8"
"r_33","total","1000cp","2023Q3","2","1397.9"
"r_33","1","1000cp","2023Q3","0","160.1"
"r_33","1","1000cp","2023Q3","1","90.1"
"r_33","1","1000cp","2023Q3","2","69.9"
"r_33","2","1000cp","2023Q3","0","555.2"
"r_33","2","1000cp","2023Q3","1","208.3"
"r_33","2","1000cp","2023Q3","2","346.9"
"r_33","3","1000cp","2023Q3","0","289.4"
"r_33","3","1000cp","2023Q3","1","152.7"
"r_33","3","1000cp","2023Q3","2","136.7"
"r_33","4","1000cp","2023Q3","0","174.9"
"r_33","4","1000cp","2023Q3","1","51.2"
"r_33","4","1000cp","2023Q3","2","123.7"
"r_33","5","1000cp","2023Q3","0","578.2"
"r_33","5","1000cp","2023Q3","1","209.5"
"r_33","5","1000cp","2023Q3","2","368.7"
"r_33","6","1000cp","2023Q3","0","85.7"
"r_33","6","1000cp","2023Q3","1","58"
"r_33","6","1000cp","2023Q3","2","27.7"
"r_33","7","1000cp","2023Q3","0","353.9"
"r_33","7","1000cp","2023Q3","1","270.1"
"r_33","7","1000cp","2023Q3","2","83.8"
"r_33","8","1000cp","2023Q3","0","402.8"
"r_33","8","1000cp","2023Q3","1","306.6"
"r_33","8","1000cp","2023Q3","2","96.2"
"r_33","9","1000cp","2023Q3","0","347"
"r_33","9","1000cp","2023Q3","1","206"
"r_33","9","1000cp","2023Q3","2","141"
"r_34","total","1000cp","2022Q1","0","2868"
"r_34","total","1000cp","2022Q1","1","1519.9"
"r_34","total","1000cp","2022Q1","2","1348.1"
"r_34","1","1000cp","2022Q1","0","155.9"
"r_34","1","1000cp","2022Q1","1","93.4"
"r_34","1","1000cp","2022Q1","2","62.6"
"r_34","2","1000cp","2022Q1","0","547.1"
"r_34","2","1000cp","2022Q1","1","194.5"
"r_34","2","1000cp","2022Q1","2","352.6"
"r_34","3","1000cp","2022Q1","0","259"
"r_34","3","1000cp","2022Q1","1","139.1"
"r_34","3","1000cp","2022Q1","2","119.9"
"r_34","4","1000cp","2022Q1","0","165.7"
"r_34","4","1000cp","2022Q1","1","45.1"
"r_34","4","1000cp","2022Q1","2","120.6"
"r_34","5","1000cp","2022Q1","0","563.8"
"r_34","5","1000cp","2022Q1","1","204.2"
"r_34","5","1000cp","2022Q1","2","359.6"
"r_34","6","1000cp","2022Q1","0","80"
"r_34","6","1000cp","2022Q1","1","52.1"
"r_34","6","1000cp","2022Q1","2","27.9"
"r_34","7","1000cp","2022Q1","0","346.3"
"r_34","7","1000cp","2022Q1","1","265.4"
"r_34","7","1000cp","2022Q1","2","80.8"
"r_34","8","1000cp","2022Q1","0","399.5"
"r_34","8","1000cp","2022Q1","1","306.5"
"r_34","8","1000cp","2022Q1","2","93"
"r_34","9","1000cp","2022Q1","0","326.3"
"r_34","9","1000cp","2022Q1","1","198.2"
"r_34","9","1000cp","2022Q1","2","128.1"
"r_35","total","1000cp","2022Q2","0","2913.6"
"r_35","total","1000cp","2022Q2","1","1545.3"
"r_35","total","1000cp","2022Q2","2","1368.3"
"r_35","1","1000cp","2022Q2","0","160.7"
"r_35","1","1000cp","2022Q2","1","92.7"
"r_35","1","1000cp","2022Q2","2","68"
"r_35","2","1000cp","2022Q2","0","547.6"
"r_35","2","1000cp","2022Q2","1","194.6"
"r_35","2","1000cp","2022Q2","2","353"
"r_35","3","1000cp","2022Q2","0","269.3"
"r_35","3","1000cp","2022Q2","1","144.9"
"r_35","3","1000cp","2022Q2","2","124.4"
"r_35","4","1000cp","2022Q2","0","172.4"
"r_35","4","1000cp","2022Q2","1","49.5"
"r_35","4","1000cp","2022Q2","2","122.8"
"r_35","5","1000cp","2022Q2","0","567.3"
"r_35","5","1000cp","2022Q2","1","212.7"
"r_35","5","1000cp","2022Q2","2","354.6"
"r_35","6","1000cp","2022Q2","0","89.2"
"r_35","6","1000cp","2022Q2","1","58.6"
"r_35","6","1000cp","2022Q2","2","30.5"
"r_35","7","1000cp","2022Q2","0","346.6"
"r_35","7","1000cp","2022Q2","1","263.8"
"r_35","7","1000cp","2022Q2","2","82.8"
"r_35","8","1000cp","2022Q2","0","402.8"
"r_35","8","1000cp","2022Q2","1","307.3"
"r_35","8","1000cp","2022Q2","2","95.5"
"r_35","9","1000cp","2022Q2","0","335.8"
"r_35","9","1000cp","2022Q2","1","203.4"
"r_35","9","1000cp","2022Q2","2","132.4"
"r_36","total","1000cp","2022Q3","0","3000.2"
"r_36","total","1000cp","2022Q3","1","1597.5"
"r_36","total","1000cp","2022Q3","2","1402.7"
"r_36","1","1000cp","2022Q3","0","161.5"
"r_36","1","1000cp","2022Q3","1","97"
"r_36","1","1000cp","2022Q3","2","64.5"
"r_36","2","1000cp","2022Q3","0","531.2"
"r_36","2","1000cp","2022Q3","1","182"
"r_36","2","1000cp","2022Q3","2","349.2"
"r_36","3","1000cp","2022Q3","0","287.7"
"r_36","3","1000cp","2022Q3","1","154.8"
"r_36","3","1000cp","2022Q3","2","132.9"
"r_36","4","1000cp","2022Q3","0","175.9"
"r_36","4","1000cp","2022Q3","1","51.2"
"r_36","4","1000cp","2022Q3","2","124.7"
"r_36","5","1000cp","2022Q3","0","581.4"
"r_36","5","1000cp","2022Q3","1","221.7"
"r_36","5","1000cp","2022Q3","2","359.6"
"r_36","6","1000cp","2022Q3","0","102.2"
"r_36","6","1000cp","2022Q3","1","70"
"r_36","6","1000cp","2022Q3","2","32.2"
"r_36","7","1000cp","2022Q3","0","360.3"
"r_36","7","1000cp","2022Q3","1","271.2"
"r_36","7","1000cp","2022Q3","2","89"
"r_36","8","1000cp","2022Q3","0","401.1"
"r_36","8","1000cp","2022Q3","1","305"
"r_36","8","1000cp","2022Q3","2","96.1"
"r_36","9","1000cp","2022Q3","0","381.2"
"r_36","9","1000cp","2022Q3","1","230.6"
"r_36","9","1000cp","2022Q3","2","150.6"
"r_37","total","1000cp","2022Q4","0","2980.5"
"r_37","total","1000cp","2022Q4","1","1581.8"
"r_37","total","1000cp","2022Q4","2","1398.7"
"r_37","1","1000cp","2022Q4","0","156.4"
"r_37","1","1000cp","2022Q4","1","92.2"
"r_37","1","1000cp","2022Q4","2","64.2"
"r_37","2","1000cp","2022Q4","0","528.6"
"r_37","2","1000cp","2022Q4","1","189.6"
"r_37","2","1000cp","2022Q4","2","339"
"r_37","3","1000cp","2022Q4","0","270.8"
"r_37","3","1000cp","2022Q4","1","144.4"
"r_37","3","1000cp","2022Q4","2","126.4"
"r_37","4","1000cp","2022Q4","0","185.7"
"r_37","4","1000cp","2022Q4","1","51.2"
"r_37","4","1000cp","2022Q4","2","134.6"
"r_37","5","1000cp","2022Q4","0","599.7"
"r_37","5","1000cp","2022Q4","1","220"
"r_37","5","1000cp","2022Q4","2","379.7"
"r_37","6","1000cp","2022Q4","0","86.2"
"r_37","6","1000cp","2022Q4","1","57.1"
"r_37","6","1000cp","2022Q4","2","29.1"
"r_37","7","1000cp","2022Q4","0","376.5"
"r_37","7","1000cp","2022Q4","1","289.2"
"r_37","7","1000cp","2022Q4","2","87.3"
"r_37","8","1000cp","2022Q4","0","397.9"
"r_37","8","1000cp","2022Q4","1","300.4"
"r_37","8","1000cp","2022Q4","2","97.5"
"r_37","9","1000cp","2022Q4","0","357.3"
"r_37","9","1000cp","2022Q4","1","220.2"
"r_37","9","1000cp","2022Q4","2","137.1"
"r_38","total","1000cp","2023Q4","0","2920.6"
"r_38","total","1000cp","2023Q4","1","1556.5"
"r_38","total","1000cp","2023Q4","2","1364.1"
"r_38","1","1000cp","2023Q4","0","158.7"
"r_38","1","1000cp","2023Q4","1","92.8"
"r_38","1","1000cp","2023Q4","2","65.9"
"r_38","2","1000cp","2023Q4","0","524.6"
"r_38","2","1000cp","2023Q4","1","192.4"
"r_38","2","1000cp","2023Q4","2","332.2"
"r_38","3","1000cp","2023Q4","0","287.3"
"r_38","3","1000cp","2023Q4","1","153"
"r_38","3","1000cp","2023Q4","2","134.3"
"r_38","4","1000cp","2023Q4","0","187.5"
"r_38","4","1000cp","2023Q4","1","55.2"
"r_38","4","1000cp","2023Q4","2","132.3"
"r_38","5","1000cp","2023Q4","0","578.4"
"r_38","5","1000cp","2023Q4","1","216.1"
"r_38","5","1000cp","2023Q4","2","362.3"
"r_38","6","1000cp","2023Q4","0","75.4"
"r_38","6","1000cp","2023Q4","1","51.7"
"r_38","6","1000cp","2023Q4","2","23.7"
"r_38","7","1000cp","2023Q4","0","359.6"
"r_38","7","1000cp","2023Q4","1","276.8"
"r_38","7","1000cp","2023Q4","2","82.8"
"r_38","8","1000cp","2023Q4","0","393.2"
"r_38","8","1000cp","2023Q4","1","303.6"
"r_38","8","1000cp","2023Q4","2","89.7"
"r_38","9","1000cp","2023Q4","0","333.7"
"r_38","9","1000cp","2023Q4","1","198"
"r_38","9","1000cp","2023Q4","2","135.7"
"r_39","total","1000cp","2024Q1","0","2907.3"
"r_39","total","1000cp","2024Q1","1","1547.1"
"r_39","total","1000cp","2024Q1","2","1360.2"
"r_39","1","1000cp","2024Q1","0","168.4"
"r_39","1","1000cp","2024Q1","1","99.3"
"r_39","1","1000cp","2024Q1","2","69.1"
"r_39","2","1000cp","2024Q1","0","552"
"r_39","2","1000cp","2024Q1","1","197.4"
"r_39","2","1000cp","2024Q1","2","354.5"
"r_39","3","1000cp","2024Q1","0","288.6"
"r_39","3","1000cp","2024Q1","1","152.1"
"r_39","3","1000cp","2024Q1","2","136.5"
"r_39","4","1000cp","2024Q1","0","182.4"
"r_39","4","1000cp","2024Q1","1","57.3"
"r_39","4","1000cp","2024Q1","2","125.1"
"r_39","5","1000cp","2024Q1","0","577.9"
"r_39","5","1000cp","2024Q1","1","208.4"
"r_39","5","1000cp","2024Q1","2","369.6"
"r_39","6","1000cp","2024Q1","0","69.6"
"r_39","6","1000cp","2024Q1","1","50.5"
"r_39","6","1000cp","2024Q1","2","19.1"
"r_39","7","1000cp","2024Q1","0","358.5"
"r_39","7","1000cp","2024Q1","1","282.5"
"r_39","7","1000cp","2024Q1","2","76"
"r_39","8","1000cp","2024Q1","0","371.7"
"r_39","8","1000cp","2024Q1","1","289.6"
"r_39","8","1000cp","2024Q1","2","82.1"
"r_39","9","1000cp","2024Q1","0","313.5"
"r_39","9","1000cp","2024Q1","1","190.2"
"r_39","9","1000cp","2024Q1","2","123.3"
"r_40","total","1000cp","2021Q1","0","2838.8"
"r_40","total","1000cp","2021Q1","1","1517.4"
"r_40","total","1000cp","2021Q1","2","1321.4"
"r_40","1","1000cp","2021Q1","0","150.1"
"r_40","1","1000cp","2021Q1","1","89.5"
"r_40","1","1000cp","2021Q1","2","60.7"
"r_40","2","1000cp","2021Q1","0","527.9"
"r_40","2","1000cp","2021Q1","1","192.1"
"r_40","2","1000cp","2021Q1","2","335.8"
"r_40","3","1000cp","2021Q1","0","270.7"
"r_40","3","1000cp","2021Q1","1","135.4"
"r_40","3","1000cp","2021Q1","2","135.3"
"r_40","4","1000cp","2021Q1","0","168.1"
"r_40","4","1000cp","2021Q1","1","42.8"
"r_40","4","1000cp","2021Q1","2","125.3"
"r_40","5","1000cp","2021Q1","0","536.8"
"r_40","5","1000cp","2021Q1","1","202.9"
"r_40","5","1000cp","2021Q1","2","333.9"
"r_40","6","1000cp","2021Q1","0","78.5"
"r_40","6","1000cp","2021Q1","1","54.6"
"r_40","6","1000cp","2021Q1","2","23.9"
"r_40","7","1000cp","2021Q1","0","374.1"
"r_40","7","1000cp","2021Q1","1","280.2"
"r_40","7","1000cp","2021Q1","2","93.9"
"r_40","8","1000cp","2021Q1","0","386.1"
"r_40","8","1000cp","2021Q1","1","293.9"
"r_40","8","1000cp","2021Q1","2","92.2"
"r_40","9","1000cp","2021Q1","0","323.1"
"r_40","9","1000cp","2021Q1","1","204.3"
"r_40","9","1000cp","2021Q1","2","118.8"
"r_41","total","1000cp","2021Q2","0","2866.3"
"r_41","total","1000cp","2021Q2","1","1532.2"
"r_41","total","1000cp","2021Q2","2","1334.2"
"r_41","1","1000cp","2021Q2","0","151.9"
"r_41","1","1000cp","2021Q2","1","91"
"r_41","1","1000cp","2021Q2","2","60.9"
"r_41","2","1000cp","2021Q2","0","541.6"
"r_41","2","1000cp","2021Q2","1","196.7"
"r_41","2","1000cp","2021Q2","2","344.9"
"r_41","3","1000cp","2021Q2","0","271.9"
"r_41","3","1000cp","2021Q2","1","142.6"
"r_41","3","1000cp","2021Q2","2","129.3"
"r_41","4","1000cp","2021Q2","0","167.2"
"r_41","4","1000cp","2021Q2","1","43.8"
"r_41","4","1000cp","2021Q2","2","123.4"
"r_41","5","1000cp","2021Q2","0","546.2"
"r_41","5","1000cp","2021Q2","1","205.4"
"r_41","5","1000cp","2021Q2","2","340.8"
"r_41","6","1000cp","2021Q2","0","85.5"
"r_41","6","1000cp","2021Q2","1","56.7"
"r_41","6","1000cp","2021Q2","2","28.7"
"r_41","7","1000cp","2021Q2","0","366.4"
"r_41","7","1000cp","2021Q2","1","272.5"
"r_41","7","1000cp","2021Q2","2","93.9"
"r_41","8","1000cp","2021Q2","0","387.7"
"r_41","8","1000cp","2021Q2","1","298.3"
"r_41","8","1000cp","2021Q2","2","89.4"
"r_41","9","1000cp","2021Q2","0","324.3"
"r_41","9","1000cp","2021Q2","1","205"
"r_41","9","1000cp","2021Q2","2","119.3"
"r_42","total","1000cp","2021Q3","0","2927.8"
"r_42","total","1000cp","2021Q3","1","1560.6"
"r_42","total","1000cp","2021Q3","2","1367.3"
"r_42","1","1000cp","2021Q3","0","144.8"
"r_42","1","1000cp","2021Q3","1","92.5"
"r_42","1","1000cp","2021Q3","2","52.3"
"r_42","2","1000cp","2021Q3","0","554.6"
"r_42","2","1000cp","2021Q3","1","190.2"
"r_42","2","1000cp","2021Q3","2","364.4"
"r_42","3","1000cp","2021Q3","0","288.6"
"r_42","3","1000cp","2021Q3","1","156.4"
"r_42","3","1000cp","2021Q3","2","132.2"
"r_42","4","1000cp","2021Q3","0","174.6"
"r_42","4","1000cp","2021Q3","1","45.4"
"r_42","4","1000cp","2021Q3","2","129.2"
"r_42","5","1000cp","2021Q3","0","559.6"
"r_42","5","1000cp","2021Q3","1","216"
"r_42","5","1000cp","2021Q3","2","343.6"
"r_42","6","1000cp","2021Q3","0","107.3"
"r_42","6","1000cp","2021Q3","1","70"
"r_42","6","1000cp","2021Q3","2","37.3"
"r_42","7","1000cp","2021Q3","0","360.3"
"r_42","7","1000cp","2021Q3","1","272"
"r_42","7","1000cp","2021Q3","2","88.3"
"r_42","8","1000cp","2021Q3","0","376.1"
"r_42","8","1000cp","2021Q3","1","283"
"r_42","8","1000cp","2021Q3","2","93.1"
"r_42","9","1000cp","2021Q3","0","337.8"
"r_42","9","1000cp","2021Q3","1","215.9"
"r_42","9","1000cp","2021Q3","2","121.9"
"r_43","total","1000cp","2021Q4","0","2875.8"
"r_43","total","1000cp","2021Q4","1","1532.2"
"r_43","total","1000cp","2021Q4","2","1343.7"
"r_43","1","1000cp","2021Q4","0","148.1"
"r_43","1","1000cp","2021Q4","1","93.5"
"r_43","1","1000cp","2021Q4","2","54.6"
"r_43","2","1000cp","2021Q4","0","545.3"
"r_43","2","1000cp","2021Q4","1","188.4"
"r_43","2","1000cp","2021Q4","2","356.9"
"r_43","3","1000cp","2021Q4","0","278.3"
"r_43","3","1000cp","2021Q4","1","149.9"
"r_43","3","1000cp","2021Q4","2","128.5"
"r_43","4","1000cp","2021Q4","0","164.6"
"r_43","4","1000cp","2021Q4","1","42.4"
"r_43","4","1000cp","2021Q4","2","122.2"
"r_43","5","1000cp","2021Q4","0","550.5"
"r_43","5","1000cp","2021Q4","1","200.4"
"r_43","5","1000cp","2021Q4","2","350"
"r_43","6","1000cp","2021Q4","0","93.6"
"r_43","6","1000cp","2021Q4","1","61.3"
"r_43","6","1000cp","2021Q4","2","32.3"
"r_43","7","1000cp","2021Q4","0","350.9"
"r_43","7","1000cp","2021Q4","1","268"
"r_43","7","1000cp","2021Q4","2","82.9"
"r_43","8","1000cp","2021Q4","0","386.2"
"r_43","8","1000cp","2021Q4","1","295.6"
"r_43","8","1000cp","2021Q4","2","90.6"
"r_43","9","1000cp","2021Q4","0","336.9"
"r_43","9","1000cp","2021Q4","1","214.1"
"r_43","9","1000cp","2021Q4","2","122.7"
"r_44","total","1000cp","2024Q2","0","2930.3"
"r_44","total","1000cp","2024Q2","1","1553.8"
"r_44","total","1000cp","2024Q2","2","1376.5"
"r_44","1","1000cp","2024Q2","0","173.5"
"r_44","1","1000cp","2024Q2","1","102"
"r_44","1","1000cp","2024Q2","2","71.5"
"r_44","2","1000cp","2024Q2","0","548.7"
"r_44","2","1000cp","2024Q2","1","194.8"
"r_44","2","1000cp","2024Q2","2","353.8"
"r_44","3","1000cp","2024Q2","0","293.7"
"r_44","3","1000cp","2024Q2","1","158.2"
"r_44","3","1000cp","2024Q2","2","135.5"
"r_44","4","1000cp","2024Q2","0","180.3"
"r_44","4","1000cp","2024Q2","1","57.1"
"r_44","4","1000cp","2024Q2","2","123.2"
"r_44","5","1000cp","2024Q2","0","577.3"
"r_44","5","1000cp","2024Q2","1","201.8"
"r_44","5","1000cp","2024Q2","2","375.5"
"r_44","6","1000cp","2024Q2","0","73.8"
"r_44","6","1000cp","2024Q2","1","56"
"r_44","6","1000cp","2024Q2","2","17.8"
"r_44","7","1000cp","2024Q2","0","351.7"
"r_44","7","1000cp","2024Q2","1","273.8"
"r_44","7","1000cp","2024Q2","2","77.9"
"r_44","8","1000cp","2024Q2","0","388.5"
"r_44","8","1000cp","2024Q2","1","297.1"
"r_44","8","1000cp","2024Q2","2","91.4"
"r_44","9","1000cp","2024Q2","0","320.8"
"r_44","9","1000cp","2024Q2","1","194.9"
"r_44","9","1000cp","2024Q2","2","125.9"
"r_45","total","1000cp","2024Q3","0","2964.8"
"r_45","total","1000cp","2024Q3","1","1571.2"
"r_45","total","1000cp","2024Q3","2","1393.5"
"r_45","1","1000cp","2024Q3","0","215.5"
"r_45","1","1000cp","2024Q3","1","127.5"
"r_45","1","1000cp","2024Q3","2","88.1"
"r_45","2","1000cp","2024Q3","0","623.3"
"r_45","2","1000cp","2024Q3","1","231.5"
"r_45","2","1000cp","2024Q3","2","391.9"
"r_45","3","1000cp","2024Q3","0","326.8"
"r_45","3","1000cp","2024Q3","1","180.3"
"r_45","3","1000cp","2024Q3","2","146.4"
"r_45","4","1000cp","2024Q3","0","183.6"
"r_45","4","1000cp","2024Q3","1","54.3"
"r_45","4","1000cp","2024Q3","2","129.3"
"r_45","5","1000cp","2024Q3","0","543.8"
"r_45","5","1000cp","2024Q3","1","194.6"
"r_45","5","1000cp","2024Q3","2","349.2"
"r_45","6","1000cp","2024Q3","0","62.5"
"r_45","6","1000cp","2024Q3","1","45.2"
"r_45","6","1000cp","2024Q3","2","17.3"
"r_45","7","1000cp","2024Q3","0","336.3"
"r_45","7","1000cp","2024Q3","1","261.3"
"r_45","7","1000cp","2024Q3","2","75"
"r_45","8","1000cp","2024Q3","0","361.4"
"r_45","8","1000cp","2024Q3","1","279.8"
"r_45","8","1000cp","2024Q3","2","81.6"
"r_45","9","1000cp","2024Q3","0","290.1"
"r_45","9","1000cp","2024Q3","1","178.8"
"r_45","9","1000cp","2024Q3","2","111.3"
"r_46","total","1000cp","2024Q4","0","2929.1"
"r_46","total","1000cp","2024Q4","1","1544.4"
"r_46","total","1000cp","2024Q4","2","1384.7"
"r_46","1","1000cp","2024Q4","0","227.7"
"r_46","1","1000cp","2024Q4","1","140.4"
"r_46","1","1000cp","2024Q4","2","87.3"
"r_46","2","1000cp","2024Q4","0","665.3"
"r_46","2","1000cp","2024Q4","1","239.8"
"r_46","2","1000cp","2024Q4","2","425.5"
"r_46","3","1000cp","2024Q4","0","326.3"
"r_46","3","1000cp","2024Q4","1","177.5"
"r_46","3","1000cp","2024Q4","2","148.8"
"r_46","4","1000cp","2024Q4","0","193.6"
"r_46","4","1000cp","2024Q4","1","59.3"
"r_46","4","1000cp","2024Q4","2","134.3"
"r_46","5","1000cp","2024Q4","0","546.2"
"r_46","5","1000cp","2024Q4","1","210.9"
"r_46","5","1000cp","2024Q4","2","335.3"
"r_46","6","1000cp","2024Q4","0","58.2"
"r_46","6","1000cp","2024Q4","1","40.3"
"r_46","6","1000cp","2024Q4","2","17.9"
"r_46","7","1000cp","2024Q4","0","319"
"r_46","7","1000cp","2024Q4","1","251.2"
"r_46","7","1000cp","2024Q4","2","67.9"
"r_46","8","1000cp","2024Q4","0","336.6"
"r_46","8","1000cp","2024Q4","1","265.6"
"r_46","8","1000cp","2024Q4","2","71"
"r_46","9","1000cp","2024Q4","0","236.8"
"r_46","9","1000cp","2024Q4","1","144.5"
"r_46","9","1000cp","2024Q4","2","92.4"
"r_47","total","1000cp","2025Q1","0","2910.9"
"r_47","total","1000cp","2025Q1","1","1546.1"
"r_47","total","1000cp","2025Q1","2","1364.8"
"r_47","1","1000cp","2025Q1","0","216.7"
"r_47","1","1000cp","2025Q1","1","126.6"
"r_47","1","1000cp","2025Q1","2","90.1"
"r_47","2","1000cp","2025Q1","0","632.7"
"r_47","2","1000cp","2025Q1","1","231"
"r_47","2","1000cp","2025Q1","2","401.7"
"r_47","3","1000cp","2025Q1","0","317.7"
"r_47","3","1000cp","2025Q1","1","179.8"
"r_47","3","1000cp","2025Q1","2","137.9"
"r_47","4","1000cp","2025Q1","0","184.7"
"r_47","4","1000cp","2025Q1","1","59.9"
"r_47","4","1000cp","2025Q1","2","124.8"
"r_47","5","1000cp","2025Q1","0","549.4"
"r_47","5","1000cp","2025Q1","1","203.9"
"r_47","5","1000cp","2025Q1","2","345.4"
"r_47","6","1000cp","2025Q1","0","62.2"
"r_47","6","1000cp","2025Q1","1","43.9"
"r_47","6","1000cp","2025Q1","2","18.3"
"r_47","7","1000cp","2025Q1","0","327.9"
"r_47","7","1000cp","2025Q1","1","256.9"
"r_47","7","1000cp","2025Q1","2","71"
"r_47","8","1000cp","2025Q1","0","348.5"
"r_47","8","1000cp","2025Q1","1","275.1"
"r_47","8","1000cp","2025Q1","2","73.5"
"r_47","9","1000cp","2025Q1","0","253.5"
"r_47","9","1000cp","2025Q1","1","154.4"
"r_47","9","1000cp","2025Q1","2","99.2"
"r_48","total","1000cp","2025Q2","0","2934.1"
"r_48","total","1000cp","2025Q2","1","1554.2"
"r_48","total","1000cp","2025Q2","2","1379.9"
"r_48","1","1000cp","2025Q2","0","206.1"
"r_48","1","1000cp","2025Q2","1","117.4"
"r_48","1","1000cp","2025Q2","2","88.7"
"r_48","2","1000cp","2025Q2","0","588.7"
"r_48","2","1000cp","2025Q2","1","225.6"
"r_48","2","1000cp","2025Q2","2","363.1"
"r_48","3","1000cp","2025Q2","0","314.2"
"r_48","3","1000cp","2025Q2","1","170.2"
"r_48","3","1000cp","2025Q2","2","144"
"r_48","4","1000cp","2025Q2","0","178.8"
"r_48","4","1000cp","2025Q2","1","54.8"
"r_48","4","1000cp","2025Q2","2","124"
"r_48","5","1000cp","2025Q2","0","576.4"
"r_48","5","1000cp","2025Q2","1","197.9"
"r_48","5","1000cp","2025Q2","2","378.5"
"r_48","6","1000cp","2025Q2","0","70.6"
"r_48","6","1000cp","2025Q2","1","51.8"
"r_48","6","1000cp","2025Q2","2","18.8"
"r_48","7","1000cp","2025Q2","0","333.4"
"r_48","7","1000cp","2025Q2","1","259.3"
"r_48","7","1000cp","2025Q2","2","74.1"
"r_48","8","1000cp","2025Q2","0","358.3"
"r_48","8","1000cp","2025Q2","1","276.2"
"r_48","8","1000cp","2025Q2","2","82.1"
"r_48","9","1000cp","2025Q2","0","286.1"
"r_48","9","1000cp","2025Q2","1","181.8"
"r_48","9","1000cp","2025Q2","2","104.3"
"r_49","total","1000cp","2025Q3","0","2956"
"r_49","total","1000cp","2025Q3","1","1563"
"r_49","total","1000cp","2025Q3","2","1392.9"
"r_49","1","1000cp","2025Q3","0","235.4"
"r_49","1","1000cp","2025Q3","1","139.4"
"r_49","1","1000cp","2025Q3","2","96"
"r_49","2","1000cp","2025Q3","0","647.8"
"r_49","2","1000cp","2025Q3","1","245"
"r_49","2","1000cp","2025Q3","2","402.8"
"r_49","3","1000cp","2025Q3","0","324.9"
"r_49","3","1000cp","2025Q3","1","175.4"
"r_49","3","1000cp","2025Q3","2","149.5"
"r_49","4","1000cp","2025Q3","0","177.1"
"r_49","4","1000cp","2025Q3","1","51.3"
"r_49","4","1000cp","2025Q3","2","125.8"
"r_49","5","1000cp","2025Q3","0","561.9"
"r_49","5","1000cp","2025Q3","1","191.8"
"r_49","5","1000cp","2025Q3","2","370"
"r_49","6","1000cp","2025Q3","0","62.4"
"r_49","6","1000cp","2025Q3","1","44.1"
"r_49","6","1000cp","2025Q3","2","18.3"
"r_49","7","1000cp","2025Q3","0","325.2"
"r_49","7","1000cp","2025Q3","1","255.7"
"r_49","7","1000cp","2025Q3","2","69.5"
"r_49","8","1000cp","2025Q3","0","335.7"
"r_49","8","1000cp","2025Q3","1","271.3"
"r_49","8","1000cp","2025Q3","2","64.5"
"r_49","9","1000cp","2025Q3","0","265.3"
"r_49","9","1000cp","2025Q3","1","172"
"r_49","9","1000cp","2025Q3","2","93.3"