RevisionColumn,periods,Units,GenderID,LFS_JobSearch_Meth,ValueColumn
"r_2","2003Q1","1000cp","0","0","499.6"
"r_2","2003Q1","1000cp","1","0","277.8"
"r_2","2003Q1","1000cp","2","0","221.8"
"r_2","2003Q1","1000cp","0","1","233.4"
"r_2","2003Q1","1000cp","1","1","123.7"
"r_2","2003Q1","1000cp","2","1","109.7"
"r_2","2003Q1","1000cp","0","2","152.4"
"r_2","2003Q1","1000cp","1","2","94.9"
"r_2","2003Q1","1000cp","2","2","57.5"
"r_2","2003Q1","1000cp","0","3","65.9"
"r_2","2003Q1","1000cp","1","3","32.8"
"r_2","2003Q1","1000cp","2","3","33.1"
"r_2","2003Q1","1000cp","0","4","308.9"
"r_2","2003Q1","1000cp","1","4","174.9"
"r_2","2003Q1","1000cp","2","4","134"
"r_2","2003Q1","1000cp","0","5","110.7"
"r_2","2003Q1","1000cp","1","5","57.3"
"r_2","2003Q1","1000cp","2","5","53.3"
"r_2","2003Q1","1000cp","0","6","155.9"
"r_2","2003Q1","1000cp","1","6","88.6"
"r_2","2003Q1","1000cp","2","6","67.3"
"r_2","2003Q2","1000cp","0","0","457.3"
"r_2","2003Q2","1000cp","1","0","252.1"
"r_2","2003Q2","1000cp","2","0","205.2"
"r_2","2003Q2","1000cp","0","1","219.2"
"r_2","2003Q2","1000cp","1","1","112.8"
"r_2","2003Q2","1000cp","2","1","106.4"
"r_2","2003Q2","1000cp","0","2","173.7"
"r_2","2003Q2","1000cp","1","2","101.9"
"r_2","2003Q2","1000cp","2","2","71.8"
"r_2","2003Q2","1000cp","0","3","51.9"
"r_2","2003Q2","1000cp","1","3","27"
"r_2","2003Q2","1000cp","2","3","24.9"
"r_2","2003Q2","1000cp","0","4","277.6"
"r_2","2003Q2","1000cp","1","4","156.1"
"r_2","2003Q2","1000cp","2","4","121.5"
"r_2","2003Q2","1000cp","0","5","106"
"r_2","2003Q2","1000cp","1","5","54.9"
"r_2","2003Q2","1000cp","2","5","51.1"
"r_2","2003Q2","1000cp","0","6","146.5"
"r_2","2003Q2","1000cp","1","6","76"
"r_2","2003Q2","1000cp","2","6","70.5"
"r_2","2003Q3","1000cp","0","0","426.3"
"r_2","2003Q3","1000cp","1","0","228.5"
"r_2","2003Q3","1000cp","2","0","197.8"
"r_2","2003Q3","1000cp","0","1","205.5"
"r_2","2003Q3","1000cp","1","1","103.9"
"r_2","2003Q3","1000cp","2","1","101.6"
"r_2","2003Q3","1000cp","0","2","164.2"
"r_2","2003Q3","1000cp","1","2","88.9"
"r_2","2003Q3","1000cp","2","2","75.4"
"r_2","2003Q3","1000cp","0","3","61"
"r_2","2003Q3","1000cp","1","3","29"
"r_2","2003Q3","1000cp","2","3","32"
"r_2","2003Q3","1000cp","0","4","268.2"
"r_2","2003Q3","1000cp","1","4","147.6"
"r_2","2003Q3","1000cp","2","4","120.6"
"r_2","2003Q3","1000cp","0","5","94.6"
"r_2","2003Q3","1000cp","1","5","47"
"r_2","2003Q3","1000cp","2","5","47.6"
"r_2","2003Q3","1000cp","0","6","136.4"
"r_2","2003Q3","1000cp","1","6","70.7"
"r_2","2003Q3","1000cp","2","6","65.7"
"r_2","2003Q4","1000cp","0","0","411.4273632268981"
"r_2","2003Q4","1000cp","1","0","223.17115981495107"
"r_2","2003Q4","1000cp","2","0","188.25620341194949"
"r_2","2003Q4","1000cp","0","1","194.1"
"r_2","2003Q4","1000cp","1","1","91.9"
"r_2","2003Q4","1000cp","2","1","102.2"
"r_2","2003Q4","1000cp","0","2","143.3"
"r_2","2003Q4","1000cp","1","2","83.1"
"r_2","2003Q4","1000cp","2","2","60.1"
"r_2","2003Q4","1000cp","0","3","47.7"
"r_2","2003Q4","1000cp","1","3","26.7"
"r_2","2003Q4","1000cp","2","3","21.1"
"r_2","2003Q4","1000cp","0","4","253.4"
"r_2","2003Q4","1000cp","1","4","141.3"
"r_2","2003Q4","1000cp","2","4","112.1"
"r_2","2003Q4","1000cp","0","5","89.8"
"r_2","2003Q4","1000cp","1","5","49.4"
"r_2","2003Q4","1000cp","2","5","40.4"
"r_2","2003Q4","1000cp","0","6","118"
"r_2","2003Q4","1000cp","1","6","61.2"
"r_2","2003Q4","1000cp","2","6","56.8"
"r_2","2004Q1","1000cp","0","0","428.7941311530535"
"r_2","2004Q1","1000cp","1","0","237.816412323765"
"r_2","2004Q1","1000cp","2","0","190.97771882928873"
"r_2","2004Q1","1000cp","0","1","219.9690069148873"
"r_2","2004Q1","1000cp","1","1","112.29646687229571"
"r_2","2004Q1","1000cp","2","1","107.6725400425917"
"r_2","2004Q1","1000cp","0","2","148.2026216592982"
"r_2","2004Q1","1000cp","1","2","86.93378717694452"
"r_2","2004Q1","1000cp","2","2","61.26883448235371"
"r_2","2004Q1","1000cp","0","3","41.66561345731001"
"r_2","2004Q1","1000cp","1","3","24.011690567904463"
"r_2","2004Q1","1000cp","2","3","17.653922889405504"
"r_2","2004Q1","1000cp","0","4","268.221952991463"
"r_2","2004Q1","1000cp","1","4","150.07045048945736"
"r_2","2004Q1","1000cp","2","4","118.15150250200583"
"r_2","2004Q1","1000cp","0","5","91.32657582440027"
"r_2","2004Q1","1000cp","1","5","47.80880098852674"
"r_2","2004Q1","1000cp","2","5","43.51777483587344"
"r_2","2004Q1","1000cp","0","6","131.34305465629194"
"r_2","2004Q1","1000cp","1","6","69.28460025559076"
"r_2","2004Q1","1000cp","2","6","62.05845440070128"
"r_2","2004Q2","1000cp","0","0","406.1"
"r_2","2004Q2","1000cp","1","0","222.7"
"r_2","2004Q2","1000cp","2","0","183.4"
"r_2","2004Q2","1000cp","0","1","195.5"
"r_2","2004Q2","1000cp","1","1","100"
"r_2","2004Q2","1000cp","2","1","95.6"
"r_2","2004Q2","1000cp","0","2","151.3"
"r_2","2004Q2","1000cp","1","2","88.2"
"r_2","2004Q2","1000cp","2","2","63.2"
"r_2","2004Q2","1000cp","0","3","33.8"
"r_2","2004Q2","1000cp","1","3","15"
"r_2","2004Q2","1000cp","2","3","18.8"
"r_2","2004Q2","1000cp","0","4","263.9"
"r_2","2004Q2","1000cp","1","4","145"
"r_2","2004Q2","1000cp","2","4","118.9"
"r_2","2004Q2","1000cp","0","5","91.6"
"r_2","2004Q2","1000cp","1","5","46.1"
"r_2","2004Q2","1000cp","2","5","45.4"
"r_2","2004Q2","1000cp","0","6","132.1"
"r_2","2004Q2","1000cp","1","6","70.7"
"r_2","2004Q2","1000cp","2","6","61.4"
"r_2","2004Q3","1000cp","0","0","373"
"r_2","2004Q3","1000cp","1","0","207.3"
"r_2","2004Q3","1000cp","2","0","165.8"
"r_2","2004Q3","1000cp","0","1","165.8"
"r_2","2004Q3","1000cp","1","1","82.8"
"r_2","2004Q3","1000cp","2","1","82.9"
"r_2","2004Q3","1000cp","0","2","149.3"
"r_2","2004Q3","1000cp","1","2","93.1"
"r_2","2004Q3","1000cp","2","2","56.2"
"r_2","2004Q3","1000cp","0","3","40.6"
"r_2","2004Q3","1000cp","1","3","20"
"r_2","2004Q3","1000cp","2","3","20.6"
"r_2","2004Q3","1000cp","0","4","238.8"
"r_2","2004Q3","1000cp","1","4","135.7"
"r_2","2004Q3","1000cp","2","4","103.1"
"r_2","2004Q3","1000cp","0","5","79.7"
"r_2","2004Q3","1000cp","1","5","41.2"
"r_2","2004Q3","1000cp","2","5","38.5"
"r_2","2004Q3","1000cp","0","6","112.3"
"r_2","2004Q3","1000cp","1","6","61"
"r_2","2004Q3","1000cp","2","6","51.3"
"r_2","2004Q4","1000cp","0","0","390.97295351718515"
"r_2","2004Q4","1000cp","1","0","220.02611290503776"
"r_2","2004Q4","1000cp","2","0","170.94684061214912"
"r_2","2004Q4","1000cp","0","1","166.75981244602042"
"r_2","2004Q4","1000cp","1","1","86.87404250174752"
"r_2","2004Q4","1000cp","2","1","79.88576994427274"
"r_2","2004Q4","1000cp","0","2","153.91271412112368"
"r_2","2004Q4","1000cp","1","2","95.31073458028024"
"r_2","2004Q4","1000cp","2","2","58.6019795408432"
"r_2","2004Q4","1000cp","0","3","42.91885509040227"
"r_2","2004Q4","1000cp","1","3","22.177181721853607"
"r_2","2004Q4","1000cp","2","3","20.74167336854868"
"r_2","2004Q4","1000cp","0","4","257.38327173970845"
"r_2","2004Q4","1000cp","1","4","144.1489799844881"
"r_2","2004Q4","1000cp","2","4","113.23429175521986"
"r_2","2004Q4","1000cp","0","5","81.06311590520616"
"r_2","2004Q4","1000cp","1","5","46.726369072375476"
"r_2","2004Q4","1000cp","2","5","34.33674683283056"
"r_2","2004Q4","1000cp","0","6","122.96075140381973"
"r_2","2004Q4","1000cp","1","6","67.81705709167962"
"r_2","2004Q4","1000cp","2","6","55.143694312139985"
"r_2","2005Q1","1000cp","0","0","362.3"
"r_2","2005Q1","1000cp","1","0","200.2"
"r_2","2005Q1","1000cp","2","0","162.1"
"r_2","2005Q1","1000cp","0","1","156.7"
"r_2","2005Q1","1000cp","1","1","76"
"r_2","2005Q1","1000cp","2","1","80.7"
"r_2","2005Q1","1000cp","0","2","156.3"
"r_2","2005Q1","1000cp","1","2","93.9"
"r_2","2005Q1","1000cp","2","2","62.4"
"r_2","2005Q1","1000cp","0","3","36.1"
"r_2","2005Q1","1000cp","1","3","20.1"
"r_2","2005Q1","1000cp","2","3","16"
"r_2","2005Q1","1000cp","0","4","237.2"
"r_2","2005Q1","1000cp","1","4","131.4"
"r_2","2005Q1","1000cp","2","4","105.8"
"r_2","2005Q1","1000cp","0","5","72.6"
"r_2","2005Q1","1000cp","1","5","38"
"r_2","2005Q1","1000cp","2","5","34.6"
"r_2","2005Q1","1000cp","0","6","117.2"
"r_2","2005Q1","1000cp","1","6","63"
"r_2","2005Q1","1000cp","2","6","54.2"
"r_2","2005Q2","1000cp","0","0","332.9"
"r_2","2005Q2","1000cp","1","0","183.8"
"r_2","2005Q2","1000cp","2","0","149.1"
"r_2","2005Q2","1000cp","0","1","156.2"
"r_2","2005Q2","1000cp","1","1","79.7"
"r_2","2005Q2","1000cp","2","1","76.6"
"r_2","2005Q2","1000cp","0","2","143"
"r_2","2005Q2","1000cp","1","2","87.2"
"r_2","2005Q2","1000cp","2","2","55.8"
"r_2","2005Q2","1000cp","0","3","33.6"
"r_2","2005Q2","1000cp","1","3","16.2"
"r_2","2005Q2","1000cp","2","3","17.3"
"r_2","2005Q2","1000cp","0","4","212.5"
"r_2","2005Q2","1000cp","1","4","117.6"
"r_2","2005Q2","1000cp","2","4","94.9"
"r_2","2005Q2","1000cp","0","5","63.4"
"r_2","2005Q2","1000cp","1","5","30.6"
"r_2","2005Q2","1000cp","2","5","32.8"
"r_2","2005Q2","1000cp","0","6","97.3"
"r_2","2005Q2","1000cp","1","6","55.2"
"r_2","2005Q2","1000cp","2","6","42.1"
"r_2","2005Q3","1000cp","0","0","312.9"
"r_2","2005Q3","1000cp","1","0","167.8"
"r_2","2005Q3","1000cp","2","0","145.1"
"r_2","2005Q3","1000cp","0","1","141.9"
"r_2","2005Q3","1000cp","1","1","69.7"
"r_2","2005Q3","1000cp","2","1","72.2"
"r_2","2005Q3","1000cp","0","2","143.1"
"r_2","2005Q3","1000cp","1","2","84.1"
"r_2","2005Q3","1000cp","2","2","59.1"
"r_2","2005Q3","1000cp","0","3","34.9"
"r_2","2005Q3","1000cp","1","3","19.3"
"r_2","2005Q3","1000cp","2","3","15.5"
"r_2","2005Q3","1000cp","0","4","192.8"
"r_2","2005Q3","1000cp","1","4","103.6"
"r_2","2005Q3","1000cp","2","4","89.2"
"r_2","2005Q3","1000cp","0","5","57.9"
"r_2","2005Q3","1000cp","1","5","30"
"r_2","2005Q3","1000cp","2","5","27.9"
"r_2","2005Q3","1000cp","0","6","86.2"
"r_2","2005Q3","1000cp","1","6","44.3"
"r_2","2005Q3","1000cp","2","6","41.9"
"r_2","2005Q4","1000cp","0","0","328.5"
"r_2","2005Q4","1000cp","1","0","179"
"r_2","2005Q4","1000cp","2","0","149.5"
"r_2","2005Q4","1000cp","0","1","151.8"
"r_2","2005Q4","1000cp","1","1","75"
"r_2","2005Q4","1000cp","2","1","76.8"
"r_2","2005Q4","1000cp","0","2","144.1"
"r_2","2005Q4","1000cp","1","2","83.9"
"r_2","2005Q4","1000cp","2","2","60.2"
"r_2","2005Q4","1000cp","0","3","32.4"
"r_2","2005Q4","1000cp","1","3","17.8"
"r_2","2005Q4","1000cp","2","3","14.6"
"r_2","2005Q4","1000cp","0","4","207.5"
"r_2","2005Q4","1000cp","1","4","117.1"
"r_2","2005Q4","1000cp","2","4","90.4"
"r_2","2005Q4","1000cp","0","5","56"
"r_2","2005Q4","1000cp","1","5","26.7"
"r_2","2005Q4","1000cp","2","5","29.3"
"r_2","2005Q4","1000cp","0","6","99.7"
"r_2","2005Q4","1000cp","1","6","50.9"
"r_2","2005Q4","1000cp","2","6","48.8"
"r_2","2006Q1","1000cp","0","0","315.2"
"r_2","2006Q1","1000cp","1","0","164.7"
"r_2","2006Q1","1000cp","2","0","150.6"
"r_2","2006Q1","1000cp","0","1","150.6"
"r_2","2006Q1","1000cp","1","1","71"
"r_2","2006Q1","1000cp","2","1","79.7"
"r_2","2006Q1","1000cp","0","2","151.7"
"r_2","2006Q1","1000cp","1","2","86"
"r_2","2006Q1","1000cp","2","2","65.7"
"r_2","2006Q1","1000cp","0","3","25.3"
"r_2","2006Q1","1000cp","1","3","11.6"
"r_2","2006Q1","1000cp","2","3","13.7"
"r_2","2006Q1","1000cp","0","4","208.4"
"r_2","2006Q1","1000cp","1","4","110.4"
"r_2","2006Q1","1000cp","2","4","98"
"r_2","2006Q1","1000cp","0","5","47.1"
"r_2","2006Q1","1000cp","1","5","20.6"
"r_2","2006Q1","1000cp","2","5","26.4"
"r_2","2006Q1","1000cp","0","6","125.9"
"r_2","2006Q1","1000cp","1","6","64.9"
"r_2","2006Q1","1000cp","2","6","61"
"r_2","2006Q2","1000cp","0","0","308.9"
"r_2","2006Q2","1000cp","1","0","159.3"
"r_2","2006Q2","1000cp","2","0","149.6"
"r_2","2006Q2","1000cp","0","1","150.9"
"r_2","2006Q2","1000cp","1","1","68"
"r_2","2006Q2","1000cp","2","1","83"
"r_2","2006Q2","1000cp","0","2","156.3"
"r_2","2006Q2","1000cp","1","2","91.1"
"r_2","2006Q2","1000cp","2","2","65.2"
"r_2","2006Q2","1000cp","0","3","25.2"
"r_2","2006Q2","1000cp","1","3","12.4"
"r_2","2006Q2","1000cp","2","3","12.8"
"r_2","2006Q2","1000cp","0","4","197.2"
"r_2","2006Q2","1000cp","1","4","103.7"
"r_2","2006Q2","1000cp","2","4","93.5"
"r_2","2006Q2","1000cp","0","5","46.8"
"r_2","2006Q2","1000cp","1","5","23.2"
"r_2","2006Q2","1000cp","2","5","23.6"
"r_2","2006Q2","1000cp","0","6","109.6"
"r_2","2006Q2","1000cp","1","6","55.9"
"r_2","2006Q2","1000cp","2","6","53.6"
"r_2","2006Q3","1000cp","0","0","310.4"
"r_2","2006Q3","1000cp","1","0","153.8"
"r_2","2006Q3","1000cp","2","0","156.7"
"r_2","2006Q3","1000cp","0","1","137.7"
"r_2","2006Q3","1000cp","1","1","58.9"
"r_2","2006Q3","1000cp","2","1","78.9"
"r_2","2006Q3","1000cp","0","2","161.4"
"r_2","2006Q3","1000cp","1","2","88.6"
"r_2","2006Q3","1000cp","2","2","72.8"
"r_2","2006Q3","1000cp","0","3","27.2"
"r_2","2006Q3","1000cp","1","3","11.9"
"r_2","2006Q3","1000cp","2","3","15.3"
"r_2","2006Q3","1000cp","0","4","197"
"r_2","2006Q3","1000cp","1","4","98.1"
"r_2","2006Q3","1000cp","2","4","98.9"
"r_2","2006Q3","1000cp","0","5","54.2"
"r_2","2006Q3","1000cp","1","5","24.1"
"r_2","2006Q3","1000cp","2","5","30.1"
"r_2","2006Q3","1000cp","0","6","115.4"
"r_2","2006Q3","1000cp","1","6","55.7"
"r_2","2006Q3","1000cp","2","6","59.7"
"r_2","2006Q4","1000cp","0","0","288.4"
"r_2","2006Q4","1000cp","1","0","147.8"
"r_2","2006Q4","1000cp","2","0","140.6"
"r_2","2006Q4","1000cp","0","1","126.7"
"r_2","2006Q4","1000cp","1","1","58.6"
"r_2","2006Q4","1000cp","2","1","68.2"
"r_2","2006Q4","1000cp","0","2","144.8"
"r_2","2006Q4","1000cp","1","2","82.3"
"r_2","2006Q4","1000cp","2","2","62.5"
"r_2","2006Q4","1000cp","0","3","18.8"
"r_2","2006Q4","1000cp","1","3","8"
"r_2","2006Q4","1000cp","2","3","10.8"
"r_2","2006Q4","1000cp","0","4","182.9"
"r_2","2006Q4","1000cp","1","4","97.5"
"r_2","2006Q4","1000cp","2","4","85.4"
"r_2","2006Q4","1000cp","0","5","42.3"
"r_2","2006Q4","1000cp","1","5","20.7"
"r_2","2006Q4","1000cp","2","5","21.6"
"r_2","2006Q4","1000cp","0","6","107.4"
"r_2","2006Q4","1000cp","1","6","50.8"
"r_2","2006Q4","1000cp","2","6","56.6"
"r_2","2007Q1","1000cp","0","0","272.7"
"r_2","2007Q1","1000cp","1","0","138.5"
"r_2","2007Q1","1000cp","2","0","134.2"
"r_2","2007Q1","1000cp","0","1","125.7"
"r_2","2007Q1","1000cp","1","1","125.7"
"r_2","2007Q1","1000cp","2","1","67.6"
"r_2","2007Q1","1000cp","0","2","117.5"
"r_2","2007Q1","1000cp","1","2","117.5"
"r_2","2007Q1","1000cp","2","2","53.1"
"r_2","2007Q1","1000cp","0","3","19.4"
"r_2","2007Q1","1000cp","1","3","19.4"
"r_2","2007Q1","1000cp","2","3","9.4"
"r_2","2007Q1","1000cp","0","4","173.7"
"r_2","2007Q1","1000cp","1","4","173.7"
"r_2","2007Q1","1000cp","2","4","84.4"
"r_2","2007Q1","1000cp","0","5","36.9"
"r_2","2007Q1","1000cp","1","5","36.9"
"r_2","2007Q1","1000cp","2","5","19.7"
"r_2","2007Q1","1000cp","0","6","94.2"
"r_2","2007Q1","1000cp","1","6","94.2"
"r_2","2007Q1","1000cp","2","6","49"
"r_2","2007Q2","1000cp","0","0","237.8"
"r_2","2007Q2","1000cp","1","0","125.3"
"r_2","2007Q2","1000cp","2","0","112.6"
"r_2","2007Q2","1000cp","0","1","105.3"
"r_2","2007Q2","1000cp","1","1","48.5"
"r_2","2007Q2","1000cp","2","1","56.8"
"r_2","2007Q2","1000cp","0","2","103.6"
"r_2","2007Q2","1000cp","1","2","59.8"
"r_2","2007Q2","1000cp","2","2","43.8"
"r_2","2007Q2","1000cp","0","3","17.5"
"r_2","2007Q2","1000cp","1","3","9.5"
"r_2","2007Q2","1000cp","2","3","8"
"r_2","2007Q2","1000cp","0","4","153.2"
"r_2","2007Q2","1000cp","1","4","85.3"
"r_2","2007Q2","1000cp","2","4","67.9"
"r_2","2007Q2","1000cp","0","5","30.6"
"r_2","2007Q2","1000cp","1","5","16"
"r_2","2007Q2","1000cp","2","5","14.6"
"r_2","2007Q2","1000cp","0","6","77.6"
"r_2","2007Q2","1000cp","1","6","41.9"
"r_2","2007Q2","1000cp","2","6","35.8"
"r_2","2007Q3","1000cp","0","0","235.1"
"r_2","2007Q3","1000cp","1","0","113.5"
"r_2","2007Q3","1000cp","2","0","121.6"
"r_2","2007Q3","1000cp","0","1","106.3"
"r_2","2007Q3","1000cp","1","1","45"
"r_2","2007Q3","1000cp","2","1","61.3"
"r_2","2007Q3","1000cp","0","2","116"
"r_2","2007Q3","1000cp","1","2","60.6"
"r_2","2007Q3","1000cp","2","2","55.4"
"r_2","2007Q3","1000cp","0","3","17.2"
"r_2","2007Q3","1000cp","1","3","7.6"
"r_2","2007Q3","1000cp","2","3","9.6"
"r_2","2007Q3","1000cp","0","4","144.7"
"r_2","2007Q3","1000cp","1","4","69.7"
"r_2","2007Q3","1000cp","2","4","75"
"r_2","2007Q3","1000cp","0","5","29.5"
"r_2","2007Q3","1000cp","1","5","11.5"
"r_2","2007Q3","1000cp","2","5","17.9"
"r_2","2007Q3","1000cp","0","6","72.8"
"r_2","2007Q3","1000cp","1","6","33.6"
"r_2","2007Q3","1000cp","2","6","39.2"
"r_2","2007Q4","1000cp","0","0","215.3"
"r_2","2007Q4","1000cp","1","0","105.5"
"r_2","2007Q4","1000cp","2","0","109.8"
"r_2","2007Q4","1000cp","0","1","82.9"
"r_2","2007Q4","1000cp","1","1","37.4"
"r_2","2007Q4","1000cp","2","1","45.5"
"r_2","2007Q4","1000cp","0","2","98.8"
"r_2","2007Q4","1000cp","1","2","50.3"
"r_2","2007Q4","1000cp","2","2","48.5"
"r_2","2007Q4","1000cp","0","3","17.9"
"r_2","2007Q4","1000cp","1","3","7.4"
"r_2","2007Q4","1000cp","2","3","10.5"
"r_2","2007Q4","1000cp","0","4","138.9"
"r_2","2007Q4","1000cp","1","4","66.1"
"r_2","2007Q4","1000cp","2","4","72.8"
"r_2","2007Q4","1000cp","0","5","30.1"
"r_2","2007Q4","1000cp","1","5","13.6"
"r_2","2007Q4","1000cp","2","5","16.5"
"r_2","2007Q4","1000cp","0","6","73.7"
"r_2","2007Q4","1000cp","1","6","34.1"
"r_2","2007Q4","1000cp","2","6","39.6"
"r_2","2008Q1","1000cp","0","0","228.8"
"r_2","2008Q1","1000cp","1","0","119"
"r_2","2008Q1","1000cp","2","0","109.9"
"r_2","2008Q1","1000cp","0","1","98.6"
"r_2","2008Q1","1000cp","1","1","46.3"
"r_2","2008Q1","1000cp","2","1","52.4"
"r_2","2008Q1","1000cp","0","2","95.8"
"r_2","2008Q1","1000cp","1","2","51.5"
"r_2","2008Q1","1000cp","2","2","44.2"
"r_2","2008Q1","1000cp","0","3","23.5"
"r_2","2008Q1","1000cp","1","3","10.6"
"r_2","2008Q1","1000cp","2","3","12.9"
"r_2","2008Q1","1000cp","0","4","125.5"
"r_2","2008Q1","1000cp","1","4","64.1"
"r_2","2008Q1","1000cp","2","4","61.4"
"r_2","2008Q1","1000cp","0","5","38.9"
"r_2","2008Q1","1000cp","1","5","18.3"
"r_2","2008Q1","1000cp","2","5","20.6"
"r_2","2008Q1","1000cp","0","6","73.8"
"r_2","2008Q1","1000cp","1","6","39.1"
"r_2","2008Q1","1000cp","2","6","34.8"
"r_2","2008Q2","1000cp","0","0","207.2"
"r_2","2008Q2","1000cp","1","0","106.6"
"r_2","2008Q2","1000cp","2","0","100.6"
"r_2","2008Q2","1000cp","0","1","82.4"
"r_2","2008Q2","1000cp","1","1","34.6"
"r_2","2008Q2","1000cp","2","1","47.8"
"r_2","2008Q2","1000cp","0","2","98.5"
"r_2","2008Q2","1000cp","1","2","53.3"
"r_2","2008Q2","1000cp","2","2","45.2"
"r_2","2008Q2","1000cp","0","3","19.5"
"r_2","2008Q2","1000cp","1","3","9.1"
"r_2","2008Q2","1000cp","2","3","10.4"
"r_2","2008Q2","1000cp","0","4","125.4"
"r_2","2008Q2","1000cp","1","4","63.8"
"r_2","2008Q2","1000cp","2","4","61.6"
"r_2","2008Q2","1000cp","0","5","39.8"
"r_2","2008Q2","1000cp","1","5","17.4"
"r_2","2008Q2","1000cp","2","5","22.3"
"r_2","2008Q2","1000cp","0","6","65.4"
"r_2","2008Q2","1000cp","1","6","31.3"
"r_2","2008Q2","1000cp","2","6","34.1"
"r_2","2008Q3","1000cp","0","0","185.1"
"r_2","2008Q3","1000cp","1","0","96.8"
"r_2","2008Q3","1000cp","2","0","88.3"
"r_2","2008Q3","1000cp","0","1","70.1"
"r_2","2008Q3","1000cp","1","1","31.8"
"r_2","2008Q3","1000cp","2","1","38.3"
"r_2","2008Q3","1000cp","0","2","91.3"
"r_2","2008Q3","1000cp","1","2","52.5"
"r_2","2008Q3","1000cp","2","2","38.8"
"r_2","2008Q3","1000cp","0","3","15.8"
"r_2","2008Q3","1000cp","1","3","8.2"
"r_2","2008Q3","1000cp","2","3","7.6"
"r_2","2008Q3","1000cp","0","4","113.9"
"r_2","2008Q3","1000cp","1","4","55.7"
"r_2","2008Q3","1000cp","2","4","58.1"
"r_2","2008Q3","1000cp","0","5","35.3"
"r_2","2008Q3","1000cp","1","5","17"
"r_2","2008Q3","1000cp","2","5","18.3"
"r_2","2008Q3","1000cp","0","6","63"
"r_2","2008Q3","1000cp","1","6","30.7"
"r_2","2008Q3","1000cp","2","6","32.3"
"r_2","2008Q4","1000cp","0","0","177.7"
"r_2","2008Q4","1000cp","1","0","93.4"
"r_2","2008Q4","1000cp","2","0","84.3"
"r_2","2008Q4","1000cp","0","1","68"
"r_2","2008Q4","1000cp","1","1","28.3"
"r_2","2008Q4","1000cp","2","1","39.7"
"r_2","2008Q4","1000cp","0","2","78.3"
"r_2","2008Q4","1000cp","1","2","44.9"
"r_2","2008Q4","1000cp","2","2","33.4"
"r_2","2008Q4","1000cp","0","3","14.7"
"r_2","2008Q4","1000cp","1","3","7.8"
"r_2","2008Q4","1000cp","2","3","6.9"
"r_2","2008Q4","1000cp","0","4","105.1"
"r_2","2008Q4","1000cp","1","4","57.3"
"r_2","2008Q4","1000cp","2","4","47.8"
"r_2","2008Q4","1000cp","0","5","35.1"
"r_2","2008Q4","1000cp","1","5","16.6"
"r_2","2008Q4","1000cp","2","5","18.5"
"r_2","2008Q4","1000cp","0","6","62.3"
"r_2","2008Q4","1000cp","1","6","31.4"
"r_2","2008Q4","1000cp","2","6","30.8"
"r_2","2009Q1","1000cp","0","0","222.2"
"r_2","2009Q1","1000cp","1","0","121.8"
"r_2","2009Q1","1000cp","2","0","100.4"
"r_2","2009Q1","1000cp","0","1","81.8"
"r_2","2009Q1","1000cp","1","1","37.6"
"r_2","2009Q1","1000cp","2","1","44.2"
"r_2","2009Q1","1000cp","0","2","96.1"
"r_2","2009Q1","1000cp","1","2","56.2"
"r_2","2009Q1","1000cp","2","2","39.9"
"r_2","2009Q1","1000cp","0","3","20.2"
"r_2","2009Q1","1000cp","1","3","8.1"
"r_2","2009Q1","1000cp","2","3","12.1"
"r_2","2009Q1","1000cp","0","4","134.2"
"r_2","2009Q1","1000cp","1","4","74.6"
"r_2","2009Q1","1000cp","2","4","59.6"
"r_2","2009Q1","1000cp","0","5","46.4"
"r_2","2009Q1","1000cp","1","5","23.7"
"r_2","2009Q1","1000cp","2","5","22.7"
"r_2","2009Q1","1000cp","0","6","85.7"
"r_2","2009Q1","1000cp","1","6","47.6"
"r_2","2009Q1","1000cp","2","6","38.1"
"r_2","2009Q2","1000cp","0","0","222.6"
"r_2","2009Q2","1000cp","1","0","117.3"
"r_2","2009Q2","1000cp","2","0","105.2"
"r_2","2009Q2","1000cp","0","1","80.6"
"r_2","2009Q2","1000cp","1","1","36.3"
"r_2","2009Q2","1000cp","2","1","44.3"
"r_2","2009Q2","1000cp","0","2","117.9"
"r_2","2009Q2","1000cp","1","2","64.1"
"r_2","2009Q2","1000cp","2","2","53.8"
"r_2","2009Q2","1000cp","0","3","24.2"
"r_2","2009Q2","1000cp","1","3","10"
"r_2","2009Q2","1000cp","2","3","14.2"
"r_2","2009Q2","1000cp","0","4","146.5"
"r_2","2009Q2","1000cp","1","4","77.3"
"r_2","2009Q2","1000cp","2","4","69.2"
"r_2","2009Q2","1000cp","0","5","48"
"r_2","2009Q2","1000cp","1","5","23.7"
"r_2","2009Q2","1000cp","2","5","24.3"
"r_2","2009Q2","1000cp","0","6","87.4"
"r_2","2009Q2","1000cp","1","6","42.8"
"r_2","2009Q2","1000cp","2","6","44.6"
"r_2","2009Q3","1000cp","0","0","234.5"
"r_2","2009Q3","1000cp","1","0","127"
"r_2","2009Q3","1000cp","2","0","107.5"
"r_2","2009Q3","1000cp","0","1","86.8"
"r_2","2009Q3","1000cp","1","1","42.1"
"r_2","2009Q3","1000cp","2","1","44.7"
"r_2","2009Q3","1000cp","0","2","132.5"
"r_2","2009Q3","1000cp","1","2","75.9"
"r_2","2009Q3","1000cp","2","2","56.6"
"r_2","2009Q3","1000cp","0","3","29"
"r_2","2009Q3","1000cp","1","3","15.4"
"r_2","2009Q3","1000cp","2","3","13.6"
"r_2","2009Q3","1000cp","0","4","146.3"
"r_2","2009Q3","1000cp","1","4","79.9"
"r_2","2009Q3","1000cp","2","4","66.5"
"r_2","2009Q3","1000cp","0","5","54"
"r_2","2009Q3","1000cp","1","5","29.2"
"r_2","2009Q3","1000cp","2","5","24.8"
"r_2","2009Q3","1000cp","0","6","86.9"
"r_2","2009Q3","1000cp","1","6","47.4"
"r_2","2009Q3","1000cp","2","6","39.5"
"r_2","2009Q4","1000cp","0","0","272.8"
"r_2","2009Q4","1000cp","1","0","154.2"
"r_2","2009Q4","1000cp","2","0","118.6"
"r_2","2009Q4","1000cp","0","1","108.9"
"r_2","2009Q4","1000cp","1","1","53.7"
"r_2","2009Q4","1000cp","2","1","55.2"
"r_2","2009Q4","1000cp","0","2","152.8"
"r_2","2009Q4","1000cp","1","2","94"
"r_2","2009Q4","1000cp","2","2","58.8"
"r_2","2009Q4","1000cp","0","3","26.4"
"r_2","2009Q4","1000cp","1","3","14.7"
"r_2","2009Q4","1000cp","2","3","11.7"
"r_2","2009Q4","1000cp","0","4","181.1"
"r_2","2009Q4","1000cp","1","4","102.5"
"r_2","2009Q4","1000cp","2","4","78.6"
"r_2","2009Q4","1000cp","0","5","59.8"
"r_2","2009Q4","1000cp","1","5","31.7"
"r_2","2009Q4","1000cp","2","5","28.1"
"r_2","2009Q4","1000cp","0","6","110"
"r_2","2009Q4","1000cp","1","6","61.3"
"r_2","2009Q4","1000cp","2","6","48.7"
"r_2","2010Q1","1000cp","0","0","344.5"
"r_2","2010Q1","1000cp","1","0","196.1"
"r_2","2010Q1","1000cp","2","0","148.4"
"r_2","2010Q1","1000cp","0","1","136.4"
"r_2","2010Q1","1000cp","1","1","67.4"
"r_2","2010Q1","1000cp","2","1","69.1"
"r_2","2010Q1","1000cp","0","2","190.3"
"r_2","2010Q1","1000cp","1","2","115.3"
"r_2","2010Q1","1000cp","2","2","75"
"r_2","2010Q1","1000cp","0","3","42"
"r_2","2010Q1","1000cp","1","3","21.3"
"r_2","2010Q1","1000cp","2","3","20.7"
"r_2","2010Q1","1000cp","0","4","232.5"
"r_2","2010Q1","1000cp","1","4","131.1"
"r_2","2010Q1","1000cp","2","4","101.4"
"r_2","2010Q1","1000cp","0","5","82.8"
"r_2","2010Q1","1000cp","1","5","42.2"
"r_2","2010Q1","1000cp","2","5","40.6"
"r_2","2010Q1","1000cp","0","6","143.3"
"r_2","2010Q1","1000cp","1","6","77.7"
"r_2","2010Q1","1000cp","2","6","65.6"
"r_2","2010Q2","1000cp","0","0","345"
"r_2","2010Q2","1000cp","1","0","194.4"
"r_2","2010Q2","1000cp","2","0","150.5"
"r_2","2010Q2","1000cp","0","1","137.6"
"r_2","2010Q2","1000cp","1","1","70.1"
"r_2","2010Q2","1000cp","2","1","67.5"
"r_2","2010Q2","1000cp","0","2","192.1"
"r_2","2010Q2","1000cp","1","2","112.4"
"r_2","2010Q2","1000cp","2","2","79.6"
"r_2","2010Q2","1000cp","0","3","43.8"
"r_2","2010Q2","1000cp","1","3","23.4"
"r_2","2010Q2","1000cp","2","3","20.4"
"r_2","2010Q2","1000cp","0","4","232.7"
"r_2","2010Q2","1000cp","1","4","132.7"
"r_2","2010Q2","1000cp","2","4","100.1"
"r_2","2010Q2","1000cp","0","5","92.9"
"r_2","2010Q2","1000cp","1","5","50.3"
"r_2","2010Q2","1000cp","2","5","42.5"
"r_2","2010Q2","1000cp","0","6","142.3"
"r_2","2010Q2","1000cp","1","6","80.2"
"r_2","2010Q2","1000cp","2","6","62.2"
"r_2","2010Q3","1000cp","0","0","330.5"
"r_2","2010Q3","1000cp","1","0","186.9"
"r_2","2010Q3","1000cp","2","0","143.6"
"r_2","2010Q3","1000cp","0","1","134.3"
"r_2","2010Q3","1000cp","1","1","64.3"
"r_2","2010Q3","1000cp","2","1","70"
"r_2","2010Q3","1000cp","0","2","174.5"
"r_2","2010Q3","1000cp","1","2","104.4"
"r_2","2010Q3","1000cp","2","2","70.1"
"r_2","2010Q3","1000cp","0","3","38.9"
"r_2","2010Q3","1000cp","1","3","18.8"
"r_2","2010Q3","1000cp","2","3","20.1"
"r_2","2010Q3","1000cp","0","4","234.9"
"r_2","2010Q3","1000cp","1","4","133.4"
"r_2","2010Q3","1000cp","2","4","101.5"
"r_2","2010Q3","1000cp","0","5","88.9"
"r_2","2010Q3","1000cp","1","5","48.4"
"r_2","2010Q3","1000cp","2","5","40.5"
"r_2","2010Q3","1000cp","0","6","147.1"
"r_2","2010Q3","1000cp","1","6","79.9"
"r_2","2010Q3","1000cp","2","6","67.3"
"r_2","2010Q4","1000cp","0","0","389.4"
"r_2","2010Q4","1000cp","1","0","221.7"
"r_2","2010Q4","1000cp","2","0","167.8"
"r_2","2010Q4","1000cp","0","1","158.5"
"r_2","2010Q4","1000cp","1","1","75.4"
"r_2","2010Q4","1000cp","2","1","83"
"r_2","2010Q4","1000cp","0","2","210.6"
"r_2","2010Q4","1000cp","1","2","126.3"
"r_2","2010Q4","1000cp","2","2","84.2"
"r_2","2010Q4","1000cp","0","3","47.2"
"r_2","2010Q4","1000cp","1","3","25.9"
"r_2","2010Q4","1000cp","2","3","21.3"
"r_2","2010Q4","1000cp","0","4","277"
"r_2","2010Q4","1000cp","1","4","159.6"
"r_2","2010Q4","1000cp","2","4","117.4"
"r_2","2010Q4","1000cp","0","5","107.7"
"r_2","2010Q4","1000cp","1","5","59"
"r_2","2010Q4","1000cp","2","5","48.7"
"r_2","2010Q4","1000cp","0","6","171.7"
"r_2","2010Q4","1000cp","1","6","94"
"r_2","2010Q4","1000cp","2","6","77.7"
"r_2","2011Q1","1000cp","0","0","402"
"r_2","2011Q1","1000cp","1","0","234.1"
"r_2","2011Q1","1000cp","2","0","167.9"
"r_2","2011Q1","1000cp","0","1","144.4"
"r_2","2011Q1","1000cp","1","1","74.4"
"r_2","2011Q1","1000cp","2","1","70"
"r_2","2011Q1","1000cp","0","2","202.3"
"r_2","2011Q1","1000cp","1","2","125.7"
"r_2","2011Q1","1000cp","2","2","76.5"
"r_2","2011Q1","1000cp","0","3","54.8"
"r_2","2011Q1","1000cp","1","3","32.5"
"r_2","2011Q1","1000cp","2","3","22.4"
"r_2","2011Q1","1000cp","0","4","276.9"
"r_2","2011Q1","1000cp","1","4","164.3"
"r_2","2011Q1","1000cp","2","4","112.6"
"r_2","2011Q1","1000cp","0","5","112.2"
"r_2","2011Q1","1000cp","1","5","68.1"
"r_2","2011Q1","1000cp","2","5","44.1"
"r_2","2011Q1","1000cp","0","6","175.6"
"r_2","2011Q1","1000cp","1","6","103"
"r_2","2011Q1","1000cp","2","6","72.5"
"r_2","2011Q2","1000cp","0","0","372.3"
"r_2","2011Q2","1000cp","1","0","215.9"
"r_2","2011Q2","1000cp","2","0","156.4"
"r_2","2011Q2","1000cp","0","1","139.4"
"r_2","2011Q2","1000cp","1","1","73.6"
"r_2","2011Q2","1000cp","2","1","65.8"
"r_2","2011Q2","1000cp","0","2","190.9"
"r_2","2011Q2","1000cp","1","2","115.9"
"r_2","2011Q2","1000cp","2","2","75"
"r_2","2011Q2","1000cp","0","3","51"
"r_2","2011Q2","1000cp","1","3","29.3"
"r_2","2011Q2","1000cp","2","3","21.7"
"r_2","2011Q2","1000cp","0","4","254.1"
"r_2","2011Q2","1000cp","1","4","150"
"r_2","2011Q2","1000cp","2","4","104.1"
"r_2","2011Q2","1000cp","0","5","101.3"
"r_2","2011Q2","1000cp","1","5","59.6"
"r_2","2011Q2","1000cp","2","5","41.7"
"r_2","2011Q2","1000cp","0","6","144.6"
"r_2","2011Q2","1000cp","1","6","83.7"
"r_2","2011Q2","1000cp","2","6","60.8"
"r_2","2011Q3","1000cp","0","0","346.5"
"r_2","2011Q3","1000cp","1","0","199.3"
"r_2","2011Q3","1000cp","2","0","147.2"
"r_2","2011Q3","1000cp","0","1","126.8"
"r_2","2011Q3","1000cp","1","1","65.5"
"r_2","2011Q3","1000cp","2","1","61.3"
"r_2","2011Q3","1000cp","0","2","180.3"
"r_2","2011Q3","1000cp","1","2","107.7"
"r_2","2011Q3","1000cp","2","2","72.6"
"r_2","2011Q3","1000cp","0","3","44.8"
"r_2","2011Q3","1000cp","1","3","22.9"
"r_2","2011Q3","1000cp","2","3","21.8"
"r_2","2011Q3","1000cp","0","4","251.2"
"r_2","2011Q3","1000cp","1","4","149.4"
"r_2","2011Q3","1000cp","2","4","101.8"
"r_2","2011Q3","1000cp","0","5","103.5"
"r_2","2011Q3","1000cp","1","5","57.9"
"r_2","2011Q3","1000cp","2","5","45.5"
"r_2","2011Q3","1000cp","0","6","151.8"
"r_2","2011Q3","1000cp","1","6","85.6"
"r_2","2011Q3","1000cp","2","6","66.2"
"r_2","2011Q4","1000cp","0","0","384.2"
"r_2","2011Q4","1000cp","1","0","226.8"
"r_2","2011Q4","1000cp","2","0","157.4"
"r_2","2011Q4","1000cp","0","1","132"
"r_2","2011Q4","1000cp","1","1","67.2"
"r_2","2011Q4","1000cp","2","1","64.8"
"r_2","2011Q4","1000cp","0","2","198.8"
"r_2","2011Q4","1000cp","1","2","126.1"
"r_2","2011Q4","1000cp","2","2","72.7"
"r_2","2011Q4","1000cp","0","3","53.2"
"r_2","2011Q4","1000cp","1","3","29.6"
"r_2","2011Q4","1000cp","2","3","23.6"
"r_2","2011Q4","1000cp","0","4","271"
"r_2","2011Q4","1000cp","1","4","164.7"
"r_2","2011Q4","1000cp","2","4","106.3"
"r_2","2011Q4","1000cp","0","5","125.6"
"r_2","2011Q4","1000cp","1","5","74.1"
"r_2","2011Q4","1000cp","2","5","51.5"
"r_2","2011Q4","1000cp","0","6","176.4"
"r_2","2011Q4","1000cp","1","6","105.7"
"r_2","2011Q4","1000cp","2","6","70.7"
"r_2","2012Q1","1000cp","0","0","421.4"
"r_2","2012Q1","1000cp","1","0","252.3"
"r_2","2012Q1","1000cp","2","0","169"
"r_2","2012Q1","1000cp","0","1","168.7"
"r_2","2012Q1","1000cp","1","1","90.8"
"r_2","2012Q1","1000cp","2","1","77.9"
"r_2","2012Q1","1000cp","0","2","214.8"
"r_2","2012Q1","1000cp","1","2","134"
"r_2","2012Q1","1000cp","2","2","80.8"
"r_2","2012Q1","1000cp","0","3","62.3"
"r_2","2012Q1","1000cp","1","3","35"
"r_2","2012Q1","1000cp","2","3","27.3"
"r_2","2012Q1","1000cp","0","4","297"
"r_2","2012Q1","1000cp","1","4","179.1"
"r_2","2012Q1","1000cp","2","4","117.9"
"r_2","2012Q1","1000cp","0","5","136.8"
"r_2","2012Q1","1000cp","1","5","81.7"
"r_2","2012Q1","1000cp","2","5","55.1"
"r_2","2012Q1","1000cp","0","6","195.9"
"r_2","2012Q1","1000cp","1","6","119.6"
"r_2","2012Q1","1000cp","2","6","76.3"
"r_2","2012Q2","1000cp","0","0","409.5"
"r_2","2012Q2","1000cp","1","0","242.7"
"r_2","2012Q2","1000cp","2","0","166.8"
"r_2","2012Q2","1000cp","0","1","163.8"
"r_2","2012Q2","1000cp","1","1","89.1"
"r_2","2012Q2","1000cp","2","1","74.7"
"r_2","2012Q2","1000cp","0","2","213.8"
"r_2","2012Q2","1000cp","1","2","133.5"
"r_2","2012Q2","1000cp","2","2","80.3"
"r_2","2012Q2","1000cp","0","3","68.8"
"r_2","2012Q2","1000cp","1","3","41.7"
"r_2","2012Q2","1000cp","2","3","27.1"
"r_2","2012Q2","1000cp","0","4","299.7"
"r_2","2012Q2","1000cp","1","4","182.6"
"r_2","2012Q2","1000cp","2","4","117.1"
"r_2","2012Q2","1000cp","0","5","136.8"
"r_2","2012Q2","1000cp","1","5","80.2"
"r_2","2012Q2","1000cp","2","5","56.6"
"r_2","2012Q2","1000cp","0","6","184.7"
"r_2","2012Q2","1000cp","1","6","109.9"
"r_2","2012Q2","1000cp","2","6","74.7"
"r_2","2012Q3","1000cp","0","0","393.2"
"r_2","2012Q3","1000cp","1","0","231.5"
"r_2","2012Q3","1000cp","2","0","161.8"
"r_2","2012Q3","1000cp","0","1","144.6"
"r_2","2012Q3","1000cp","1","1","79.5"
"r_2","2012Q3","1000cp","2","1","65.1"
"r_2","2012Q3","1000cp","0","2","231.2"
"r_2","2012Q3","1000cp","1","2","140.8"
"r_2","2012Q3","1000cp","2","2","90.4"
"r_2","2012Q3","1000cp","0","3","70.7"
"r_2","2012Q3","1000cp","1","3","41.3"
"r_2","2012Q3","1000cp","2","3","29.4"
"r_2","2012Q3","1000cp","0","4","290.9"
"r_2","2012Q3","1000cp","1","4","174.6"
"r_2","2012Q3","1000cp","2","4","116.3"
"r_2","2012Q3","1000cp","0","5","134.8"
"r_2","2012Q3","1000cp","1","5","79.1"
"r_2","2012Q3","1000cp","2","5","55.7"
"r_2","2012Q3","1000cp","0","6","188.3"
"r_2","2012Q3","1000cp","1","6","109.2"
"r_2","2012Q3","1000cp","2","6","79"
"r_2","2012Q4","1000cp","0","0","417.3"
"r_2","2012Q4","1000cp","1","0","237.8"
"r_2","2012Q4","1000cp","2","0","179.5"
"r_2","2012Q4","1000cp","0","1","159.7"
"r_2","2012Q4","1000cp","1","1","86.3"
"r_2","2012Q4","1000cp","2","1","73.4"
"r_2","2012Q4","1000cp","0","2","234.6"
"r_2","2012Q4","1000cp","1","2","142.5"
"r_2","2012Q4","1000cp","2","2","92.1"
"r_2","2012Q4","1000cp","0","3","76.5"
"r_2","2012Q4","1000cp","1","3","40.1"
"r_2","2012Q4","1000cp","2","3","36.4"
"r_2","2012Q4","1000cp","0","4","304.2"
"r_2","2012Q4","1000cp","1","4","175.7"
"r_2","2012Q4","1000cp","2","4","128.5"
"r_2","2012Q4","1000cp","0","5","141.5"
"r_2","2012Q4","1000cp","1","5","76.7"
"r_2","2012Q4","1000cp","2","5","64.9"
"r_2","2012Q4","1000cp","0","6","212.1"
"r_2","2012Q4","1000cp","1","6","120.3"
"r_2","2012Q4","1000cp","2","6","91.8"
"r_2","2013Q1","1000cp","0","0","456.4"
"r_2","2013Q1","1000cp","1","0","267.5"
"r_2","2013Q1","1000cp","2","0","188.8"
"r_2","2013Q1","1000cp","0","1","180.1"
"r_2","2013Q1","1000cp","1","1","93.4"
"r_2","2013Q1","1000cp","2","1","86.7"
"r_2","2013Q1","1000cp","0","2","239.8"
"r_2","2013Q1","1000cp","1","2","149.6"
"r_2","2013Q1","1000cp","2","2","90.3"
"r_2","2013Q1","1000cp","0","3","79.3"
"r_2","2013Q1","1000cp","1","3","43.5"
"r_2","2013Q1","1000cp","2","3","35.8"
"r_2","2013Q1","1000cp","0","4","325.4"
"r_2","2013Q1","1000cp","1","4","197.2"
"r_2","2013Q1","1000cp","2","4","128.3"
"r_2","2013Q1","1000cp","0","5","157.4"
"r_2","2013Q1","1000cp","1","5","91.6"
"r_2","2013Q1","1000cp","2","5","65.9"
"r_2","2013Q1","1000cp","0","6","233.9"
"r_2","2013Q1","1000cp","1","6","139.4"
"r_2","2013Q1","1000cp","2","6","94.4"
"r_2","2013Q2","1000cp","0","0","437.3"
"r_2","2013Q2","1000cp","1","0","251.7"
"r_2","2013Q2","1000cp","2","0","185.6"
"r_2","2013Q2","1000cp","0","1","169.4"
"r_2","2013Q2","1000cp","1","1","83.3"
"r_2","2013Q2","1000cp","2","1","86.1"
"r_2","2013Q2","1000cp","0","2","220.8"
"r_2","2013Q2","1000cp","1","2","135.9"
"r_2","2013Q2","1000cp","2","2","84.9"
"r_2","2013Q2","1000cp","0","3","70.5"
"r_2","2013Q2","1000cp","1","3","40.6"
"r_2","2013Q2","1000cp","2","3","29.9"
"r_2","2013Q2","1000cp","0","4","316.8"
"r_2","2013Q2","1000cp","1","4","186.1"
"r_2","2013Q2","1000cp","2","4","130.8"
"r_2","2013Q2","1000cp","0","5","148.3"
"r_2","2013Q2","1000cp","1","5","84"
"r_2","2013Q2","1000cp","2","5","64.3"
"r_2","2013Q2","1000cp","0","6","221.2"
"r_2","2013Q2","1000cp","1","6","129.4"
"r_2","2013Q2","1000cp","2","6","91.7"
"r_2","2013Q3","1000cp","0","0","411.6"
"r_2","2013Q3","1000cp","1","0","230.3"
"r_2","2013Q3","1000cp","2","0","181.3"
"r_2","2013Q3","1000cp","0","1","173.8"
"r_2","2013Q3","1000cp","1","1","84.6"
"r_2","2013Q3","1000cp","2","1","89.2"
"r_2","2013Q3","1000cp","0","2","210.8"
"r_2","2013Q3","1000cp","1","2","124.3"
"r_2","2013Q3","1000cp","2","2","86.6"
"r_2","2013Q3","1000cp","0","3","66.5"
"r_2","2013Q3","1000cp","1","3","34.3"
"r_2","2013Q3","1000cp","2","3","32.2"
"r_2","2013Q3","1000cp","0","4","297.4"
"r_2","2013Q3","1000cp","1","4","172.3"
"r_2","2013Q3","1000cp","2","4","125.1"
"r_2","2013Q3","1000cp","0","5","154.2"
"r_2","2013Q3","1000cp","1","5","85"
"r_2","2013Q3","1000cp","2","5","69.2"
"r_2","2013Q3","1000cp","0","6","216.1"
"r_2","2013Q3","1000cp","1","6","122.6"
"r_2","2013Q3","1000cp","2","6","93.6"
"r_2","2013Q4","1000cp","0","0","439.8"
"r_2","2013Q4","1000cp","1","0","249.5"
"r_2","2013Q4","1000cp","2","0","190.3"
"r_2","2013Q4","1000cp","0","1","181.5"
"r_2","2013Q4","1000cp","1","1","91.6"
"r_2","2013Q4","1000cp","2","1","89.9"
"r_2","2013Q4","1000cp","0","2","233.2"
"r_2","2013Q4","1000cp","1","2","142.1"
"r_2","2013Q4","1000cp","2","2","91"
"r_2","2013Q4","1000cp","0","3","77.7"
"r_2","2013Q4","1000cp","1","3","40.2"
"r_2","2013Q4","1000cp","2","3","37.4"
"r_2","2013Q4","1000cp","0","4","320"
"r_2","2013Q4","1000cp","1","4","184.5"
"r_2","2013Q4","1000cp","2","4","135.4"
"r_2","2013Q4","1000cp","0","5","165.7"
"r_2","2013Q4","1000cp","1","5","91.7"
"r_2","2013Q4","1000cp","2","5","74"
"r_2","2013Q4","1000cp","0","6","232"
"r_2","2013Q4","1000cp","1","6","130.4"
"r_2","2013Q4","1000cp","2","6","101.5"
"r_2","2014Q1","1000cp","0","0","433"
"r_2","2014Q1","1000cp","1","0","247.1"
"r_2","2014Q1","1000cp","2","0","185.8"
"r_2","2014Q1","1000cp","0","1","183.5"
"r_2","2014Q1","1000cp","1","1","90.5"
"r_2","2014Q1","1000cp","2","1","93"
"r_2","2014Q1","1000cp","0","2","225.6"
"r_2","2014Q1","1000cp","1","2","137.4"
"r_2","2014Q1","1000cp","2","2","88.2"
"r_2","2014Q1","1000cp","0","3","81.2"
"r_2","2014Q1","1000cp","1","3","45.2"
"r_2","2014Q1","1000cp","2","3","36"
"r_2","2014Q1","1000cp","0","4","299.6"
"r_2","2014Q1","1000cp","1","4","175.4"
"r_2","2014Q1","1000cp","2","4","124.1"
"r_2","2014Q1","1000cp","0","5","156"
"r_2","2014Q1","1000cp","1","5","88.3"
"r_2","2014Q1","1000cp","2","5","67.8"
"r_2","2014Q1","1000cp","0","6","226.8"
"r_2","2014Q1","1000cp","1","6","128.4"
"r_2","2014Q1","1000cp","2","6","98.5"
"r_2","2014Q2","1000cp","0","0","381.8"
"r_2","2014Q2","1000cp","1","0","224"
"r_2","2014Q2","1000cp","2","0","157.8"
"r_2","2014Q2","1000cp","0","1","167.4"
"r_2","2014Q2","1000cp","1","1","88.8"
"r_2","2014Q2","1000cp","2","1","78.6"
"r_2","2014Q2","1000cp","0","2","203"
"r_2","2014Q2","1000cp","1","2","122.8"
"r_2","2014Q2","1000cp","2","2","80.2"
"r_2","2014Q2","1000cp","0","3","78.5"
"r_2","2014Q2","1000cp","1","3","43.7"
"r_2","2014Q2","1000cp","2","3","34.9"
"r_2","2014Q2","1000cp","0","4","277.3"
"r_2","2014Q2","1000cp","1","4","163.1"
"r_2","2014Q2","1000cp","2","4","114.2"
"r_2","2014Q2","1000cp","0","5","134.7"
"r_2","2014Q2","1000cp","1","5","77.2"
"r_2","2014Q2","1000cp","2","5","57.5"
"r_2","2014Q2","1000cp","0","6","190.8"
"r_2","2014Q2","1000cp","1","6","112.8"
"r_2","2014Q2","1000cp","2","6","78"
"r_2","2014Q3","1000cp","0","0","368.8"
"r_2","2014Q3","1000cp","1","0","211.6"
"r_2","2014Q3","1000cp","2","0","157.2"
"r_2","2014Q3","1000cp","0","1","155.5"
"r_2","2014Q3","1000cp","1","1","77.6"
"r_2","2014Q3","1000cp","2","1","77.9"
"r_2","2014Q3","1000cp","0","2","207.1"
"r_2","2014Q3","1000cp","1","2","124"
"r_2","2014Q3","1000cp","2","2","83.1"
"r_2","2014Q3","1000cp","0","3","79.2"
"r_2","2014Q3","1000cp","1","3","44.5"
"r_2","2014Q3","1000cp","2","3","34.7"
"r_2","2014Q3","1000cp","0","4","268.3"
"r_2","2014Q3","1000cp","1","4","153.8"
"r_2","2014Q3","1000cp","2","4","114.6"
"r_2","2014Q3","1000cp","0","5","133.7"
"r_2","2014Q3","1000cp","1","5","75.4"
"r_2","2014Q3","1000cp","2","5","58.3"
"r_2","2014Q3","1000cp","0","6","173.3"
"r_2","2014Q3","1000cp","1","6","101"
"r_2","2014Q3","1000cp","2","6","72.3"
"r_2","2014Q4","1000cp","0","0","354.5"
"r_2","2014Q4","1000cp","1","0","203"
"r_2","2014Q4","1000cp","2","0","151.5"
"r_2","2014Q4","1000cp","0","1","152.8"
"r_2","2014Q4","1000cp","1","1","75.1"
"r_2","2014Q4","1000cp","2","1","77.7"
"r_2","2014Q4","1000cp","0","2","178.9"
"r_2","2014Q4","1000cp","1","2","110.3"
"r_2","2014Q4","1000cp","2","2","68.6"
"r_2","2014Q4","1000cp","0","3","65.3"
"r_2","2014Q4","1000cp","1","3","35.9"
"r_2","2014Q4","1000cp","2","3","29.4"
"r_2","2014Q4","1000cp","0","4","248"
"r_2","2014Q4","1000cp","1","4","142.9"
"r_2","2014Q4","1000cp","2","4","105"
"r_2","2014Q4","1000cp","0","5","115.9"
"r_2","2014Q4","1000cp","1","5","63.6"
"r_2","2014Q4","1000cp","2","5","52.2"
"r_2","2014Q4","1000cp","0","6","161.6"
"r_2","2014Q4","1000cp","1","6","93"
"r_2","2014Q4","1000cp","2","6","68.6"
"r_2","2015Q1","1000cp","0","0","349.2"
"r_2","2015Q1","1000cp","1","0","200.4"
"r_2","2015Q1","1000cp","2","0","148.9"
"r_2","2015Q1","1000cp","0","1","146"
"r_2","2015Q1","1000cp","1","1","71.9"
"r_2","2015Q1","1000cp","2","1","74.1"
"r_2","2015Q1","1000cp","0","2","177.8"
"r_2","2015Q1","1000cp","1","2","107.9"
"r_2","2015Q1","1000cp","2","2","69.9"
"r_2","2015Q1","1000cp","0","3","59.7"
"r_2","2015Q1","1000cp","1","3","34"
"r_2","2015Q1","1000cp","2","3","25.7"
"r_2","2015Q1","1000cp","0","4","243.1"
"r_2","2015Q1","1000cp","1","4","145.2"
"r_2","2015Q1","1000cp","2","4","97.9"
"r_2","2015Q1","1000cp","0","5","108.5"
"r_2","2015Q1","1000cp","1","5","63.5"
"r_2","2015Q1","1000cp","2","5","45"
"r_2","2015Q1","1000cp","0","6","164.5"
"r_2","2015Q1","1000cp","1","6","94.2"
"r_2","2015Q1","1000cp","2","6","70.3"
"r_2","2015Q2","1000cp","0","0","330.9"
"r_2","2015Q2","1000cp","1","0","195"
"r_2","2015Q2","1000cp","2","0","135.9"
"r_2","2015Q2","1000cp","0","1","129.4"
"r_2","2015Q2","1000cp","1","1","68.1"
"r_2","2015Q2","1000cp","2","1","61.3"
"r_2","2015Q2","1000cp","0","2","165.3"
"r_2","2015Q2","1000cp","1","2","101.6"
"r_2","2015Q2","1000cp","2","2","63.7"
"r_2","2015Q2","1000cp","0","3","55.7"
"r_2","2015Q2","1000cp","1","3","34.2"
"r_2","2015Q2","1000cp","2","3","21.5"
"r_2","2015Q2","1000cp","0","4","232.7"
"r_2","2015Q2","1000cp","1","4","139.8"
"r_2","2015Q2","1000cp","2","4","92.9"
"r_2","2015Q2","1000cp","0","5","112.9"
"r_2","2015Q2","1000cp","1","5","69.7"
"r_2","2015Q2","1000cp","2","5","43.2"
"r_2","2015Q2","1000cp","0","6","149.3"
"r_2","2015Q2","1000cp","1","6","87.3"
"r_2","2015Q2","1000cp","2","6","62"
"r_2","2015Q3","1000cp","0","0","279.3"
"r_2","2015Q3","1000cp","1","0","159.1"
"r_2","2015Q3","1000cp","2","0","120.1"
"r_2","2015Q3","1000cp","0","1","117.7"
"r_2","2015Q3","1000cp","1","1","57.5"
"r_2","2015Q3","1000cp","2","1","60.2"
"r_2","2015Q3","1000cp","0","2","146"
"r_2","2015Q3","1000cp","1","2","87.6"
"r_2","2015Q3","1000cp","2","2","58.4"
"r_2","2015Q3","1000cp","0","3","50.7"
"r_2","2015Q3","1000cp","1","3","29.8"
"r_2","2015Q3","1000cp","2","3","21"
"r_2","2015Q3","1000cp","0","4","205.7"
"r_2","2015Q3","1000cp","1","4","120.7"
"r_2","2015Q3","1000cp","2","4","85.1"
"r_2","2015Q3","1000cp","0","5","91.7"
"r_2","2015Q3","1000cp","1","5","54.7"
"r_2","2015Q3","1000cp","2","5","37"
"r_2","2015Q3","1000cp","0","6","129.9"
"r_2","2015Q3","1000cp","1","6","73.6"
"r_2","2015Q3","1000cp","2","6","56.3"
"r_2","2015Q4","1000cp","0","0","261"
"r_2","2015Q4","1000cp","1","0","142.4"
"r_2","2015Q4","1000cp","2","0","118.7"
"r_2","2015Q4","1000cp","0","1","116.8"
"r_2","2015Q4","1000cp","1","1","53.1"
"r_2","2015Q4","1000cp","2","1","63.8"
"r_2","2015Q4","1000cp","0","2","128.7"
"r_2","2015Q4","1000cp","1","2","71.4"
"r_2","2015Q4","1000cp","2","2","57.3"
"r_2","2015Q4","1000cp","0","3","40.9"
"r_2","2015Q4","1000cp","1","3","20.5"
"r_2","2015Q4","1000cp","2","3","20.4"
"r_2","2015Q4","1000cp","0","4","190.7"
"r_2","2015Q4","1000cp","1","4","107"
"r_2","2015Q4","1000cp","2","4","83.7"
"r_2","2015Q4","1000cp","0","5","83.1"
"r_2","2015Q4","1000cp","1","5","43.3"
"r_2","2015Q4","1000cp","2","5","39.8"
"r_2","2015Q4","1000cp","0","6","123.2"
"r_2","2015Q4","1000cp","1","6","65.2"
"r_2","2015Q4","1000cp","2","6","57.9"
"r_3","2016Q1","1000cp","0","0","279.6"
"r_3","2016Q1","1000cp","1","0","162.7"
"r_3","2016Q1","1000cp","2","0","116.9"
"r_3","2016Q1","1000cp","0","1","113"
"r_3","2016Q1","1000cp","1","1","56.2"
"r_3","2016Q1","1000cp","2","1","56.8"
"r_3","2016Q1","1000cp","0","2","136.9"
"r_3","2016Q1","1000cp","1","2","81.7"
"r_3","2016Q1","1000cp","2","2","55.2"
"r_3","2016Q1","1000cp","0","3","38.2"
"r_3","2016Q1","1000cp","1","3","22.6"
"r_3","2016Q1","1000cp","2","3","15.6"
"r_3","2016Q1","1000cp","0","4","194.2"
"r_3","2016Q1","1000cp","1","4","116.8"
"r_3","2016Q1","1000cp","2","4","77.4"
"r_3","2016Q1","1000cp","0","5","78.5"
"r_3","2016Q1","1000cp","1","5","44.5"
"r_3","2016Q1","1000cp","2","5","34"
"r_3","2016Q1","1000cp","0","6","119.3"
"r_3","2016Q1","1000cp","1","6","67.4"
"r_3","2016Q1","1000cp","2","6","52"
"r_4","2016Q2","1000cp","0","0","265.6"
"r_4","2016Q2","1000cp","1","0","155.7"
"r_4","2016Q2","1000cp","2","0","109.9"
"r_4","2016Q2","1000cp","0","1","100.5"
"r_4","2016Q2","1000cp","1","1","50.9"
"r_4","2016Q2","1000cp","2","1","49.7"
"r_4","2016Q2","1000cp","0","2","132.4"
"r_4","2016Q2","1000cp","1","2","82"
"r_4","2016Q2","1000cp","2","2","50.4"
"r_4","2016Q2","1000cp","0","3","43.7"
"r_4","2016Q2","1000cp","1","3","28.8"
"r_4","2016Q2","1000cp","2","3","14.9"
"r_4","2016Q2","1000cp","0","4","186.5"
"r_4","2016Q2","1000cp","1","4","111.2"
"r_4","2016Q2","1000cp","2","4","75.3"
"r_4","2016Q2","1000cp","0","5","78.2"
"r_4","2016Q2","1000cp","1","5","46.2"
"r_4","2016Q2","1000cp","2","5","32.1"
"r_4","2016Q2","1000cp","0","6","113"
"r_4","2016Q2","1000cp","1","6","66.7"
"r_4","2016Q2","1000cp","2","6","46.3"
"r_5","2016Q3","1000cp","0","0","229"
"r_5","2016Q3","1000cp","1","0","130.1"
"r_5","2016Q3","1000cp","2","0","98.9"
"r_5","2016Q3","1000cp","0","1","89.8"
"r_5","2016Q3","1000cp","1","1","42.7"
"r_5","2016Q3","1000cp","2","1","47.1"
"r_5","2016Q3","1000cp","0","2","113"
"r_5","2016Q3","1000cp","1","2","67.5"
"r_5","2016Q3","1000cp","2","2","45.5"
"r_5","2016Q3","1000cp","0","3","40.1"
"r_5","2016Q3","1000cp","1","3","24.5"
"r_5","2016Q3","1000cp","2","3","15.6"
"r_5","2016Q3","1000cp","0","4","168.1"
"r_5","2016Q3","1000cp","1","4","95.3"
"r_5","2016Q3","1000cp","2","4","72.8"
"r_5","2016Q3","1000cp","0","5","69.6"
"r_5","2016Q3","1000cp","1","5","39"
"r_5","2016Q3","1000cp","2","5","30.6"
"r_5","2016Q3","1000cp","0","6","99.9"
"r_5","2016Q3","1000cp","1","6","54.8"
"r_5","2016Q3","1000cp","2","6","45.1"
"r_6","2016Q4","1000cp","0","0","214.9"
"r_6","2016Q4","1000cp","1","0","118.3"
"r_6","2016Q4","1000cp","2","0","96.6"
"r_6","2016Q4","1000cp","0","1","81.7"
"r_6","2016Q4","1000cp","1","1","38.4"
"r_6","2016Q4","1000cp","2","1","43.3"
"r_6","2016Q4","1000cp","0","2","108.5"
"r_6","2016Q4","1000cp","1","2","62.4"
"r_6","2016Q4","1000cp","2","2","46.1"
"r_6","2016Q4","1000cp","0","3","37.4"
"r_6","2016Q4","1000cp","1","3","19.6"
"r_6","2016Q4","1000cp","2","3","17.8"
"r_6","2016Q4","1000cp","0","4","158.1"
"r_6","2016Q4","1000cp","1","4","88.9"
"r_6","2016Q4","1000cp","2","4","69.1"
"r_6","2016Q4","1000cp","0","5","62.8"
"r_6","2016Q4","1000cp","1","5","37.2"
"r_6","2016Q4","1000cp","2","5","25.6"
"r_6","2016Q4","1000cp","0","6","92.5"
"r_6","2016Q4","1000cp","1","6","49.9"
"r_6","2016Q4","1000cp","2","6","42.6"
"r_7","2017Q1","1000cp","0","0","224.4"
"r_7","2017Q1","1000cp","1","0","119"
"r_7","2017Q1","1000cp","2","0","105.4"
"r_7","2017Q1","1000cp","0","1","93.2"
"r_7","2017Q1","1000cp","1","1","44.1"
"r_7","2017Q1","1000cp","2","1","49.1"
"r_7","2017Q1","1000cp","0","2","99.8"
"r_7","2017Q1","1000cp","1","2","57.5"
"r_7","2017Q1","1000cp","2","2","42.3"
"r_7","2017Q1","1000cp","0","3","30.7"
"r_7","2017Q1","1000cp","1","3","14.9"
"r_7","2017Q1","1000cp","2","3","15.8"
"r_7","2017Q1","1000cp","0","4","162.6"
"r_7","2017Q1","1000cp","1","4","89.8"
"r_7","2017Q1","1000cp","2","4","72.9"
"r_7","2017Q1","1000cp","0","5","52.6"
"r_7","2017Q1","1000cp","1","5","28.7"
"r_7","2017Q1","1000cp","2","5","23.9"
"r_7","2017Q1","1000cp","0","6","95.8"
"r_7","2017Q1","1000cp","1","6","51.7"
"r_7","2017Q1","1000cp","2","6","44.1"
"r_8","2017Q2","1000cp","0","0","213.9"
"r_8","2017Q2","1000cp","1","0","123.9"
"r_8","2017Q2","1000cp","2","0","90"
"r_8","2017Q2","1000cp","0","1","85.7"
"r_8","2017Q2","1000cp","1","1","44"
"r_8","2017Q2","1000cp","2","1","41.6"
"r_8","2017Q2","1000cp","0","2","106.4"
"r_8","2017Q2","1000cp","1","2","67"
"r_8","2017Q2","1000cp","2","2","39.5"
"r_8","2017Q2","1000cp","0","3","31.9"
"r_8","2017Q2","1000cp","1","3","18.1"
"r_8","2017Q2","1000cp","2","3","13.9"
"r_8","2017Q2","1000cp","0","4","152.5"
"r_8","2017Q2","1000cp","1","4","92.6"
"r_8","2017Q2","1000cp","2","4","59.9"
"r_8","2017Q2","1000cp","0","5","55.8"
"r_8","2017Q2","1000cp","1","5","34.2"
"r_8","2017Q2","1000cp","2","5","21.6"
"r_8","2017Q2","1000cp","0","6","93"
"r_8","2017Q2","1000cp","1","6","55.6"
"r_8","2017Q2","1000cp","2","6","37.4"
"r_9","2017Q3","1000cp","0","0","200.2"
"r_9","2017Q3","1000cp","1","0","112.4"
"r_9","2017Q3","1000cp","2","0","87.8"
"r_9","2017Q3","1000cp","0","1","73.1"
"r_9","2017Q3","1000cp","1","1","36.8"
"r_9","2017Q3","1000cp","2","1","36.3"
"r_9","2017Q3","1000cp","0","2","102.3"
"r_9","2017Q3","1000cp","1","2","61.6"
"r_9","2017Q3","1000cp","2","2","40.6"
"r_9","2017Q3","1000cp","0","3","30.1"
"r_9","2017Q3","1000cp","1","3","15.2"
"r_9","2017Q3","1000cp","2","3","14.9"
"r_9","2017Q3","1000cp","0","4","143.6"
"r_9","2017Q3","1000cp","1","4","80.9"
"r_9","2017Q3","1000cp","2","4","62.7"
"r_9","2017Q3","1000cp","0","5","50.9"
"r_9","2017Q3","1000cp","1","5","28"
"r_9","2017Q3","1000cp","2","5","22.8"
"r_9","2017Q3","1000cp","0","6","87.8"
"r_9","2017Q3","1000cp","1","6","48.8"
"r_9","2017Q3","1000cp","2","6","39"
"r_10","2017Q4","1000cp","0","0","189.3"
"r_10","2017Q4","1000cp","1","0","101.4"
"r_10","2017Q4","1000cp","2","0","87.9"
"r_10","2017Q4","1000cp","0","1","75.2"
"r_10","2017Q4","1000cp","1","1","34.4"
"r_10","2017Q4","1000cp","2","1","40.8"
"r_10","2017Q4","1000cp","0","2","90.1"
"r_10","2017Q4","1000cp","1","2","51.8"
"r_10","2017Q4","1000cp","2","2","38.3"
"r_10","2017Q4","1000cp","0","3","30.3"
"r_10","2017Q4","1000cp","1","3","18.1"
"r_10","2017Q4","1000cp","2","3","12.1"
"r_10","2017Q4","1000cp","0","4","133.3"
"r_10","2017Q4","1000cp","1","4","70.7"
"r_10","2017Q4","1000cp","2","4","62.6"
"r_10","2017Q4","1000cp","0","5","54"
"r_10","2017Q4","1000cp","1","5","30"
"r_10","2017Q4","1000cp","2","5","24.1"
"r_10","2017Q4","1000cp","0","6","86.1"
"r_10","2017Q4","1000cp","1","6","45.8"
"r_10","2017Q4","1000cp","2","6","40.3"
"r_11","2018Q1","1000cp","0","0","188.7"
"r_11","2018Q1","1000cp","1","0","111.7"
"r_11","2018Q1","1000cp","2","0","77.1"
"r_11","2018Q1","1000cp","0","1","72.4"
"r_11","2018Q1","1000cp","1","1","38.5"
"r_11","2018Q1","1000cp","2","1","33.8"
"r_11","2018Q1","1000cp","0","2","88.9"
"r_11","2018Q1","1000cp","1","2","54.4"
"r_11","2018Q1","1000cp","2","2","34.5"
"r_11","2018Q1","1000cp","0","3","26.6"
"r_11","2018Q1","1000cp","1","3","16.5"
"r_11","2018Q1","1000cp","2","3","10.1"
"r_11","2018Q1","1000cp","0","4","128.1"
"r_11","2018Q1","1000cp","1","4","79.7"
"r_11","2018Q1","1000cp","2","4","48.4"
"r_11","2018Q1","1000cp","0","5","50.9"
"r_11","2018Q1","1000cp","1","5","31"
"r_11","2018Q1","1000cp","2","5","19.9"
"r_11","2018Q1","1000cp","0","6","83.7"
"r_11","2018Q1","1000cp","1","6","50.5"
"r_11","2018Q1","1000cp","2","6","33.2"
"r_12","2018Q2","1000cp","0","0","182.2"
"r_12","2018Q2","1000cp","1","0","109.8"
"r_12","2018Q2","1000cp","2","0","72.4"
"r_12","2018Q2","1000cp","0","1","74.7"
"r_12","2018Q2","1000cp","1","1","38.4"
"r_12","2018Q2","1000cp","2","1","36.3"
"r_12","2018Q2","1000cp","0","2","91"
"r_12","2018Q2","1000cp","1","2","57.6"
"r_12","2018Q2","1000cp","2","2","33.4"
"r_12","2018Q2","1000cp","0","3","25.4"
"r_12","2018Q2","1000cp","1","3","13.5"
"r_12","2018Q2","1000cp","2","3","11.9"
"r_12","2018Q2","1000cp","0","4","127.5"
"r_12","2018Q2","1000cp","1","4","78.5"
"r_12","2018Q2","1000cp","2","4","49"
"r_12","2018Q2","1000cp","0","5","40.7"
"r_12","2018Q2","1000cp","1","5","21.8"
"r_12","2018Q2","1000cp","2","5","18.9"
"r_12","2018Q2","1000cp","0","6","69.5"
"r_12","2018Q2","1000cp","1","6","39"
"r_12","2018Q2","1000cp","2","6","30.5"
"r_13","2018Q3","1000cp","0","0","168.3"
"r_13","2018Q3","1000cp","1","0","97.2"
"r_13","2018Q3","1000cp","2","0","71.1"
"r_13","2018Q3","1000cp","0","1","69.9"
"r_13","2018Q3","1000cp","1","1","34.2"
"r_13","2018Q3","1000cp","2","1","35.8"
"r_13","2018Q3","1000cp","0","2","88.6"
"r_13","2018Q3","1000cp","1","2","52.8"
"r_13","2018Q3","1000cp","2","2","35.8"
"r_13","2018Q3","1000cp","0","3","25.1"
"r_13","2018Q3","1000cp","1","3","13.1"
"r_13","2018Q3","1000cp","2","3","11.9"
"r_13","2018Q3","1000cp","0","4","116"
"r_13","2018Q3","1000cp","1","4","66.6"
"r_13","2018Q3","1000cp","2","4","49.4"
"r_13","2018Q3","1000cp","0","5","42.5"
"r_13","2018Q3","1000cp","1","5","22.6"
"r_13","2018Q3","1000cp","2","5","19.9"
"r_13","2018Q3","1000cp","0","6","69.5"
"r_13","2018Q3","1000cp","1","6","38.1"
"r_13","2018Q3","1000cp","2","6","31.4"
"r_14","2018Q4","1000cp","0","0","154.1"
"r_14","2018Q4","1000cp","1","0","88.2"
"r_14","2018Q4","1000cp","2","0","65.9"
"r_14","2018Q4","1000cp","0","1","66.1"
"r_14","2018Q4","1000cp","1","1","32.2"
"r_14","2018Q4","1000cp","2","1","33.9"
"r_14","2018Q4","1000cp","0","2","75.8"
"r_14","2018Q4","1000cp","1","2","45.4"
"r_14","2018Q4","1000cp","2","2","30.3"
"r_14","2018Q4","1000cp","0","3","23.8"
"r_14","2018Q4","1000cp","1","3","13.7"
"r_14","2018Q4","1000cp","2","3","10.1"
"r_14","2018Q4","1000cp","0","4","103.2"
"r_14","2018Q4","1000cp","1","4","58.1"
"r_14","2018Q4","1000cp","2","4","45.1"
"r_14","2018Q4","1000cp","0","5","43.6"
"r_14","2018Q4","1000cp","1","5","24.1"
"r_14","2018Q4","1000cp","2","5","19.6"
"r_14","2018Q4","1000cp","0","6","68"
"r_14","2018Q4","1000cp","1","6","36.4"
"r_14","2018Q4","1000cp","2","6","31.7"
"r_15","2019Q1","1000cp","0","0","165.3"
"r_15","2019Q1","1000cp","1","0","95"
"r_15","2019Q1","1000cp","2","0","70.3"
"r_15","2019Q1","1000cp","0","1","64.5"
"r_15","2019Q1","1000cp","1","1","32.3"
"r_15","2019Q1","1000cp","2","1","32.2"
"r_15","2019Q1","1000cp","0","2","78.9"
"r_15","2019Q1","1000cp","1","2","47.7"
"r_15","2019Q1","1000cp","2","2","31.1"
"r_15","2019Q1","1000cp","0","3","25.4"
"r_15","2019Q1","1000cp","1","3","15.2"
"r_15","2019Q1","1000cp","2","3","10.2"
"r_15","2019Q1","1000cp","0","4","104"
"r_15","2019Q1","1000cp","1","4","60.2"
"r_15","2019Q1","1000cp","2","4","43.8"
"r_15","2019Q1","1000cp","0","5","43.4"
"r_15","2019Q1","1000cp","1","5","25"
"r_15","2019Q1","1000cp","2","5","18.4"
"r_15","2019Q1","1000cp","0","6","69.5"
"r_15","2019Q1","1000cp","1","6","38.6"
"r_15","2019Q1","1000cp","2","6","30.8"
"r_16","2019Q2","1000cp","0","0","142"
"r_16","2019Q2","1000cp","1","0","82.7"
"r_16","2019Q2","1000cp","2","0","59.3"
"r_16","2019Q2","1000cp","0","1","50.8"
"r_16","2019Q2","1000cp","1","1","24.7"
"r_16","2019Q2","1000cp","2","1","26.1"
"r_16","2019Q2","1000cp","0","2","77.5"
"r_16","2019Q2","1000cp","1","2","47.6"
"r_16","2019Q2","1000cp","2","2","29.9"
"r_16","2019Q2","1000cp","0","3","21.9"
"r_16","2019Q2","1000cp","1","3","13.9"
"r_16","2019Q2","1000cp","2","3","8"
"r_16","2019Q2","1000cp","0","4","97.6"
"r_16","2019Q2","1000cp","1","4","55.9"
"r_16","2019Q2","1000cp","2","4","41.8"
"r_16","2019Q2","1000cp","0","5","32"
"r_16","2019Q2","1000cp","1","5","20"
"r_16","2019Q2","1000cp","2","5","12"
"r_16","2019Q2","1000cp","0","6","64"
"r_16","2019Q2","1000cp","1","6","37.5"
"r_16","2019Q2","1000cp","2","6","26.5"
"r_17","2019Q3","1000cp","0","0","125.4"
"r_17","2019Q3","1000cp","1","0","70.9"
"r_17","2019Q3","1000cp","2","0","54.5"
"r_17","2019Q3","1000cp","0","1","51.1"
"r_17","2019Q3","1000cp","1","1","25.2"
"r_17","2019Q3","1000cp","2","1","25.9"
"r_17","2019Q3","1000cp","0","2","60.7"
"r_17","2019Q3","1000cp","1","2","35.7"
"r_17","2019Q3","1000cp","2","2","25"
"r_17","2019Q3","1000cp","0","3","17"
"r_17","2019Q3","1000cp","1","3","7.9"
"r_17","2019Q3","1000cp","2","3","9"
"r_17","2019Q3","1000cp","0","4","84.4"
"r_17","2019Q3","1000cp","1","4","48.7"
"r_17","2019Q3","1000cp","2","4","35.7"
"r_17","2019Q3","1000cp","0","5","28"
"r_17","2019Q3","1000cp","1","5","15.6"
"r_17","2019Q3","1000cp","2","5","12.4"
"r_17","2019Q3","1000cp","0","6","53.6"
"r_17","2019Q3","1000cp","1","6","29.8"
"r_17","2019Q3","1000cp","2","6","23.8"
"r_18","2019Q4","1000cp","0","0","138.5"
"r_18","2019Q4","1000cp","1","0","80.6"
"r_18","2019Q4","1000cp","2","0","57.9"
"r_18","2019Q4","1000cp","0","1","59.8"
"r_18","2019Q4","1000cp","1","1","29.3"
"r_18","2019Q4","1000cp","2","1","30.5"
"r_18","2019Q4","1000cp","0","2","65.8"
"r_18","2019Q4","1000cp","1","2","41.3"
"r_18","2019Q4","1000cp","2","2","24.5"
"r_18","2019Q4","1000cp","0","3","15.2"
"r_18","2019Q4","1000cp","1","3","9"
"r_18","2019Q4","1000cp","2","3","(6.2)"
"r_18","2019Q4","1000cp","0","4","90.5"
"r_18","2019Q4","1000cp","1","4","52.7"
"r_18","2019Q4","1000cp","2","4","37.8"
"r_18","2019Q4","1000cp","0","5","27.4"
"r_18","2019Q4","1000cp","1","5","16.8"
"r_18","2019Q4","1000cp","2","5","10.6"
"r_18","2019Q4","1000cp","0","6","52.7"
"r_18","2019Q4","1000cp","1","6","31.3"
"r_18","2019Q4","1000cp","2","6","21.4"
"r_19","2020Q1","1000cp","0","0","148.9"
"r_19","2020Q1","1000cp","1","0","86"
"r_19","2020Q1","1000cp","2","0","62.9"
"r_19","2020Q1","1000cp","0","1","58.5"
"r_19","2020Q1","1000cp","1","1","25.8"
"r_19","2020Q1","1000cp","2","1","32.7"
"r_19","2020Q1","1000cp","0","2","63.4"
"r_19","2020Q1","1000cp","1","2","38.2"
"r_19","2020Q1","1000cp","2","2","25.3"
"r_19","2020Q1","1000cp","0","3","15.5"
"r_19","2020Q1","1000cp","1","3","10"
"r_19","2020Q1","1000cp","2","3","(5.5)"
"r_19","2020Q1","1000cp","0","4","86.7"
"r_19","2020Q1","1000cp","1","4","48.4"
"r_19","2020Q1","1000cp","2","4","38.3"
"r_19","2020Q1","1000cp","0","5","26.8"
"r_19","2020Q1","1000cp","1","5","18.1"
"r_19","2020Q1","1000cp","2","5","8.7"
"r_19","2020Q1","1000cp","0","6","58.6"
"r_19","2020Q1","1000cp","1","6","36.8"
"r_19","2020Q1","1000cp","2","6","21.8"
"r_20","2020Q2","1000cp","0","0","192.2"
"r_20","2020Q2","1000cp","1","0","108.1"
"r_20","2020Q2","1000cp","2","0","84.1"
"r_20","2020Q2","1000cp","0","1","88.8"
"r_20","2020Q2","1000cp","1","1","40.9"
"r_20","2020Q2","1000cp","2","1","48"
"r_20","2020Q2","1000cp","0","2","87"
"r_20","2020Q2","1000cp","1","2","51.2"
"r_20","2020Q2","1000cp","2","2","35.9"
"r_20","2020Q2","1000cp","0","3","15"
"r_20","2020Q2","1000cp","1","3","(6.9)"
"r_20","2020Q2","1000cp","2","3","8.1"
"r_20","2020Q2","1000cp","0","4","111"
"r_20","2020Q2","1000cp","1","4","63.8"
"r_20","2020Q2","1000cp","2","4","47.2"
"r_20","2020Q2","1000cp","0","5","38.2"
"r_20","2020Q2","1000cp","1","5","18"
"r_20","2020Q2","1000cp","2","5","20.1"
"r_20","2020Q2","1000cp","0","6","75.8"
"r_20","2020Q2","1000cp","1","6","42.9"
"r_20","2020Q2","1000cp","2","6","32.9"
"r_21","2020Q3","1000cp","0","0","160.4"
"r_21","2020Q3","1000cp","1","0","95.4"
"r_21","2020Q3","1000cp","2","0","65"
"r_21","2020Q3","1000cp","0","1","79.7"
"r_21","2020Q3","1000cp","1","1","43.8"
"r_21","2020Q3","1000cp","2","1","35.9"
"r_21","2020Q3","1000cp","0","2","86.1"
"r_21","2020Q3","1000cp","1","2","51.6"
"r_21","2020Q3","1000cp","2","2","34.4"
"r_21","2020Q3","1000cp","0","3","19.9"
"r_21","2020Q3","1000cp","1","3","11.9"
"r_21","2020Q3","1000cp","2","3","8"
"r_21","2020Q3","1000cp","0","4","97.2"
"r_21","2020Q3","1000cp","1","4","57.8"
"r_21","2020Q3","1000cp","2","4","39.3"
"r_21","2020Q3","1000cp","0","5","34.7"
"r_21","2020Q3","1000cp","1","5","18"
"r_21","2020Q3","1000cp","2","5","16.7"
"r_21","2020Q3","1000cp","0","6","66.8"
"r_21","2020Q3","1000cp","1","6","39.5"
"r_21","2020Q3","1000cp","2","6","27.3"
"r_22","2020Q4","1000cp","0","0","173.1"
"r_22","2020Q4","1000cp","1","0","95.7"
"r_22","2020Q4","1000cp","2","0","77.4"
"r_22","2020Q4","1000cp","0","1","83"
"r_22","2020Q4","1000cp","1","1","42.2"
"r_22","2020Q4","1000cp","2","1","40.8"
"r_22","2020Q4","1000cp","0","2","87.6"
"r_22","2020Q4","1000cp","1","2","51.2"
"r_22","2020Q4","1000cp","2","2","36.4"
"r_22","2020Q4","1000cp","0","3","17.7"
"r_22","2020Q4","1000cp","1","3","10.5"
"r_22","2020Q4","1000cp","2","3","7.2"
"r_22","2020Q4","1000cp","0","4","118"
"r_22","2020Q4","1000cp","1","4","66.2"
"r_22","2020Q4","1000cp","2","4","51.8"
"r_22","2020Q4","1000cp","0","5","42.4"
"r_22","2020Q4","1000cp","1","5","24.5"
"r_22","2020Q4","1000cp","2","5","17.9"
"r_22","2020Q4","1000cp","0","6","74.1"
"r_22","2020Q4","1000cp","1","6","39.8"
"r_22","2020Q4","1000cp","2","6","34.3"
"r_31","2023Q1","1000cp","0","0","134.9"
"r_31","2023Q1","1000cp","1","0","72.8"
"r_31","2023Q1","1000cp","2","0","62.1"
"r_31","2023Q1","1000cp","0","1","41.2"
"r_31","2023Q1","1000cp","1","1","16.4"
"r_31","2023Q1","1000cp","2","1","24.8"
"r_31","2023Q1","1000cp","0","2","68.2"
"r_31","2023Q1","1000cp","1","2","37.5"
"r_31","2023Q1","1000cp","2","2","30.7"
"r_31","2023Q1","1000cp","0","3","17.4"
"r_31","2023Q1","1000cp","1","3","10.1"
"r_31","2023Q1","1000cp","2","3","7.3"
"r_31","2023Q1","1000cp","0","4","98.8"
"r_31","2023Q1","1000cp","1","4","53.5"
"r_31","2023Q1","1000cp","2","4","45.4"
"r_31","2023Q1","1000cp","0","5","25.9"
"r_31","2023Q1","1000cp","1","5","15.5"
"r_31","2023Q1","1000cp","2","5","10.4"
"r_31","2023Q1","1000cp","0","6","60.6"
"r_31","2023Q1","1000cp","1","6","32.3"
"r_31","2023Q1","1000cp","2","6","28.3"
"r_31","2023Q1","1000cp","0","7","17.9"
"r_31","2023Q1","1000cp","1","7","9.3"
"r_31","2023Q1","1000cp","2","7","8.6"
"r_32","2023Q2","1000cp","0","0","141"
"r_32","2023Q2","1000cp","1","0","75.1"
"r_32","2023Q2","1000cp","2","0","65.9"
"r_32","2023Q2","1000cp","0","1","43.8"
"r_32","2023Q2","1000cp","1","1","20.1"
"r_32","2023Q2","1000cp","2","1","23.8"
"r_32","2023Q2","1000cp","0","2","62.1"
"r_32","2023Q2","1000cp","1","2","32.8"
"r_32","2023Q2","1000cp","2","2","29.2"
"r_32","2023Q2","1000cp","0","3","15.9"
"r_32","2023Q2","1000cp","1","3","9.5"
"r_32","2023Q2","1000cp","2","3","6.4"
"r_32","2023Q2","1000cp","0","4","103.2"
"r_32","2023Q2","1000cp","1","4","58.1"
"r_32","2023Q2","1000cp","2","4","45.1"
"r_32","2023Q2","1000cp","0","5","26.9"
"r_32","2023Q2","1000cp","1","5","16.7"
"r_32","2023Q2","1000cp","2","5","10.1"
"r_32","2023Q2","1000cp","0","6","55.4"
"r_32","2023Q2","1000cp","1","6","30"
"r_32","2023Q2","1000cp","2","6","25.4"
"r_32","2023Q2","1000cp","0","7","14.1"
"r_32","2023Q2","1000cp","1","7","8.2"
"r_32","2023Q2","1000cp","2","7","5.9"
"r_33","2023Q3","1000cp","0","0","125"
"r_33","2023Q3","1000cp","1","0","69.9"
"r_33","2023Q3","1000cp","2","0","55.1"
"r_33","2023Q3","1000cp","0","1","39.9"
"r_33","2023Q3","1000cp","1","1","20.8"
"r_33","2023Q3","1000cp","2","1","19.1"
"r_33","2023Q3","1000cp","0","2","65.6"
"r_33","2023Q3","1000cp","1","2","38.4"
"r_33","2023Q3","1000cp","2","2","27.2"
"r_33","2023Q3","1000cp","0","3","16.8"
"r_33","2023Q3","1000cp","1","3","9.7"
"r_33","2023Q3","1000cp","2","3","7.1"
"r_33","2023Q3","1000cp","0","4","101.8"
"r_33","2023Q3","1000cp","1","4","58.1"
"r_33","2023Q3","1000cp","2","4","43.7"
"r_33","2023Q3","1000cp","0","5","32.8"
"r_33","2023Q3","1000cp","1","5","20.3"
"r_33","2023Q3","1000cp","2","5","12.5"
"r_33","2023Q3","1000cp","0","6","57.5"
"r_33","2023Q3","1000cp","1","6","33.5"
"r_33","2023Q3","1000cp","2","6","23.9"
"r_33","2023Q3","1000cp","0","7","14.6"
"r_33","2023Q3","1000cp","1","7","9.1"
"r_33","2023Q3","1000cp","2","7","5.5"
"r_34","2022Q1","1000cp","0","0","143.6"
"r_34","2022Q1","1000cp","1","0","76.5"
"r_34","2022Q1","1000cp","2","0","67.1"
"r_34","2022Q1","1000cp","0","1","39.7"
"r_34","2022Q1","1000cp","1","1","18.7"
"r_34","2022Q1","1000cp","2","1","21"
"r_34","2022Q1","1000cp","0","2","74.1"
"r_34","2022Q1","1000cp","1","2","40.6"
"r_34","2022Q1","1000cp","2","2","33.6"
"r_34","2022Q1","1000cp","0","3","10.3"
"r_34","2022Q1","1000cp","1","3","6"
"r_34","2022Q1","1000cp","2","3","(4.3)"
"r_34","2022Q1","1000cp","0","4","102.1"
"r_34","2022Q1","1000cp","1","4","55.6"
"r_34","2022Q1","1000cp","2","4","46.4"
"r_34","2022Q1","1000cp","0","5","24.3"
"r_34","2022Q1","1000cp","1","5","12.5"
"r_34","2022Q1","1000cp","2","5","11.7"
"r_34","2022Q1","1000cp","0","6","55.1"
"r_34","2022Q1","1000cp","1","6","28.9"
"r_34","2022Q1","1000cp","2","6","26.2"
"r_34","2022Q1","1000cp","0","7","12.2"
"r_34","2022Q1","1000cp","1","7","6.3"
"r_34","2022Q1","1000cp","2","7","5.9"
"r_35","2022Q2","1000cp","0","0","138.8"
"r_35","2022Q2","1000cp","1","0","79.3"
"r_35","2022Q2","1000cp","2","0","59.5"
"r_35","2022Q2","1000cp","0","1","41"
"r_35","2022Q2","1000cp","1","1","20.7"
"r_35","2022Q2","1000cp","2","1","20.3"
"r_35","2022Q2","1000cp","0","2","71.8"
"r_35","2022Q2","1000cp","1","2","41.1"
"r_35","2022Q2","1000cp","2","2","30.7"
"r_35","2022Q2","1000cp","0","3","9.5"
"r_35","2022Q2","1000cp","1","3","6.5"
"r_35","2022Q2","1000cp","2","3","(3.0)"
"r_35","2022Q2","1000cp","0","4","100.4"
"r_35","2022Q2","1000cp","1","4","56.8"
"r_35","2022Q2","1000cp","2","4","43.6"
"r_35","2022Q2","1000cp","0","5","25.4"
"r_35","2022Q2","1000cp","1","5","16.1"
"r_35","2022Q2","1000cp","2","5","9.2"
"r_35","2022Q2","1000cp","0","6","53.9"
"r_35","2022Q2","1000cp","1","6","31.3"
"r_35","2022Q2","1000cp","2","6","22.6"
"r_35","2022Q2","1000cp","0","7","13.8"
"r_35","2022Q2","1000cp","1","7","9.6"
"r_35","2022Q2","1000cp","2","7","(4.2)"
"r_36","2022Q3","1000cp","0","0","111"
"r_36","2022Q3","1000cp","1","0","63.9"
"r_36","2022Q3","1000cp","2","0","47.1"
"r_36","2022Q3","1000cp","0","1","41.5"
"r_36","2022Q3","1000cp","1","1","22.1"
"r_36","2022Q3","1000cp","2","1","19.5"
"r_36","2022Q3","1000cp","0","2","61"
"r_36","2022Q3","1000cp","1","2","36.4"
"r_36","2022Q3","1000cp","2","2","24.6"
"r_36","2022Q3","1000cp","0","3","11.2"
"r_36","2022Q3","1000cp","1","3","7.1"
"r_36","2022Q3","1000cp","2","3","(4.1)"
"r_36","2022Q3","1000cp","0","4","84.3"
"r_36","2022Q3","1000cp","1","4","49.4"
"r_36","2022Q3","1000cp","2","4","34.9"
"r_36","2022Q3","1000cp","0","5","28.8"
"r_36","2022Q3","1000cp","1","5","16.9"
"r_36","2022Q3","1000cp","2","5","12"
"r_36","2022Q3","1000cp","0","6","51.3"
"r_36","2022Q3","1000cp","1","6","30.9"
"r_36","2022Q3","1000cp","2","6","20.4"
"r_36","2022Q3","1000cp","0","7","13.6"
"r_36","2022Q3","1000cp","1","7","9.8"
"r_36","2022Q3","1000cp","2","7","(3.8)"
"r_37","2022Q4","1000cp","0","0","115.6"
"r_37","2022Q4","1000cp","1","0","63.7"
"r_37","2022Q4","1000cp","2","0","51.9"
"r_37","2022Q4","1000cp","0","1","37.1"
"r_37","2022Q4","1000cp","1","1","17.8"
"r_37","2022Q4","1000cp","2","1","19.3"
"r_37","2022Q4","1000cp","0","2","66.4"
"r_37","2022Q4","1000cp","1","2","36.3"
"r_37","2022Q4","1000cp","2","2","30.1"
"r_37","2022Q4","1000cp","0","3","14.3"
"r_37","2022Q4","1000cp","1","3","9.1"
"r_37","2022Q4","1000cp","2","3","5.2"
"r_37","2022Q4","1000cp","0","4","87.9"
"r_37","2022Q4","1000cp","1","4","49"
"r_37","2022Q4","1000cp","2","4","38.9"
"r_37","2022Q4","1000cp","0","5","26.3"
"r_37","2022Q4","1000cp","1","5","16.3"
"r_37","2022Q4","1000cp","2","5","10.1"
"r_37","2022Q4","1000cp","0","6","49.6"
"r_37","2022Q4","1000cp","1","6","29.6"
"r_37","2022Q4","1000cp","2","6","20"
"r_37","2022Q4","1000cp","0","7","15.4"
"r_37","2022Q4","1000cp","1","7","8.7"
"r_37","2022Q4","1000cp","2","7","6.7"
"r_38","2023Q4","1000cp","0","0","128.6"
"r_38","2023Q4","1000cp","1","0","68.9"
"r_38","2023Q4","1000cp","2","0","59.7"
"r_38","2023Q4","1000cp","0","1","41.7"
"r_38","2023Q4","1000cp","1","1","19.7"
"r_38","2023Q4","1000cp","2","1","22.1"
"r_38","2023Q4","1000cp","0","2","74.1"
"r_38","2023Q4","1000cp","1","2","41.1"
"r_38","2023Q4","1000cp","2","2","33.1"
"r_38","2023Q4","1000cp","0","3","19.1"
"r_38","2023Q4","1000cp","1","3","12"
"r_38","2023Q4","1000cp","2","3","7.2"
"r_38","2023Q4","1000cp","0","4","100.8"
"r_38","2023Q4","1000cp","1","4","53.8"
"r_38","2023Q4","1000cp","2","4","47"
"r_38","2023Q4","1000cp","0","5","36.9"
"r_38","2023Q4","1000cp","1","5","19.1"
"r_38","2023Q4","1000cp","2","5","17.8"
"r_38","2023Q4","1000cp","0","6","63.9"
"r_38","2023Q4","1000cp","1","6","35.1"
"r_38","2023Q4","1000cp","2","6","28.8"
"r_38","2023Q4","1000cp","0","7","18"
"r_38","2023Q4","1000cp","1","7","9.4"
"r_38","2023Q4","1000cp","2","7","8.6"
"r_39","2024Q1","1000cp","0","0","152.5"
"r_39","2024Q1","1000cp","1","0","81.2"
"r_39","2024Q1","1000cp","2","0","71.3"
"r_39","2024Q1","1000cp","0","1","52.3"
"r_39","2024Q1","1000cp","1","1","23.7"
"r_39","2024Q1","1000cp","2","1","28.6"
"r_39","2024Q1","1000cp","0","2","75.9"
"r_39","2024Q1","1000cp","1","2","44.4"
"r_39","2024Q1","1000cp","2","2","31.5"
"r_39","2024Q1","1000cp","0","3","14.2"
"r_39","2024Q1","1000cp","1","3","7.9"
"r_39","2024Q1","1000cp","2","3","(6.3)"
"r_39","2024Q1","1000cp","0","4","110.9"
"r_39","2024Q1","1000cp","1","4","58.6"
"r_39","2024Q1","1000cp","2","4","52.2"
"r_39","2024Q1","1000cp","0","5","30.7"
"r_39","2024Q1","1000cp","1","5","14.7"
"r_39","2024Q1","1000cp","2","5","16"
"r_39","2024Q1","1000cp","0","6","58.2"
"r_39","2024Q1","1000cp","1","6","29.5"
"r_39","2024Q1","1000cp","2","6","28.7"
"r_39","2024Q1","1000cp","0","7","16.7"
"r_39","2024Q1","1000cp","1","7","6.9"
"r_39","2024Q1","1000cp","2","7","9.8"
"r_40","2021Q1","1000cp","0","0","188.4"
"r_40","2021Q1","1000cp","1","0","105"
"r_40","2021Q1","1000cp","2","0","83.4"
"r_40","2021Q1","1000cp","0","1","77.3"
"r_40","2021Q1","1000cp","1","1","39"
"r_40","2021Q1","1000cp","2","1","38.3"
"r_40","2021Q1","1000cp","0","2","89.1"
"r_40","2021Q1","1000cp","1","2","51.5"
"r_40","2021Q1","1000cp","2","2","37.6"
"r_40","2021Q1","1000cp","0","3","11.5"
"r_40","2021Q1","1000cp","1","3","6.5"
"r_40","2021Q1","1000cp","2","3","5"
"r_40","2021Q1","1000cp","0","4","133.7"
"r_40","2021Q1","1000cp","1","4","73.5"
"r_40","2021Q1","1000cp","2","4","60.2"
"r_40","2021Q1","1000cp","0","5","32.4"
"r_40","2021Q1","1000cp","1","5","18.9"
"r_40","2021Q1","1000cp","2","5","13.4"
"r_40","2021Q1","1000cp","0","6","71.9"
"r_40","2021Q1","1000cp","1","6","39"
"r_40","2021Q1","1000cp","2","6","32.9"
"r_40","2021Q1","1000cp","0","7","18.4"
"r_40","2021Q1","1000cp","1","7","11.7"
"r_40","2021Q1","1000cp","2","7","6.7"
"r_41","2021Q2","1000cp","0","0","168.4"
"r_41","2021Q2","1000cp","1","0","90.1"
"r_41","2021Q2","1000cp","2","0","78.3"
"r_41","2021Q2","1000cp","0","1","57.6"
"r_41","2021Q2","1000cp","1","1","26.7"
"r_41","2021Q2","1000cp","2","1","30.9"
"r_41","2021Q2","1000cp","0","2","81.2"
"r_41","2021Q2","1000cp","1","2","43.6"
"r_41","2021Q2","1000cp","2","2","37.6"
"r_41","2021Q2","1000cp","0","3","13.2"
"r_41","2021Q2","1000cp","1","3","6.5"
"r_41","2021Q2","1000cp","2","3","6.7"
"r_41","2021Q2","1000cp","0","4","117"
"r_41","2021Q2","1000cp","1","4","62.4"
"r_41","2021Q2","1000cp","2","4","54.7"
"r_41","2021Q2","1000cp","0","5","24.3"
"r_41","2021Q2","1000cp","1","5","13.1"
"r_41","2021Q2","1000cp","2","5","11.2"
"r_41","2021Q2","1000cp","0","6","60.2"
"r_41","2021Q2","1000cp","1","6","30.2"
"r_41","2021Q2","1000cp","2","6","30"
"r_41","2021Q2","1000cp","0","7","16.8"
"r_41","2021Q2","1000cp","1","7","8.2"
"r_41","2021Q2","1000cp","2","7","8.6"
"r_42","2021Q3","1000cp","0","0","137.5"
"r_42","2021Q3","1000cp","1","0","77.8"
"r_42","2021Q3","1000cp","2","0","59.8"
"r_42","2021Q3","1000cp","0","1","53.2"
"r_42","2021Q3","1000cp","1","1","25.9"
"r_42","2021Q3","1000cp","2","1","27.3"
"r_42","2021Q3","1000cp","0","2","76"
"r_42","2021Q3","1000cp","1","2","45.2"
"r_42","2021Q3","1000cp","2","2","30.8"
"r_42","2021Q3","1000cp","0","3","15.5"
"r_42","2021Q3","1000cp","1","3","8.3"
"r_42","2021Q3","1000cp","2","3","7.3"
"r_42","2021Q3","1000cp","0","4","100.7"
"r_42","2021Q3","1000cp","1","4","59.8"
"r_42","2021Q3","1000cp","2","4","40.9"
"r_42","2021Q3","1000cp","0","5","26.2"
"r_42","2021Q3","1000cp","1","5","14"
"r_42","2021Q3","1000cp","2","5","12.2"
"r_42","2021Q3","1000cp","0","6","51"
"r_42","2021Q3","1000cp","1","6","29.7"
"r_42","2021Q3","1000cp","2","6","21.3"
"r_42","2021Q3","1000cp","0","7","15.4"
"r_42","2021Q3","1000cp","1","7","6.5"
"r_42","2021Q3","1000cp","2","7","8.9"
"r_43","2021Q4","1000cp","0","0","132.7"
"r_43","2021Q4","1000cp","1","0","76.5"
"r_43","2021Q4","1000cp","2","0","56.2"
"r_43","2021Q4","1000cp","0","1","52"
"r_43","2021Q4","1000cp","1","1","27.3"
"r_43","2021Q4","1000cp","2","1","24.7"
"r_43","2021Q4","1000cp","0","2","78.4"
"r_43","2021Q4","1000cp","1","2","45.3"
"r_43","2021Q4","1000cp","2","2","33.1"
"r_43","2021Q4","1000cp","0","3","16.6"
"r_43","2021Q4","1000cp","1","3","10.6"
"r_43","2021Q4","1000cp","2","3","6.1"
"r_43","2021Q4","1000cp","0","4","102"
"r_43","2021Q4","1000cp","1","4","58.7"
"r_43","2021Q4","1000cp","2","4","43.3"
"r_43","2021Q4","1000cp","0","5","31.5"
"r_43","2021Q4","1000cp","1","5","17.6"
"r_43","2021Q4","1000cp","2","5","13.9"
"r_43","2021Q4","1000cp","0","6","55.4"
"r_43","2021Q4","1000cp","1","6","31.6"
"r_43","2021Q4","1000cp","2","6","23.8"
"r_43","2021Q4","1000cp","0","7","15.6"
"r_43","2021Q4","1000cp","1","7","7.7"
"r_43","2021Q4","1000cp","2","7","8"
"r_44","2024Q2","1000cp","0","0","130.3"
"r_44","2024Q2","1000cp","1","0","71.8"
"r_44","2024Q2","1000cp","2","0","58.5"
"r_44","2024Q2","1000cp","0","1","40.8"
"r_44","2024Q2","1000cp","1","1","19.3"
"r_44","2024Q2","1000cp","2","1","21.5"
"r_44","2024Q2","1000cp","0","2","71.2"
"r_44","2024Q2","1000cp","1","2","39.7"
"r_44","2024Q2","1000cp","2","2","31.5"
"r_44","2024Q2","1000cp","0","3","13.8"
"r_44","2024Q2","1000cp","1","3","7.7"
"r_44","2024Q2","1000cp","2","3","(6.1)"
"r_44","2024Q2","1000cp","0","4","99.7"
"r_44","2024Q2","1000cp","1","4","54.4"
"r_44","2024Q2","1000cp","2","4","45.2"
"r_44","2024Q2","1000cp","0","5","26.6"
"r_44","2024Q2","1000cp","1","5","13"
"r_44","2024Q2","1000cp","2","5","13.6"
"r_44","2024Q2","1000cp","0","6","55.6"
"r_44","2024Q2","1000cp","1","6","29"
"r_44","2024Q2","1000cp","2","6","26.7"
"r_44","2024Q2","1000cp","0","7","12.3"
"r_44","2024Q2","1000cp","1","7","(5.3)"
"r_44","2024Q2","1000cp","2","7","7"
"r_45","2024Q3","1000cp","0","0","110.3"
"r_45","2024Q3","1000cp","1","0","62"
"r_45","2024Q3","1000cp","2","0","48.4"
"r_45","2024Q3","1000cp","0","1","36.8"
"r_45","2024Q3","1000cp","1","1","17"
"r_45","2024Q3","1000cp","2","1","19.8"
"r_45","2024Q3","1000cp","0","2","64.6"
"r_45","2024Q3","1000cp","1","2","34.9"
"r_45","2024Q3","1000cp","2","2","29.7"
"r_45","2024Q3","1000cp","0","3","13.3"
"r_45","2024Q3","1000cp","1","3","(5.8)"
"r_45","2024Q3","1000cp","2","3","7.5"
"r_45","2024Q3","1000cp","0","4","91"
"r_45","2024Q3","1000cp","1","4","52.1"
"r_45","2024Q3","1000cp","2","4","39"
"r_45","2024Q3","1000cp","0","5","30.7"
"r_45","2024Q3","1000cp","1","5","13.6"
"r_45","2024Q3","1000cp","2","5","17.1"
"r_45","2024Q3","1000cp","0","6","53.3"
"r_45","2024Q3","1000cp","1","6","29.3"
"r_45","2024Q3","1000cp","2","6","24"
"r_45","2024Q3","1000cp","0","7","16"
"r_45","2024Q3","1000cp","1","7","6.8"
"r_45","2024Q3","1000cp","2","7","9.2"
"r_46","2024Q4","1000cp","0","0","116.7"
"r_46","2024Q4","1000cp","1","0","70.6"
"r_46","2024Q4","1000cp","2","0","46"
"r_46","2024Q4","1000cp","0","1","44.8"
"r_46","2024Q4","1000cp","1","1","22.5"
"r_46","2024Q4","1000cp","2","1","22.4"
"r_46","2024Q4","1000cp","0","2","60.1"
"r_46","2024Q4","1000cp","1","2","37.9"
"r_46","2024Q4","1000cp","2","2","22.2"
"r_46","2024Q4","1000cp","0","3","18.5"
"r_46","2024Q4","1000cp","1","3","11.2"
"r_46","2024Q4","1000cp","2","3","7.3"
"r_46","2024Q4","1000cp","0","4","90"
"r_46","2024Q4","1000cp","1","4","55.5"
"r_46","2024Q4","1000cp","2","4","34.5"
"r_46","2024Q4","1000cp","0","5","29.4"
"r_46","2024Q4","1000cp","1","5","16.8"
"r_46","2024Q4","1000cp","2","5","12.6"
"r_46","2024Q4","1000cp","0","6","49.6"
"r_46","2024Q4","1000cp","1","6","29.6"
"r_46","2024Q4","1000cp","2","6","20"
"r_46","2024Q4","1000cp","0","7","20"
"r_46","2024Q4","1000cp","1","7","12"
"r_46","2024Q4","1000cp","2","7","8"
"r_47","2025Q1","1000cp","0","0","116.7"
"r_47","2025Q1","1000cp","1","0","63"
"r_47","2025Q1","1000cp","2","0","53.7"
"r_47","2025Q1","1000cp","0","1","48.5"
"r_47","2025Q1","1000cp","1","1","24.6"
"r_47","2025Q1","1000cp","2","1","23.9"
"r_47","2025Q1","1000cp","0","2","60"
"r_47","2025Q1","1000cp","1","2","36.2"
"r_47","2025Q1","1000cp","2","2","23.7"
"r_47","2025Q1","1000cp","0","3","13.3"
"r_47","2025Q1","1000cp","1","3","8.8"
"r_47","2025Q1","1000cp","2","3","4.6"
"r_47","2025Q1","1000cp","0","4","89.5"
"r_47","2025Q1","1000cp","1","4","49.9"
"r_47","2025Q1","1000cp","2","4","39.6"
"r_47","2025Q1","1000cp","0","5","21.6"
"r_47","2025Q1","1000cp","1","5","9.6"
"r_47","2025Q1","1000cp","2","5","11.9"
"r_47","2025Q1","1000cp","0","6","39.2"
"r_47","2025Q1","1000cp","1","6","19.5"
"r_47","2025Q1","1000cp","2","6","19.8"
"r_47","2025Q1","1000cp","0","7","12.7"
"r_47","2025Q1","1000cp","1","7","5.4"
"r_47","2025Q1","1000cp","2","7","7.2"
"r_48","2025Q2","1000cp","0","0","110.5"
"r_48","2025Q2","1000cp","1","0","60.8"
"r_48","2025Q2","1000cp","2","0","49.7"
"r_48","2025Q2","1000cp","0","1","40.9"
"r_48","2025Q2","1000cp","1","1","21.5"
"r_48","2025Q2","1000cp","2","1","19.5"
"r_48","2025Q2","1000cp","0","2","60.4"
"r_48","2025Q2","1000cp","1","2","39.4"
"r_48","2025Q2","1000cp","2","2","21"
"r_48","2025Q2","1000cp","0","3","10.9"
"r_48","2025Q2","1000cp","1","3","(4.3)"
"r_48","2025Q2","1000cp","2","3","6.6"
"r_48","2025Q2","1000cp","0","4","84.5"
"r_48","2025Q2","1000cp","1","4","45.9"
"r_48","2025Q2","1000cp","2","4","38.5"
"r_48","2025Q2","1000cp","0","5","25.1"
"r_48","2025Q2","1000cp","1","5","11.6"
"r_48","2025Q2","1000cp","2","5","13.5"
"r_48","2025Q2","1000cp","0","6","42.8"
"r_48","2025Q2","1000cp","1","6","22.5"
"r_48","2025Q2","1000cp","2","6","20.3"
"r_48","2025Q2","1000cp","0","7","14.9"
"r_48","2025Q2","1000cp","1","7","7.7"
"r_48","2025Q2","1000cp","2","7","7.2"
"r_49","2025Q3","1000cp","0","0","104.5"
"r_49","2025Q3","1000cp","1","0","59.5"
"r_49","2025Q3","1000cp","2","0","45"
"r_49","2025Q3","1000cp","0","1","34.4"
"r_49","2025Q3","1000cp","1","1","13.3"
"r_49","2025Q3","1000cp","2","1","21.1"
"r_49","2025Q3","1000cp","0","2","56.7"
"r_49","2025Q3","1000cp","1","2","36.4"
"r_49","2025Q3","1000cp","2","2","20.3"
"r_49","2025Q3","1000cp","0","3","12.4"
"r_49","2025Q3","1000cp","1","3","7.8"
"r_49","2025Q3","1000cp","2","3","(4.6)"
"r_49","2025Q3","1000cp","0","4","81.4"
"r_49","2025Q3","1000cp","1","4","46.8"
"r_49","2025Q3","1000cp","2","4","34.6"
"r_49","2025Q3","1000cp","0","5","28"
"r_49","2025Q3","1000cp","1","5","15.3"
"r_49","2025Q3","1000cp","2","5","12.7"
"r_49","2025Q3","1000cp","0","6","41.7"
"r_49","2025Q3","1000cp","1","6","23.2"
"r_49","2025Q3","1000cp","2","6","18.5"
"r_49","2025Q3","1000cp","0","7","15.4"
"r_49","2025Q3","1000cp","1","7","7.2"
"r_49","2025Q3","1000cp","2","7","8.2"