RevisionColumn,PlaceResidence,Units,periods,GenderID,ValueColumn
"r_2","0","1000cp","2003Q1","0","3203.9"
"r_2","0","1000cp","2003Q1","1","1701.8"
"r_2","0","1000cp","2003Q1","2","1502.1"
"r_2","1","1000cp","2003Q1","0","2459.3"
"r_2","1","1000cp","2003Q1","1","1281.2"
"r_2","1","1000cp","2003Q1","2","1178.1"
"r_2","2","1000cp","2003Q1","0","744.5"
"r_2","2","1000cp","2003Q1","1","420.6"
"r_2","2","1000cp","2003Q1","2","323.9"
"r_2","0","1000cp","2003Q2","0","3333.3"
"r_2","0","1000cp","2003Q2","1","1777.9"
"r_2","0","1000cp","2003Q2","2","1555.3"
"r_2","1","1000cp","2003Q2","0","2505.2"
"r_2","1","1000cp","2003Q2","1","1306.8"
"r_2","1","1000cp","2003Q2","2","1198.4"
"r_2","2","1000cp","2003Q2","0","828"
"r_2","2","1000cp","2003Q2","1","471.1"
"r_2","2","1000cp","2003Q2","2","356.9"
"r_2","0","1000cp","2003Q3","0","3359.3"
"r_2","0","1000cp","2003Q3","1","1783.8"
"r_2","0","1000cp","2003Q3","2","1575.5"
"r_2","1","1000cp","2003Q3","0","2516.2"
"r_2","1","1000cp","2003Q3","1","1307.5"
"r_2","1","1000cp","2003Q3","2","1208.7"
"r_2","2","1000cp","2003Q3","0","843.1"
"r_2","2","1000cp","2003Q3","1","476.2"
"r_2","2","1000cp","2003Q3","2","366.9"
"r_2","0","1000cp","2003Q4","0","3237.1"
"r_2","0","1000cp","2003Q4","1","1720.9"
"r_2","0","1000cp","2003Q4","2","1516.2"
"r_2","1","1000cp","2003Q4","0","2450.9"
"r_2","1","1000cp","2003Q4","1","1275.3"
"r_2","1","1000cp","2003Q4","2","1175.6"
"r_2","2","1000cp","2003Q4","0","786.1"
"r_2","2","1000cp","2003Q4","1","445.6"
"r_2","2","1000cp","2003Q4","2","340.6"
"r_2","0","1000cp","2004Q1","0","3212.6"
"r_2","0","1000cp","2004Q1","1","1720"
"r_2","0","1000cp","2004Q1","2","1492.6"
"r_2","1","1000cp","2004Q1","0","2456.3"
"r_2","1","1000cp","2004Q1","1","1285.8"
"r_2","1","1000cp","2004Q1","2","1170.5"
"r_2","2","1000cp","2004Q1","0","756.4"
"r_2","2","1000cp","2004Q1","1","434.3"
"r_2","2","1000cp","2004Q1","2","322.1"
"r_2","0","1000cp","2004Q2","0","3376"
"r_2","0","1000cp","2004Q2","1","1798"
"r_2","0","1000cp","2004Q2","2","1577.9"
"r_2","1","1000cp","2004Q2","0","2537.3"
"r_2","1","1000cp","2004Q2","1","1323.4"
"r_2","1","1000cp","2004Q2","2","1213.9"
"r_2","2","1000cp","2004Q2","0","838.7"
"r_2","2","1000cp","2004Q2","1","474.7"
"r_2","2","1000cp","2004Q2","2","364"
"r_2","0","1000cp","2004Q3","0","3397.6"
"r_2","0","1000cp","2004Q3","1","1804.6"
"r_2","0","1000cp","2004Q3","2","1593"
"r_2","1","1000cp","2004Q3","0","2536.7"
"r_2","1","1000cp","2004Q3","1","1321.5"
"r_2","1","1000cp","2004Q3","2","1215.2"
"r_2","2","1000cp","2004Q3","0","860.9"
"r_2","2","1000cp","2004Q3","1","483.1"
"r_2","2","1000cp","2004Q3","2","377.8"
"r_2","0","1000cp","2004Q4","0","3302.8"
"r_2","0","1000cp","2004Q4","1","1765.6"
"r_2","0","1000cp","2004Q4","2","1537.2"
"r_2","1","1000cp","2004Q4","0","2516"
"r_2","1","1000cp","2004Q4","1","1315.7"
"r_2","1","1000cp","2004Q4","2","1200.3"
"r_2","2","1000cp","2004Q4","0","786.8"
"r_2","2","1000cp","2004Q4","1","449.9"
"r_2","2","1000cp","2004Q4","2","336.9"
"r_2","0","1000cp","2005Q1","0","3200.7"
"r_2","0","1000cp","2005Q1","1","1712"
"r_2","0","1000cp","2005Q1","2","1488.7"
"r_2","1","1000cp","2005Q1","0","2484"
"r_2","1","1000cp","2005Q1","1","1300.9"
"r_2","1","1000cp","2005Q1","2","1183.1"
"r_2","2","1000cp","2005Q1","0","716.7"
"r_2","2","1000cp","2005Q1","1","411"
"r_2","2","1000cp","2005Q1","2","305.6"
"r_2","0","1000cp","2005Q2","0","3341.8"
"r_2","0","1000cp","2005Q2","1","1787.4"
"r_2","0","1000cp","2005Q2","2","1554.4"
"r_2","1","1000cp","2005Q2","0","2526.4"
"r_2","1","1000cp","2005Q2","1","1326.9"
"r_2","1","1000cp","2005Q2","2","1199.5"
"r_2","2","1000cp","2005Q2","0","815.4"
"r_2","2","1000cp","2005Q2","1","460.5"
"r_2","2","1000cp","2005Q2","2","354.9"
"r_2","0","1000cp","2005Q3","0","3411"
"r_2","0","1000cp","2005Q3","1","1824.2"
"r_2","0","1000cp","2005Q3","2","1586.8"
"r_2","1","1000cp","2005Q3","0","2576.1"
"r_2","1","1000cp","2005Q3","1","1349.1"
"r_2","1","1000cp","2005Q3","2","1226.9"
"r_2","2","1000cp","2005Q3","0","834.9"
"r_2","2","1000cp","2005Q3","1","475.1"
"r_2","2","1000cp","2005Q3","2","359.8"
"r_2","0","1000cp","2005Q4","0","3310.9"
"r_2","0","1000cp","2005Q4","1","1775.7"
"r_2","0","1000cp","2005Q4","2","1535.2"
"r_2","1","1000cp","2005Q4","0","2529"
"r_2","1","1000cp","2005Q4","1","1330.3"
"r_2","1","1000cp","2005Q4","2","1198.7"
"r_2","2","1000cp","2005Q4","0","781.9"
"r_2","2","1000cp","2005Q4","1","445.4"
"r_2","2","1000cp","2005Q4","2","336.5"
"r_2","0","1000cp","2006Q1","0","3255.7"
"r_2","0","1000cp","2006Q1","1","1727.9"
"r_2","0","1000cp","2006Q1","2","1527.8"
"r_2","1","1000cp","2006Q1","0","2520.6"
"r_2","1","1000cp","2006Q1","1","1302.8"
"r_2","1","1000cp","2006Q1","2","1217.9"
"r_2","2","1000cp","2006Q1","0","735.1"
"r_2","2","1000cp","2006Q1","1","425.1"
"r_2","2","1000cp","2006Q1","2","309.9"
"r_2","0","1000cp","2006Q2","0","3448"
"r_2","0","1000cp","2006Q2","1","1826.3"
"r_2","0","1000cp","2006Q2","2","1621.7"
"r_2","1","1000cp","2006Q2","0","2628.9"
"r_2","1","1000cp","2006Q2","1","1360.3"
"r_2","1","1000cp","2006Q2","2","1268.6"
"r_2","2","1000cp","2006Q2","0","819.1"
"r_2","2","1000cp","2006Q2","1","466"
"r_2","2","1000cp","2006Q2","2","353.1"
"r_2","0","1000cp","2006Q3","0","3511.2"
"r_2","0","1000cp","2006Q3","1","1848.6"
"r_2","0","1000cp","2006Q3","2","1662.6"
"r_2","1","1000cp","2006Q3","0","2655"
"r_2","1","1000cp","2006Q3","1","1372.1"
"r_2","1","1000cp","2006Q3","2","1283"
"r_2","2","1000cp","2006Q3","0","856.2"
"r_2","2","1000cp","2006Q3","1","476.5"
"r_2","2","1000cp","2006Q3","2","379.7"
"r_2","0","1000cp","2006Q4","0","3448"
"r_2","0","1000cp","2006Q4","1","1834"
"r_2","0","1000cp","2006Q4","2","1614"
"r_2","1","1000cp","2006Q4","0","2614.3"
"r_2","1","1000cp","2006Q4","1","1367.1"
"r_2","1","1000cp","2006Q4","2","1247.2"
"r_2","2","1000cp","2006Q4","0","833.7"
"r_2","2","1000cp","2006Q4","1","466.9"
"r_2","2","1000cp","2006Q4","2","366.8"
"r_2","0","1000cp","2007Q1","0","3408.1"
"r_2","0","1000cp","2007Q1","1","1805.9"
"r_2","0","1000cp","2007Q1","2","1602.2"
"r_2","1","1000cp","2007Q1","0","2625.5"
"r_2","1","1000cp","2007Q1","1","1364.3"
"r_2","1","1000cp","2007Q1","2","1261.2"
"r_2","2","1000cp","2007Q1","0","782.6"
"r_2","2","1000cp","2007Q1","1","441.6"
"r_2","2","1000cp","2007Q1","2","340.9"
"r_2","0","1000cp","2007Q2","0","3490.9"
"r_2","0","1000cp","2007Q2","1","1849.1"
"r_2","0","1000cp","2007Q2","2","1641.9"
"r_2","1","1000cp","2007Q2","0","2665.9"
"r_2","1","1000cp","2007Q2","1","1386.8"
"r_2","1","1000cp","2007Q2","2","1279.2"
"r_2","2","1000cp","2007Q2","0","825"
"r_2","2","1000cp","2007Q2","1","462.3"
"r_2","2","1000cp","2007Q2","2","362.7"
"r_2","0","1000cp","2007Q3","0","3550.6"
"r_2","0","1000cp","2007Q3","1","1878.6"
"r_2","0","1000cp","2007Q3","2","1672"
"r_2","1","1000cp","2007Q3","0","2704.6"
"r_2","1","1000cp","2007Q3","1","1409.7"
"r_2","1","1000cp","2007Q3","2","1294.9"
"r_2","2","1000cp","2007Q3","0","845.9"
"r_2","2","1000cp","2007Q3","1","468.9"
"r_2","2","1000cp","2007Q3","2","377.1"
"r_2","0","1000cp","2007Q4","0","3521.8"
"r_2","0","1000cp","2007Q4","1","1875.3"
"r_2","0","1000cp","2007Q4","2","1646.5"
"r_2","1","1000cp","2007Q4","0","2694.3"
"r_2","1","1000cp","2007Q4","1","1411.6"
"r_2","1","1000cp","2007Q4","2","1282.7"
"r_2","2","1000cp","2007Q4","0","827.4"
"r_2","2","1000cp","2007Q4","1","463.7"
"r_2","2","1000cp","2007Q4","2","363.8"
"r_2","0","1000cp","2008Q1","0","3518.7"
"r_2","0","1000cp","2008Q1","1","1868.1"
"r_2","0","1000cp","2008Q1","2","1650.6"
"r_2","1","1000cp","2008Q1","0","2691.5"
"r_2","1","1000cp","2008Q1","1","1401.5"
"r_2","1","1000cp","2008Q1","2","1290.1"
"r_2","2","1000cp","2008Q1","0","827.2"
"r_2","2","1000cp","2008Q1","1","466.6"
"r_2","2","1000cp","2008Q1","2","360.5"
"r_2","0","1000cp","2008Q2","0","3579.3"
"r_2","0","1000cp","2008Q2","1","1901"
"r_2","0","1000cp","2008Q2","2","1678.3"
"r_2","1","1000cp","2008Q2","0","2711.3"
"r_2","1","1000cp","2008Q2","1","1409.5"
"r_2","1","1000cp","2008Q2","2","1301.8"
"r_2","2","1000cp","2008Q2","0","868"
"r_2","2","1000cp","2008Q2","1","491.5"
"r_2","2","1000cp","2008Q2","2","376.5"
"r_2","0","1000cp","2008Q3","0","3602.4"
"r_2","0","1000cp","2008Q3","1","1922.4"
"r_2","0","1000cp","2008Q3","2","1679.9"
"r_2","1","1000cp","2008Q3","0","2735.1"
"r_2","1","1000cp","2008Q3","1","1431.8"
"r_2","1","1000cp","2008Q3","2","1303.3"
"r_2","2","1000cp","2008Q3","0","867.3"
"r_2","2","1000cp","2008Q3","1","490.7"
"r_2","2","1000cp","2008Q3","2","376.6"
"r_2","0","1000cp","2008Q4","0","3541.3"
"r_2","0","1000cp","2008Q4","1","1895.7"
"r_2","0","1000cp","2008Q4","2","1645.5"
"r_2","1","1000cp","2008Q4","0","2716.4"
"r_2","1","1000cp","2008Q4","1","1424"
"r_2","1","1000cp","2008Q4","2","1292.4"
"r_2","2","1000cp","2008Q4","0","824.8"
"r_2","2","1000cp","2008Q4","1","471.7"
"r_2","2","1000cp","2008Q4","2","353.1"
"r_2","0","1000cp","2009Q1","0","3485"
"r_2","0","1000cp","2009Q1","1","1860.5"
"r_2","0","1000cp","2009Q1","2","1624.5"
"r_2","1","1000cp","2009Q1","0","2695.8"
"r_2","1","1000cp","2009Q1","1","1407.5"
"r_2","1","1000cp","2009Q1","2","1288.3"
"r_2","2","1000cp","2009Q1","0","789.2"
"r_2","2","1000cp","2009Q1","1","453"
"r_2","2","1000cp","2009Q1","2","336.2"
"r_2","0","1000cp","2009Q2","0","3522.6"
"r_2","0","1000cp","2009Q2","1","1871.8"
"r_2","0","1000cp","2009Q2","2","1650.8"
"r_2","1","1000cp","2009Q2","0","2694.7"
"r_2","1","1000cp","2009Q2","1","1396.7"
"r_2","1","1000cp","2009Q2","2","1298"
"r_2","2","1000cp","2009Q2","0","827.9"
"r_2","2","1000cp","2009Q2","1","475.1"
"r_2","2","1000cp","2009Q2","2","352.8"
"r_2","0","1000cp","2009Q3","0","3514.5"
"r_2","0","1000cp","2009Q3","1","1871.6"
"r_2","0","1000cp","2009Q3","2","1642.9"
"r_2","1","1000cp","2009Q3","0","2688.2"
"r_2","1","1000cp","2009Q3","1","1403.3"
"r_2","1","1000cp","2009Q3","2","1285"
"r_2","2","1000cp","2009Q3","0","826.3"
"r_2","2","1000cp","2009Q3","1","468.3"
"r_2","2","1000cp","2009Q3","2","358"
"r_2","0","1000cp","2009Q4","0","3444.4"
"r_2","0","1000cp","2009Q4","1","1845.8"
"r_2","0","1000cp","2009Q4","2","1598.6"
"r_2","1","1000cp","2009Q4","0","2648.2"
"r_2","1","1000cp","2009Q4","1","1392.4"
"r_2","1","1000cp","2009Q4","2","1255.7"
"r_2","2","1000cp","2009Q4","0","796.2"
"r_2","2","1000cp","2009Q4","1","453.4"
"r_2","2","1000cp","2009Q4","2","342.9"
"r_2","0","1000cp","2010Q1","0","3375.4"
"r_2","0","1000cp","2010Q1","1","1818.7"
"r_2","0","1000cp","2010Q1","2","1556.7"
"r_2","1","1000cp","2010Q1","0","2643.8"
"r_2","1","1000cp","2010Q1","1","1390.7"
"r_2","1","1000cp","2010Q1","2","1253.1"
"r_2","2","1000cp","2010Q1","0","731.6"
"r_2","2","1000cp","2010Q1","1","428"
"r_2","2","1000cp","2010Q1","2","303.6"
"r_2","0","1000cp","2010Q2","0","3441.1"
"r_2","0","1000cp","2010Q2","1","1851.8"
"r_2","0","1000cp","2010Q2","2","1589.4"
"r_2","1","1000cp","2010Q2","0","2666"
"r_2","1","1000cp","2010Q2","1","1400.6"
"r_2","1","1000cp","2010Q2","2","1265.4"
"r_2","2","1000cp","2010Q2","0","775.1"
"r_2","2","1000cp","2010Q2","1","451.2"
"r_2","2","1000cp","2010Q2","2","323.9"
"r_2","0","1000cp","2010Q3","0","3460.3"
"r_2","0","1000cp","2010Q3","1","1858.9"
"r_2","0","1000cp","2010Q3","2","1601.4"
"r_2","1","1000cp","2010Q3","0","2675.2"
"r_2","1","1000cp","2010Q3","1","1405.7"
"r_2","1","1000cp","2010Q3","2","1269.5"
"r_2","2","1000cp","2010Q3","0","785.1"
"r_2","2","1000cp","2010Q3","1","453.2"
"r_2","2","1000cp","2010Q3","2","331.9"
"r_2","0","1000cp","2010Q4","0","3433.6"
"r_2","0","1000cp","2010Q4","1","1829.3"
"r_2","0","1000cp","2010Q4","2","1604.3"
"r_2","1","1000cp","2010Q4","0","2665.5"
"r_2","1","1000cp","2010Q4","1","1388.2"
"r_2","1","1000cp","2010Q4","2","1277.4"
"r_2","2","1000cp","2010Q4","0","768.1"
"r_2","2","1000cp","2010Q4","1","441.1"
"r_2","2","1000cp","2010Q4","2","326.9"
"r_2","0","1000cp","2011Q1","0","3306.4"
"r_2","0","1000cp","2011Q1","1","1772.7"
"r_2","0","1000cp","2011Q1","2","1533.7"
"r_2","1","1000cp","2011Q1","0","2585.7"
"r_2","1","1000cp","2011Q1","1","1355.8"
"r_2","1","1000cp","2011Q1","2","1230"
"r_2","2","1000cp","2011Q1","0","720.6"
"r_2","2","1000cp","2011Q1","1","416.9"
"r_2","2","1000cp","2011Q1","2","303.7"
"r_2","0","1000cp","2011Q2","0","3318.3"
"r_2","0","1000cp","2011Q2","1","1776.6"
"r_2","0","1000cp","2011Q2","2","1541.7"
"r_2","1","1000cp","2011Q2","0","2572.6"
"r_2","1","1000cp","2011Q2","1","1343.7"
"r_2","1","1000cp","2011Q2","2","1228.9"
"r_2","2","1000cp","2011Q2","0","745.7"
"r_2","2","1000cp","2011Q2","1","432.9"
"r_2","2","1000cp","2011Q2","2","312.7"
"r_2","0","1000cp","2011Q3","0","3383"
"r_2","0","1000cp","2011Q3","1","1809.6"
"r_2","0","1000cp","2011Q3","2","1573.3"
"r_2","1","1000cp","2011Q3","0","2623.7"
"r_2","1","1000cp","2011Q3","1","1372.7"
"r_2","1","1000cp","2011Q3","2","1251"
"r_2","2","1000cp","2011Q3","0","759.3"
"r_2","2","1000cp","2011Q3","1","437"
"r_2","2","1000cp","2011Q3","2","322.3"
"r_2","0","1000cp","2011Q4","0","3358"
"r_2","0","1000cp","2011Q4","1","1785.5"
"r_2","0","1000cp","2011Q4","2","1572.5"
"r_2","1","1000cp","2011Q4","0","2610.8"
"r_2","1","1000cp","2011Q4","1","1359.5"
"r_2","1","1000cp","2011Q4","2","1251.3"
"r_2","2","1000cp","2011Q4","0","747.2"
"r_2","2","1000cp","2011Q4","1","426"
"r_2","2","1000cp","2011Q4","2","321.2"
"r_2","0","1000cp","2012Q1","0","3274.6"
"r_2","0","1000cp","2012Q1","1","1744.9"
"r_2","0","1000cp","2012Q1","2","1529.7"
"r_2","1","1000cp","2012Q1","0","2562.6"
"r_2","1","1000cp","2012Q1","1","1331.9"
"r_2","1","1000cp","2012Q1","2","1230.7"
"r_2","2","1000cp","2012Q1","0","712"
"r_2","2","1000cp","2012Q1","1","413"
"r_2","2","1000cp","2012Q1","2","299.1"
"r_2","0","1000cp","2012Q2","0","3323.3"
"r_2","0","1000cp","2012Q2","1","1771.4"
"r_2","0","1000cp","2012Q2","2","1551.9"
"r_2","1","1000cp","2012Q2","0","2590.4"
"r_2","1","1000cp","2012Q2","1","1351.4"
"r_2","1","1000cp","2012Q2","2","1239"
"r_2","2","1000cp","2012Q2","0","732.9"
"r_2","2","1000cp","2012Q2","1","420"
"r_2","2","1000cp","2012Q2","2","312.9"
"r_2","0","1000cp","2012Q3","0","3410.3"
"r_2","0","1000cp","2012Q3","1","1816.1"
"r_2","0","1000cp","2012Q3","2","1594.2"
"r_2","1","1000cp","2012Q3","0","2643.7"
"r_2","1","1000cp","2012Q3","1","1380"
"r_2","1","1000cp","2012Q3","2","1263.7"
"r_2","2","1000cp","2012Q3","0","766.6"
"r_2","2","1000cp","2012Q3","1","436.1"
"r_2","2","1000cp","2012Q3","2","330.6"
"r_2","0","1000cp","2012Q4","0","3369.1"
"r_2","0","1000cp","2012Q4","1","1798.7"
"r_2","0","1000cp","2012Q4","2","1570.3"
"r_2","1","1000cp","2012Q4","0","2627"
"r_2","1","1000cp","2012Q4","1","1367"
"r_2","1","1000cp","2012Q4","2","1260"
"r_2","2","1000cp","2012Q4","0","742"
"r_2","2","1000cp","2012Q4","1","431.8"
"r_2","2","1000cp","2012Q4","2","310.3"
"r_2","0","1000cp","2013Q1","0","3311.4"
"r_2","0","1000cp","2013Q1","1","1766.6"
"r_2","0","1000cp","2013Q1","2","1544.8"
"r_2","1","1000cp","2013Q1","0","2599.5"
"r_2","1","1000cp","2013Q1","1","1353.1"
"r_2","1","1000cp","2013Q1","2","1246.4"
"r_2","2","1000cp","2013Q1","0","711.9"
"r_2","2","1000cp","2013Q1","1","413.5"
"r_2","2","1000cp","2013Q1","2","298.4"
"r_2","0","1000cp","2013Q2","0","3377.4"
"r_2","0","1000cp","2013Q2","1","1792.2"
"r_2","0","1000cp","2013Q2","2","1585.3"
"r_2","1","1000cp","2013Q2","0","2630.8"
"r_2","1","1000cp","2013Q2","1","1366.7"
"r_2","1","1000cp","2013Q2","2","1264.1"
"r_2","2","1000cp","2013Q2","0","746.7"
"r_2","2","1000cp","2013Q2","1","425.4"
"r_2","2","1000cp","2013Q2","2","321.2"
"r_2","0","1000cp","2013Q3","0","3424.5"
"r_2","0","1000cp","2013Q3","1","1822.6"
"r_2","0","1000cp","2013Q3","2","1602"
"r_2","1","1000cp","2013Q3","0","2656.7"
"r_2","1","1000cp","2013Q3","1","1385.8"
"r_2","1","1000cp","2013Q3","2","1270.8"
"r_2","2","1000cp","2013Q3","0","767.9"
"r_2","2","1000cp","2013Q3","1","436.8"
"r_2","2","1000cp","2013Q3","2","331.1"
"r_2","0","1000cp","2013Q4","0","3371.4"
"r_2","0","1000cp","2013Q4","1","1805.1"
"r_2","0","1000cp","2013Q4","2","1566.3"
"r_2","1","1000cp","2013Q4","0","2637.4"
"r_2","1","1000cp","2013Q4","1","1376.3"
"r_2","1","1000cp","2013Q4","2","1261.1"
"r_2","2","1000cp","2013Q4","0","734.1"
"r_2","2","1000cp","2013Q4","1","428.8"
"r_2","2","1000cp","2013Q4","2","305.2"
"r_2","0","1000cp","2014Q1","0","3327.1"
"r_2","0","1000cp","2014Q1","1","1780.7"
"r_2","0","1000cp","2014Q1","2","1546.5"
"r_2","1","1000cp","2014Q1","0","2622.4"
"r_2","1","1000cp","2014Q1","1","1371.5"
"r_2","1","1000cp","2014Q1","2","1250.9"
"r_2","2","1000cp","2014Q1","0","704.7"
"r_2","2","1000cp","2014Q1","1","409.2"
"r_2","2","1000cp","2014Q1","2","295.5"
"r_2","0","1000cp","2014Q2","0","3361.6"
"r_2","0","1000cp","2014Q2","1","1800.4"
"r_2","0","1000cp","2014Q2","2","1561.2"
"r_2","1","1000cp","2014Q2","0","2631.6"
"r_2","1","1000cp","2014Q2","1","1379.2"
"r_2","1","1000cp","2014Q2","2","1252.4"
"r_2","2","1000cp","2014Q2","0","730"
"r_2","2","1000cp","2014Q2","1","421.2"
"r_2","2","1000cp","2014Q2","2","308.8"
"r_2","0","1000cp","2014Q3","0","3430.7"
"r_2","0","1000cp","2014Q3","1","1835.8"
"r_2","0","1000cp","2014Q3","2","1594.9"
"r_2","1","1000cp","2014Q3","0","2670.6"
"r_2","1","1000cp","2014Q3","1","1398.3"
"r_2","1","1000cp","2014Q3","2","1272.3"
"r_2","2","1000cp","2014Q3","0","760.1"
"r_2","2","1000cp","2014Q3","1","437.5"
"r_2","2","1000cp","2014Q3","2","322.6"
"r_2","0","1000cp","2014Q4","0","3344.2"
"r_2","0","1000cp","2014Q4","1","1777.4"
"r_2","0","1000cp","2014Q4","2","1566.7"
"r_2","1","1000cp","2014Q4","0","2622"
"r_2","1","1000cp","2014Q4","1","1355.1"
"r_2","1","1000cp","2014Q4","2","1267"
"r_2","2","1000cp","2014Q4","0","722.1"
"r_2","2","1000cp","2014Q4","1","422.4"
"r_2","2","1000cp","2014Q4","2","299.8"
"r_2","0","1000cp","2015Q1","0","3299"
"r_2","0","1000cp","2015Q1","1","1761.7"
"r_2","0","1000cp","2015Q1","2","1537.3"
"r_2","1","1000cp","2015Q1","0","2599.5"
"r_2","1","1000cp","2015Q1","1","1350.4"
"r_2","1","1000cp","2015Q1","2","1249.1"
"r_2","2","1000cp","2015Q1","0","699.5"
"r_2","2","1000cp","2015Q1","1","411.3"
"r_2","2","1000cp","2015Q1","2","288.2"
"r_2","0","1000cp","2015Q2","0","3342.1"
"r_2","0","1000cp","2015Q2","1","1790.4"
"r_2","0","1000cp","2015Q2","2","1551.7"
"r_2","1","1000cp","2015Q2","0","2620.6"
"r_2","1","1000cp","2015Q2","1","1371"
"r_2","1","1000cp","2015Q2","2","1249.5"
"r_2","2","1000cp","2015Q2","0","721.5"
"r_2","2","1000cp","2015Q2","1","419.4"
"r_2","2","1000cp","2015Q2","2","302.1"
"r_2","0","1000cp","2015Q3","0","3384"
"r_2","0","1000cp","2015Q3","1","1805.1"
"r_2","0","1000cp","2015Q3","2","1578.9"
"r_2","1","1000cp","2015Q3","0","2629.1"
"r_2","1","1000cp","2015Q3","1","1369.8"
"r_2","1","1000cp","2015Q3","2","1259.3"
"r_2","2","1000cp","2015Q3","0","754.9"
"r_2","2","1000cp","2015Q3","1","435.3"
"r_2","2","1000cp","2015Q3","2","319.5"
"r_2","0","1000cp","2015Q4","0","3322.8"
"r_2","0","1000cp","2015Q4","1","1769.6"
"r_2","0","1000cp","2015Q4","2","1553.1"
"r_2","1","1000cp","2015Q4","0","2603.5"
"r_2","1","1000cp","2015Q4","1","1349"
"r_2","1","1000cp","2015Q4","2","1254.5"
"r_2","2","1000cp","2015Q4","0","719.2"
"r_2","2","1000cp","2015Q4","1","420.6"
"r_2","2","1000cp","2015Q4","2","298.7"
"r_3","0","1000cp","2016Q1","0","3254.7"
"r_3","0","1000cp","2016Q1","1","1748.8"
"r_3","0","1000cp","2016Q1","2","1505.9"
"r_3","1","1000cp","2016Q1","0","2558.3"
"r_3","1","1000cp","2016Q1","1","1340.2"
"r_3","1","1000cp","2016Q1","2","1218.1"
"r_3","2","1000cp","2016Q1","0","696.4"
"r_3","2","1000cp","2016Q1","1","408.6"
"r_3","2","1000cp","2016Q1","2","287.8"
"r_4","0","1000cp","2016Q2","0","3298.9"
"r_4","0","1000cp","2016Q2","1","1763.9"
"r_4","0","1000cp","2016Q2","2","1535"
"r_4","1","1000cp","2016Q2","0","2576.4"
"r_4","1","1000cp","2016Q2","1","1343.3"
"r_4","1","1000cp","2016Q2","2","1233.1"
"r_4","2","1000cp","2016Q2","0","722.5"
"r_4","2","1000cp","2016Q2","1","420.6"
"r_4","2","1000cp","2016Q2","2","301.9"
"r_5","0","1000cp","2016Q3","0","3281.7"
"r_5","0","1000cp","2016Q3","1","1753.8"
"r_5","0","1000cp","2016Q3","2","1528"
"r_5","1","1000cp","2016Q3","0","2570"
"r_5","1","1000cp","2016Q3","1","1339.1"
"r_5","1","1000cp","2016Q3","2","1230.9"
"r_5","2","1000cp","2016Q3","0","711.8"
"r_5","2","1000cp","2016Q3","1","414.7"
"r_5","2","1000cp","2016Q3","2","297.1"
"r_6","0","1000cp","2016Q4","0","3220.8"
"r_6","0","1000cp","2016Q4","1","1730.9"
"r_6","0","1000cp","2016Q4","2","1489.9"
"r_6","1","1000cp","2016Q4","0","2549.7"
"r_6","1","1000cp","2016Q4","1","1332.3"
"r_6","1","1000cp","2016Q4","2","1217.4"
"r_6","2","1000cp","2016Q4","0","671.1"
"r_6","2","1000cp","2016Q4","1","398.5"
"r_6","2","1000cp","2016Q4","2","272.6"
"r_7","0","1000cp","2017Q1","0","3261.1"
"r_7","0","1000cp","2017Q1","1","1743.6"
"r_7","0","1000cp","2017Q1","2","1517.4"
"r_7","1","1000cp","2017Q1","0","2567.1"
"r_7","1","1000cp","2017Q1","1","1336.3"
"r_7","1","1000cp","2017Q1","2","1230.8"
"r_7","2","1000cp","2017Q1","0","694"
"r_7","2","1000cp","2017Q1","1","407.4"
"r_7","2","1000cp","2017Q1","2","286.6"
"r_8","0","1000cp","2017Q2","0","3385.6"
"r_8","0","1000cp","2017Q2","1","1805.3"
"r_8","0","1000cp","2017Q2","2","1580.4"
"r_8","1","1000cp","2017Q2","0","2634.1"
"r_8","1","1000cp","2017Q2","1","1372.1"
"r_8","1","1000cp","2017Q2","2","1262"
"r_8","2","1000cp","2017Q2","0","751.6"
"r_8","2","1000cp","2017Q2","1","433.2"
"r_8","2","1000cp","2017Q2","2","318.4"
"r_9","0","1000cp","2017Q3","0","3425.2"
"r_9","0","1000cp","2017Q3","1","1832.3"
"r_9","0","1000cp","2017Q3","2","1592.9"
"r_9","1","1000cp","2017Q3","0","2656.2"
"r_9","1","1000cp","2017Q3","1","1380.6"
"r_9","1","1000cp","2017Q3","2","1275.6"
"r_9","2","1000cp","2017Q3","0","769"
"r_9","2","1000cp","2017Q3","1","451.7"
"r_9","2","1000cp","2017Q3","2","317.3"
"r_10","0","1000cp","2017Q4","0","3356.9"
"r_10","0","1000cp","2017Q4","1","1805.7"
"r_10","0","1000cp","2017Q4","2","1551.2"
"r_10","1","1000cp","2017Q4","0","2617"
"r_10","1","1000cp","2017Q4","1","1368.2"
"r_10","1","1000cp","2017Q4","2","1248.8"
"r_10","2","1000cp","2017Q4","0","740"
"r_10","2","1000cp","2017Q4","1","437.5"
"r_10","2","1000cp","2017Q4","2","302.4"
"r_11","0","1000cp","2018Q1","0","3288.1"
"r_11","0","1000cp","2018Q1","1","1767.4"
"r_11","0","1000cp","2018Q1","2","1520.6"
"r_11","1","1000cp","2018Q1","0","2577.8"
"r_11","1","1000cp","2018Q1","1","1350"
"r_11","1","1000cp","2018Q1","2","1227.8"
"r_11","2","1000cp","2018Q1","0","710.3"
"r_11","2","1000cp","2018Q1","1","417.4"
"r_11","2","1000cp","2018Q1","2","292.8"
"r_12","0","1000cp","2018Q2","0","3339.3"
"r_12","0","1000cp","2018Q2","1","1787.9"
"r_12","0","1000cp","2018Q2","2","1551.4"
"r_12","1","1000cp","2018Q2","0","2599.2"
"r_12","1","1000cp","2018Q2","1","1355"
"r_12","1","1000cp","2018Q2","2","1244.2"
"r_12","2","1000cp","2018Q2","0","740.1"
"r_12","2","1000cp","2018Q2","1","432.8"
"r_12","2","1000cp","2018Q2","2","307.2"
"r_13","0","1000cp","2018Q3","0","3373.6"
"r_13","0","1000cp","2018Q3","1","1809.4"
"r_13","0","1000cp","2018Q3","2","1564.3"
"r_13","1","1000cp","2018Q3","0","2616.6"
"r_13","1","1000cp","2018Q3","1","1366.8"
"r_13","1","1000cp","2018Q3","2","1249.8"
"r_13","2","1000cp","2018Q3","0","757"
"r_13","2","1000cp","2018Q3","1","442.5"
"r_13","2","1000cp","2018Q3","2","314.5"
"r_14","0","1000cp","2018Q4","0","3303"
"r_14","0","1000cp","2018Q4","1","1783.5"
"r_14","0","1000cp","2018Q4","2","1519.5"
"r_14","1","1000cp","2018Q4","0","2587.3"
"r_14","1","1000cp","2018Q4","1","1358.5"
"r_14","1","1000cp","2018Q4","2","1228.7"
"r_14","2","1000cp","2018Q4","0","715.7"
"r_14","2","1000cp","2018Q4","1","424.9"
"r_14","2","1000cp","2018Q4","2","290.8"
"r_15","0","1000cp","2019Q1","0","3313.1"
"r_15","0","1000cp","2019Q1","1","1776.5"
"r_15","0","1000cp","2019Q1","2","1536.7"
"r_15","1","1000cp","2019Q1","0","2590.1"
"r_15","1","1000cp","2019Q1","1","1350.5"
"r_15","1","1000cp","2019Q1","2","1239.6"
"r_15","2","1000cp","2019Q1","0","723.1"
"r_15","2","1000cp","2019Q1","1","426"
"r_15","2","1000cp","2019Q1","2","297.1"
"r_16","0","1000cp","2019Q2","0","3404.8"
"r_16","0","1000cp","2019Q2","1","1815.9"
"r_16","0","1000cp","2019Q2","2","1589"
"r_16","1","1000cp","2019Q2","0","2639"
"r_16","1","1000cp","2019Q2","1","1370.3"
"r_16","1","1000cp","2019Q2","2","1268.6"
"r_16","2","1000cp","2019Q2","0","765.9"
"r_16","2","1000cp","2019Q2","1","445.6"
"r_16","2","1000cp","2019Q2","2","320.3"
"r_17","0","1000cp","2019Q3","0","3424.6"
"r_17","0","1000cp","2019Q3","1","1842.1"
"r_17","0","1000cp","2019Q3","2","1582.4"
"r_17","1","1000cp","2019Q3","0","2650.7"
"r_17","1","1000cp","2019Q3","1","1390.6"
"r_17","1","1000cp","2019Q3","2","1260.1"
"r_17","2","1000cp","2019Q3","0","773.9"
"r_17","2","1000cp","2019Q3","1","451.5"
"r_17","2","1000cp","2019Q3","2","322.3"
"r_18","0","1000cp","2019Q4","0","3361.2"
"r_18","0","1000cp","2019Q4","1","1822.9"
"r_18","0","1000cp","2019Q4","2","1538.3"
"r_18","1","1000cp","2019Q4","0","2614.1"
"r_18","1","1000cp","2019Q4","1","1378.7"
"r_18","1","1000cp","2019Q4","2","1235.4"
"r_18","2","1000cp","2019Q4","0","747.1"
"r_18","2","1000cp","2019Q4","1","444.2"
"r_18","2","1000cp","2019Q4","2","302.9"
"r_19","0","1000cp","2020Q1","0","3256.1"
"r_19","0","1000cp","2020Q1","1","1753"
"r_19","0","1000cp","2020Q1","2","1503"
"r_19","1","1000cp","2020Q1","0","2530.4"
"r_19","1","1000cp","2020Q1","1","1320.2"
"r_19","1","1000cp","2020Q1","2","1210.2"
"r_19","2","1000cp","2020Q1","0","725.7"
"r_19","2","1000cp","2020Q1","1","432.8"
"r_19","2","1000cp","2020Q1","2","292.8"
"r_20","0","1000cp","2020Q2","0","3271.8"
"r_20","0","1000cp","2020Q2","1","1750.1"
"r_20","0","1000cp","2020Q2","2","1521.7"
"r_20","1","1000cp","2020Q2","0","2528.2"
"r_20","1","1000cp","2020Q2","1","1311.8"
"r_20","1","1000cp","2020Q2","2","1216.4"
"r_20","2","1000cp","2020Q2","0","743.6"
"r_20","2","1000cp","2020Q2","1","438.3"
"r_20","2","1000cp","2020Q2","2","305.3"
"r_21","0","1000cp","2020Q3","0","3333.6"
"r_21","0","1000cp","2020Q3","1","1798.4"
"r_21","0","1000cp","2020Q3","2","1535.2"
"r_21","1","1000cp","2020Q3","0","2535.6"
"r_21","1","1000cp","2020Q3","1","1330.1"
"r_21","1","1000cp","2020Q3","2","1205.5"
"r_21","2","1000cp","2020Q3","0","798"
"r_21","2","1000cp","2020Q3","1","468.3"
"r_21","2","1000cp","2020Q3","2","329.7"
"r_22","0","1000cp","2020Q4","0","3299.9"
"r_22","0","1000cp","2020Q4","1","1788"
"r_22","0","1000cp","2020Q4","2","1511.9"
"r_22","1","1000cp","2020Q4","0","2534.4"
"r_22","1","1000cp","2020Q4","1","1330.9"
"r_22","1","1000cp","2020Q4","2","1203.5"
"r_22","2","1000cp","2020Q4","0","765.5"
"r_22","2","1000cp","2020Q4","1","457.2"
"r_22","2","1000cp","2020Q4","2","308.4"
"r_31","0","1000cp","2023Q1","0","3062.9"
"r_31","0","1000cp","2023Q1","1","1618.3"
"r_31","0","1000cp","2023Q1","2","1444.6"
"r_31","1","1000cp","2023Q1","0","2375.1"
"r_31","1","1000cp","2023Q1","1","1224.9"
"r_31","1","1000cp","2023Q1","2","1150.1"
"r_31","2","1000cp","2023Q1","0","687.8"
"r_31","2","1000cp","2023Q1","1","393.4"
"r_31","2","1000cp","2023Q1","2","294.5"
"r_32","0","1000cp","2023Q2","0","3055.3"
"r_32","0","1000cp","2023Q2","1","1620.1"
"r_32","0","1000cp","2023Q2","2","1435.2"
"r_32","1","1000cp","2023Q2","0","2363.7"
"r_32","1","1000cp","2023Q2","1","1221.7"
"r_32","1","1000cp","2023Q2","2","1141.9"
"r_32","2","1000cp","2023Q2","0","691.7"
"r_32","2","1000cp","2023Q2","1","398.4"
"r_32","2","1000cp","2023Q2","2","293.3"
"r_33","0","1000cp","2023Q3","0","3089.6"
"r_33","0","1000cp","2023Q3","1","1636.7"
"r_33","0","1000cp","2023Q3","2","1452.9"
"r_33","1","1000cp","2023Q3","0","2386.9"
"r_33","1","1000cp","2023Q3","1","1230.8"
"r_33","1","1000cp","2023Q3","2","1156"
"r_33","2","1000cp","2023Q3","0","702.8"
"r_33","2","1000cp","2023Q3","1","405.9"
"r_33","2","1000cp","2023Q3","2","296.9"
"r_34","0","1000cp","2022Q1","0","3011.6"
"r_34","0","1000cp","2022Q1","1","1596.4"
"r_34","0","1000cp","2022Q1","2","1415.3"
"r_34","1","1000cp","2022Q1","0","2345.9"
"r_34","1","1000cp","2022Q1","1","1211.3"
"r_34","1","1000cp","2022Q1","2","1134.5"
"r_34","2","1000cp","2022Q1","0","665.8"
"r_34","2","1000cp","2022Q1","1","385.1"
"r_34","2","1000cp","2022Q1","2","280.7"
"r_35","0","1000cp","2022Q2","0","3052.4"
"r_35","0","1000cp","2022Q2","1","1624.5"
"r_35","0","1000cp","2022Q2","2","1427.8"
"r_35","1","1000cp","2022Q2","0","2368.8"
"r_35","1","1000cp","2022Q2","1","1226"
"r_35","1","1000cp","2022Q2","2","1142.8"
"r_35","2","1000cp","2022Q2","0","683.5"
"r_35","2","1000cp","2022Q2","1","398.5"
"r_35","2","1000cp","2022Q2","2","285"
"r_36","0","1000cp","2022Q3","0","3111.2"
"r_36","0","1000cp","2022Q3","1","1661.4"
"r_36","0","1000cp","2022Q3","2","1449.8"
"r_36","1","1000cp","2022Q3","0","2412.8"
"r_36","1","1000cp","2022Q3","1","1253.7"
"r_36","1","1000cp","2022Q3","2","1159.1"
"r_36","2","1000cp","2022Q3","0","698.4"
"r_36","2","1000cp","2022Q3","1","407.7"
"r_36","2","1000cp","2022Q3","2","290.7"
"r_37","0","1000cp","2022Q4","0","3096.1"
"r_37","0","1000cp","2022Q4","1","1645.5"
"r_37","0","1000cp","2022Q4","2","1450.7"
"r_37","1","1000cp","2022Q4","0","2399.9"
"r_37","1","1000cp","2022Q4","1","1240.8"
"r_37","1","1000cp","2022Q4","2","1159"
"r_37","2","1000cp","2022Q4","0","696.3"
"r_37","2","1000cp","2022Q4","1","404.6"
"r_37","2","1000cp","2022Q4","2","291.6"
"r_38","0","1000cp","2023Q4","0","3049.2"
"r_38","0","1000cp","2023Q4","1","1625.4"
"r_38","0","1000cp","2023Q4","2","1423.8"
"r_38","1","1000cp","2023Q4","0","2362.8"
"r_38","1","1000cp","2023Q4","1","1224.5"
"r_38","1","1000cp","2023Q4","2","1138.4"
"r_38","2","1000cp","2023Q4","0","686.3"
"r_38","2","1000cp","2023Q4","1","400.9"
"r_38","2","1000cp","2023Q4","2","285.4"
"r_39","0","1000cp","2024Q1","0","3059.8"
"r_39","0","1000cp","2024Q1","1","1628.3"
"r_39","0","1000cp","2024Q1","2","1431.6"
"r_39","1","1000cp","2024Q1","0","2362.6"
"r_39","1","1000cp","2024Q1","1","1223.2"
"r_39","1","1000cp","2024Q1","2","1139.4"
"r_39","2","1000cp","2024Q1","0","697.2"
"r_39","2","1000cp","2024Q1","1","405.1"
"r_39","2","1000cp","2024Q1","2","292.2"
"r_40","0","1000cp","2021Q1","0","3027.2"
"r_40","0","1000cp","2021Q1","1","1622.4"
"r_40","0","1000cp","2021Q1","2","1404.8"
"r_40","1","1000cp","2021Q1","0","2344.4"
"r_40","1","1000cp","2021Q1","1","1218.3"
"r_40","1","1000cp","2021Q1","2","1126.2"
"r_40","2","1000cp","2021Q1","0","682.7"
"r_40","2","1000cp","2021Q1","1","404.1"
"r_40","2","1000cp","2021Q1","2","278.6"
"r_41","0","1000cp","2021Q2","0","3034.7"
"r_41","0","1000cp","2021Q2","1","1622.3"
"r_41","0","1000cp","2021Q2","2","1412.4"
"r_41","1","1000cp","2021Q2","0","2345.3"
"r_41","1","1000cp","2021Q2","1","1215.2"
"r_41","1","1000cp","2021Q2","2","1130.1"
"r_41","2","1000cp","2021Q2","0","689.4"
"r_41","2","1000cp","2021Q2","1","407.1"
"r_41","2","1000cp","2021Q2","2","282.3"
"r_42","0","1000cp","2021Q3","0","3065.4"
"r_42","0","1000cp","2021Q3","1","1638.3"
"r_42","0","1000cp","2021Q3","2","1427"
"r_42","1","1000cp","2021Q3","0","2368.8"
"r_42","1","1000cp","2021Q3","1","1229.3"
"r_42","1","1000cp","2021Q3","2","1139.5"
"r_42","2","1000cp","2021Q3","0","696.6"
"r_42","2","1000cp","2021Q3","1","409"
"r_42","2","1000cp","2021Q3","2","287.5"
"r_43","0","1000cp","2021Q4","0","3008.5"
"r_43","0","1000cp","2021Q4","1","1608.6"
"r_43","0","1000cp","2021Q4","2","1399.9"
"r_43","1","1000cp","2021Q4","0","2334.7"
"r_43","1","1000cp","2021Q4","1","1214"
"r_43","1","1000cp","2021Q4","2","1120.7"
"r_43","2","1000cp","2021Q4","0","673.8"
"r_43","2","1000cp","2021Q4","1","394.6"
"r_43","2","1000cp","2021Q4","2","279.2"
"r_44","0","1000cp","2024Q2","0","3060.6"
"r_44","0","1000cp","2024Q2","1","1625.6"
"r_44","0","1000cp","2024Q2","2","1435"
"r_44","1","1000cp","2024Q2","0","2356"
"r_44","1","1000cp","2024Q2","1","1218.9"
"r_44","1","1000cp","2024Q2","2","1137"
"r_44","2","1000cp","2024Q2","0","704.7"
"r_44","2","1000cp","2024Q2","1","406.7"
"r_44","2","1000cp","2024Q2","2","298"
"r_45","0","1000cp","2024Q3","0","3075.1"
"r_45","0","1000cp","2024Q3","1","1633.2"
"r_45","0","1000cp","2024Q3","2","1441.9"
"r_45","1","1000cp","2024Q3","0","2372.7"
"r_45","1","1000cp","2024Q3","1","1228.2"
"r_45","1","1000cp","2024Q3","2","1144.6"
"r_45","2","1000cp","2024Q3","0","702.4"
"r_45","2","1000cp","2024Q3","1","405"
"r_45","2","1000cp","2024Q3","2","297.3"
"r_46","0","1000cp","2024Q4","0","3045.8"
"r_46","0","1000cp","2024Q4","1","1615"
"r_46","0","1000cp","2024Q4","2","1430.8"
"r_46","1","1000cp","2024Q4","0","2367.1"
"r_46","1","1000cp","2024Q4","1","1222.9"
"r_46","1","1000cp","2024Q4","2","1144.2"
"r_46","2","1000cp","2024Q4","0","678.6"
"r_46","2","1000cp","2024Q4","1","392.1"
"r_46","2","1000cp","2024Q4","2","286.5"
"r_47","0","1000cp","2025Q1","0","3027.6"
"r_47","0","1000cp","2025Q1","1","1609.1"
"r_47","0","1000cp","2025Q1","2","1418.5"
"r_47","1","1000cp","2025Q1","0","2357"
"r_47","1","1000cp","2025Q1","1","1220"
"r_47","1","1000cp","2025Q1","2","1137"
"r_47","2","1000cp","2025Q1","0","670.6"
"r_47","2","1000cp","2025Q1","1","389"
"r_47","2","1000cp","2025Q1","2","281.5"
"r_48","0","1000cp","2025Q2","0","3044.6"
"r_48","0","1000cp","2025Q2","1","1614.9"
"r_48","0","1000cp","2025Q2","2","1429.6"
"r_48","1","1000cp","2025Q2","0","2354.2"
"r_48","1","1000cp","2025Q2","1","1217.6"
"r_48","1","1000cp","2025Q2","2","1136.6"
"r_48","2","1000cp","2025Q2","0","690.3"
"r_48","2","1000cp","2025Q2","1","397.3"
"r_48","2","1000cp","2025Q2","2","293"
"r_49","0","1000cp","2025Q3","0","3060.5"
"r_49","0","1000cp","2025Q3","1","1622.6"
"r_49","0","1000cp","2025Q3","2","1437.9"
"r_49","1","1000cp","2025Q3","0","2370.8"
"r_49","1","1000cp","2025Q3","1","1226.1"
"r_49","1","1000cp","2025Q3","2","1144.7"
"r_49","2","1000cp","2025Q3","0","689.7"
"r_49","2","1000cp","2025Q3","1","396.5"
"r_49","2","1000cp","2025Q3","2","293.2"