RevisionColumn,Age10_LFS,LFS_EDUlevel,periods,Units,ValueColumn
"r_2","0","0","2003Q1","perc","48"
"r_2","0","0","2003Q2","perc","49.9"
"r_2","0","0","2003Q3","perc","50.3"
"r_2","0","0","2003Q4","perc","48.5"
"r_2","0","0","2004Q1","perc","48.1"
"r_2","0","0","2004Q2","perc","50.5"
"r_2","0","0","2004Q3","perc","50.8"
"r_2","0","0","2004Q4","perc","49.4"
"r_2","0","0","2005Q1","perc","48"
"r_2","0","0","2005Q2","perc","50.1"
"r_2","0","0","2005Q3","perc","51.1"
"r_2","0","0","2005Q4","perc","49.6"
"r_2","0","0","2006Q1","perc","48.9"
"r_2","0","0","2006Q2","perc","51.8"
"r_2","0","0","2006Q3","perc","52.7"
"r_2","0","0","2006Q4","perc","51.8"
"r_2","0","0","2007Q1","perc","51.3"
"r_2","0","0","2007Q2","perc","52.6"
"r_2","0","0","2007Q3","perc","53.5"
"r_2","0","0","2007Q4","perc","53"
"r_2","0","0","2008Q1","perc","53.2"
"r_2","0","0","2008Q2","perc","54.1"
"r_2","0","0","2008Q3","perc","54.4"
"r_2","0","0","2008Q4","perc","53.5"
"r_2","0","0","2009Q1","perc","52.9"
"r_2","0","0","2009Q2","perc","53.5"
"r_2","0","0","2009Q3","perc","53.4"
"r_2","0","0","2009Q4","perc","52.3"
"r_2","0","0","2010Q1","perc","52.6"
"r_2","0","0","2010Q2","perc","53.6"
"r_2","0","0","2010Q3","perc","53.9"
"r_2","0","0","2010Q4","perc","53.5"
"r_2","0","0","2011Q1","perc","52"
"r_2","0","0","2011Q2","perc","52.1"
"r_2","0","0","2011Q3","perc","53.2"
"r_2","0","0","2011Q4","perc","52.8"
"r_2","0","0","2012Q1","perc","51.8"
"r_2","0","0","2012Q2","perc","52.7"
"r_2","0","0","2012Q3","perc","54.2"
"r_2","0","0","2012Q4","perc","53.6"
"r_2","0","0","2013Q1","perc","52.8"
"r_2","0","0","2013Q2","perc","53.9"
"r_2","0","0","2013Q3","perc","54.8"
"r_2","0","0","2013Q4","perc","54"
"r_2","0","0","2014Q1","perc","53.5"
"r_2","0","0","2014Q2","perc","54.1"
"r_2","0","0","2014Q3","perc","55.2"
"r_2","0","0","2014Q4","perc","53.9"
"r_2","0","0","2015Q1","perc","53.4"
"r_2","0","0","2015Q2","perc","54.1"
"r_2","0","0","2015Q3","perc","54.9"
"r_2","0","0","2015Q4","perc","53.9"
"r_2","0","1","2003Q1","perc","72.7"
"r_2","0","1","2003Q2","perc","73.1"
"r_2","0","1","2003Q3","perc","73.4"
"r_2","0","1","2003Q4","perc","72"
"r_2","0","1","2004Q1","perc","72.6"
"r_2","0","1","2004Q2","perc","73.9"
"r_2","0","1","2004Q3","perc","73.9"
"r_2","0","1","2004Q4","perc","73.4"
"r_2","0","1","2005Q1","perc","72.5"
"r_2","0","1","2005Q2","perc","73"
"r_2","0","1","2005Q3","perc","72.4"
"r_2","0","1","2005Q4","perc","71.7"
"r_2","0","1","2006Q1","perc","72.3"
"r_2","0","1","2006Q2","perc","73.5"
"r_2","0","1","2006Q3","perc","73.8"
"r_2","0","1","2006Q4","perc","73.7"
"r_2","0","1","2007Q1","perc","74.9"
"r_2","0","1","2007Q2","perc","74.4"
"r_2","0","1","2007Q3","perc","73.5"
"r_2","0","1","2007Q4","perc","74.7"
"r_2","0","1","2008Q1","perc","74.7"
"r_2","0","1","2008Q2","perc","75.4"
"r_2","0","1","2008Q3","perc","76.3"
"r_2","0","1","2008Q4","perc","75.6"
"r_2","0","1","2009Q1","perc","74.4"
"r_2","0","1","2009Q2","perc","75.7"
"r_2","0","1","2009Q3","perc","75"
"r_2","0","1","2009Q4","perc","74.3"
"r_2","0","1","2010Q1","perc","74.5"
"r_2","0","1","2010Q2","perc","74.8"
"r_2","0","1","2010Q3","perc","74.4"
"r_2","0","1","2010Q4","perc","74.6"
"r_2","0","1","2011Q1","perc","73.3"
"r_2","0","1","2011Q2","perc","73.8"
"r_2","0","1","2011Q3","perc","73.4"
"r_2","0","1","2011Q4","perc","72.5"
"r_2","0","1","2012Q1","perc","72.3"
"r_2","0","1","2012Q2","perc","73.1"
"r_2","0","1","2012Q3","perc","73.9"
"r_2","0","1","2012Q4","perc","73.9"
"r_2","0","1","2013Q1","perc","73.1"
"r_2","0","1","2013Q2","perc","74.4"
"r_2","0","1","2013Q3","perc","73.8"
"r_2","0","1","2013Q4","perc","72.7"
"r_2","0","1","2014Q1","perc","72.6"
"r_2","0","1","2014Q2","perc","73.7"
"r_2","0","1","2014Q3","perc","74.7"
"r_2","0","1","2014Q4","perc","73.4"
"r_2","0","1","2015Q1","perc","73.5"
"r_2","0","1","2015Q2","perc","74.3"
"r_2","0","1","2015Q3","perc","75"
"r_2","0","1","2015Q4","perc","74.4"
"r_2","0","2","2003Q1","perc","62.9"
"r_2","0","2","2003Q2","perc","64.8"
"r_2","0","2","2003Q3","perc","64.2"
"r_2","0","2","2003Q4","perc","62.8"
"r_2","0","2","2004Q1","perc","62.7"
"r_2","0","2","2004Q2","perc","65.4"
"r_2","0","2","2004Q3","perc","65.3"
"r_2","0","2","2004Q4","perc","63.5"
"r_2","0","2","2005Q1","perc","62.7"
"r_2","0","2","2005Q2","perc","64.8"
"r_2","0","2","2005Q3","perc","65.4"
"r_2","0","2","2005Q4","perc","64.2"
"r_2","0","2","2006Q1","perc","63.9"
"r_2","0","2","2006Q2","perc","66.9"
"r_2","0","2","2006Q3","perc","67.3"
"r_2","0","2","2006Q4","perc","66.7"
"r_2","0","2","2007Q1","perc","65.7"
"r_2","0","2","2007Q2","perc","66.7"
"r_2","0","2","2007Q3","perc","67.4"
"r_2","0","2","2007Q4","perc","67.7"
"r_2","0","2","2008Q1","perc","67.9"
"r_2","0","2","2008Q2","perc","67.7"
"r_2","0","2","2008Q3","perc","67.4"
"r_2","0","2","2008Q4","perc","66.9"
"r_2","0","2","2009Q1","perc","66.3"
"r_2","0","2","2009Q2","perc","65.8"
"r_2","0","2","2009Q3","perc","65.7"
"r_2","0","2","2009Q4","perc","64.8"
"r_2","0","2","2010Q1","perc","63.7"
"r_2","0","2","2010Q2","perc","64.3"
"r_2","0","2","2010Q3","perc","64.6"
"r_2","0","2","2010Q4","perc","64.1"
"r_2","0","2","2011Q1","perc","62"
"r_2","0","2","2011Q2","perc","61.6"
"r_2","0","2","2011Q3","perc","62.7"
"r_2","0","2","2011Q4","perc","62.7"
"r_2","0","2","2012Q1","perc","61.7"
"r_2","0","2","2012Q2","perc","62.5"
"r_2","0","2","2012Q3","perc","63.2"
"r_2","0","2","2012Q4","perc","61.7"
"r_2","0","2","2013Q1","perc","61.5"
"r_2","0","2","2013Q2","perc","62.1"
"r_2","0","2","2013Q3","perc","62.7"
"r_2","0","2","2013Q4","perc","61.7"
"r_2","0","2","2014Q1","perc","61.4"
"r_2","0","2","2014Q2","perc","61.6"
"r_2","0","2","2014Q3","perc","61.7"
"r_2","0","2","2014Q4","perc","60.7"
"r_2","0","2","2015Q1","perc","60.7"
"r_2","0","2","2015Q2","perc","61"
"r_2","0","2","2015Q3","perc","61.1"
"r_2","0","2","2015Q4","perc","60.3"
"r_2","0","2_1","2003Q1","perc","70.1"
"r_2","0","2_1","2003Q2","perc","72.1"
"r_2","0","2_1","2003Q3","perc","71.3"
"r_2","0","2_1","2003Q4","perc","69.7"
"r_2","0","2_1","2004Q1","perc","69.7"
"r_2","0","2_1","2004Q2","perc","72"
"r_2","0","2_1","2004Q3","perc","71.9"
"r_2","0","2_1","2004Q4","perc","70.4"
"r_2","0","2_1","2005Q1","perc","69.4"
"r_2","0","2_1","2005Q2","perc","71.7"
"r_2","0","2_1","2005Q3","perc","72.8"
"r_2","0","2_1","2005Q4","perc","70.8"
"r_2","0","2_1","2006Q1","perc","70"
"r_2","0","2_1","2006Q2","perc","73.9"
"r_2","0","2_1","2006Q3","perc","73.7"
"r_2","0","2_1","2006Q4","perc","73.7"
"r_2","0","2_1","2007Q1","perc","72.8"
"r_2","0","2_1","2007Q2","perc","73.8"
"r_2","0","2_1","2007Q3","perc","74.6"
"r_2","0","2_1","2007Q4","perc","74.6"
"r_2","0","2_1","2008Q1","perc","74.3"
"r_2","0","2_1","2008Q2","perc","74.3"
"r_2","0","2_1","2008Q3","perc","73.7"
"r_2","0","2_1","2008Q4","perc","73.2"
"r_2","0","2_1","2009Q1","perc","72.4"
"r_2","0","2_1","2009Q2","perc","71.8"
"r_2","0","2_1","2009Q3","perc","71.6"
"r_2","0","2_1","2009Q4","perc","70.8"
"r_2","0","2_1","2010Q1","perc","69.7"
"r_2","0","2_1","2010Q2","perc","70.8"
"r_2","0","2_1","2010Q3","perc","71.1"
"r_2","0","2_1","2010Q4","perc","70.7"
"r_2","0","2_1","2011Q1","perc","69"
"r_2","0","2_1","2011Q2","perc","69.1"
"r_2","0","2_1","2011Q3","perc","69.6"
"r_2","0","2_1","2011Q4","perc","68.5"
"r_2","0","2_1","2012Q1","perc","68.3"
"r_2","0","2_1","2012Q2","perc","69.6"
"r_2","0","2_1","2012Q3","perc","69.2"
"r_2","0","2_1","2012Q4","perc","67.4"
"r_2","0","2_1","2013Q1","perc","67.6"
"r_2","0","2_1","2013Q2","perc","69"
"r_2","0","2_1","2013Q3","perc","68.6"
"r_2","0","2_1","2013Q4","perc","67.3"
"r_2","0","2_1","2014Q1","perc","67.7"
"r_2","0","2_1","2014Q2","perc","68.1"
"r_2","0","2_1","2014Q3","perc","67.5"
"r_2","0","2_1","2014Q4","perc","66.3"
"r_2","0","2_1","2015Q1","perc","67"
"r_2","0","2_1","2015Q2","perc","67.1"
"r_2","0","2_1","2015Q3","perc","66.7"
"r_2","0","2_1","2015Q4","perc","66.4"
"r_2","0","2_2","2003Q1","perc","50.2"
"r_2","0","2_2","2003Q2","perc","52"
"r_2","0","2_2","2003Q3","perc","51.1"
"r_2","0","2_2","2003Q4","perc","49.7"
"r_2","0","2_2","2004Q1","perc","49.7"
"r_2","0","2_2","2004Q2","perc","53.3"
"r_2","0","2_2","2004Q3","perc","53"
"r_2","0","2_2","2004Q4","perc","50.4"
"r_2","0","2_2","2005Q1","perc","49.4"
"r_2","0","2_2","2005Q2","perc","51.6"
"r_2","0","2_2","2005Q3","perc","51.9"
"r_2","0","2_2","2005Q4","perc","51.4"
"r_2","0","2_2","2006Q1","perc","51.8"
"r_2","0","2_2","2006Q2","perc","53.9"
"r_2","0","2_2","2006Q3","perc","55.9"
"r_2","0","2_2","2006Q4","perc","55.4"
"r_2","0","2_2","2007Q1","perc","53.9"
"r_2","0","2_2","2007Q2","perc","54.9"
"r_2","0","2_2","2007Q3","perc","55.4"
"r_2","0","2_2","2007Q4","perc","56.6"
"r_2","0","2_2","2008Q1","perc","57.1"
"r_2","0","2_2","2008Q2","perc","56.8"
"r_2","0","2_2","2008Q3","perc","57.3"
"r_2","0","2_2","2008Q4","perc","57.1"
"r_2","0","2_2","2009Q1","perc","56"
"r_2","0","2_2","2009Q2","perc","55.8"
"r_2","0","2_2","2009Q3","perc","56.3"
"r_2","0","2_2","2009Q4","perc","55.2"
"r_2","0","2_2","2010Q1","perc","54.3"
"r_2","0","2_2","2010Q2","perc","54.5"
"r_2","0","2_2","2010Q3","perc","55"
"r_2","0","2_2","2010Q4","perc","54.1"
"r_2","0","2_2","2011Q1","perc","51.2"
"r_2","0","2_2","2011Q2","perc","51"
"r_2","0","2_2","2011Q3","perc","52.8"
"r_2","0","2_2","2011Q4","perc","54.2"
"r_2","0","2_2","2012Q1","perc","52.5"
"r_2","0","2_2","2012Q2","perc","52.6"
"r_2","0","2_2","2012Q3","perc","54.3"
"r_2","0","2_2","2012Q4","perc","53.3"
"r_2","0","2_2","2013Q1","perc","52.8"
"r_2","0","2_2","2013Q2","perc","52.3"
"r_2","0","2_2","2013Q3","perc","53.9"
"r_2","0","2_2","2013Q4","perc","53.3"
"r_2","0","2_2","2014Q1","perc","52.3"
"r_2","0","2_2","2014Q2","perc","52.3"
"r_2","0","2_2","2014Q3","perc","53.3"
"r_2","0","2_2","2014Q4","perc","52.7"
"r_2","0","2_2","2015Q1","perc","52.1"
"r_2","0","2_2","2015Q2","perc","52.7"
"r_2","0","2_2","2015Q3","perc","53.2"
"r_2","0","2_2","2015Q4","perc","52.1"
"r_2","0","3","2003Q1","perc","26.9"
"r_2","0","3","2003Q2","perc","29.4"
"r_2","0","3","2003Q3","perc","30"
"r_2","0","3","2003Q4","perc","27.9"
"r_2","0","3","2004Q1","perc","26.7"
"r_2","0","3","2004Q2","perc","29.6"
"r_2","0","3","2004Q3","perc","29.8"
"r_2","0","3","2004Q4","perc","27.8"
"r_2","0","3","2005Q1","perc","25.2"
"r_2","0","3","2005Q2","perc","28.1"
"r_2","0","3","2005Q3","perc","29.6"
"r_2","0","3","2005Q4","perc","27.7"
"r_2","0","3","2006Q1","perc","25.8"
"r_2","0","3","2006Q2","perc","28.9"
"r_2","0","3","2006Q3","perc","29.8"
"r_2","0","3","2006Q4","perc","26.6"
"r_2","0","3","2007Q1","perc","23.8"
"r_2","0","3","2007Q2","perc","27.3"
"r_2","0","3","2007Q3","perc","28.8"
"r_2","0","3","2007Q4","perc","25.7"
"r_2","0","3","2008Q1","perc","25.6"
"r_2","0","3","2008Q2","perc","28"
"r_2","0","3","2008Q3","perc","28.6"
"r_2","0","3","2008Q4","perc","26.5"
"r_2","0","3","2009Q1","perc","26.5"
"r_2","0","3","2009Q2","perc","28.1"
"r_2","0","3","2009Q3","perc","26.9"
"r_2","0","3","2009Q4","perc","25.7"
"r_2","0","3","2010Q1","perc","25.9"
"r_2","0","3","2010Q2","perc","27.6"
"r_2","0","3","2010Q3","perc","27.3"
"r_2","0","3","2010Q4","perc","25.9"
"r_2","0","3","2011Q1","perc","24.7"
"r_2","0","3","2011Q2","perc","25.4"
"r_2","0","3","2011Q3","perc","25.9"
"r_2","0","3","2011Q4","perc","25.4"
"r_2","0","3","2012Q1","perc","24.4"
"r_2","0","3","2012Q2","perc","25"
"r_2","0","3","2012Q3","perc","26.7"
"r_2","0","3","2012Q4","perc","25.8"
"r_2","0","3","2013Q1","perc","25"
"r_2","0","3","2013Q2","perc","26.4"
"r_2","0","3","2013Q3","perc","27.2"
"r_2","0","3","2013Q4","perc","26.7"
"r_2","0","3","2014Q1","perc","27.1"
"r_2","0","3","2014Q2","perc","27.7"
"r_2","0","3","2014Q3","perc","29.8"
"r_2","0","3","2014Q4","perc","27.5"
"r_2","0","3","2015Q1","perc","25.2"
"r_2","0","3","2015Q2","perc","27.2"
"r_2","0","3","2015Q3","perc","28.3"
"r_2","0","3","2015Q4","perc","25.8"
"r_2","0","4","2003Q1","perc","11.7"
"r_2","0","4","2003Q2","perc","14.6"
"r_2","0","4","2003Q3","perc","17"
"r_2","0","4","2003Q4","perc","13.8"
"r_2","0","4","2004Q1","perc","13.8"
"r_2","0","4","2004Q2","perc","16.5"
"r_2","0","4","2004Q3","perc","17.8"
"r_2","0","4","2004Q4","perc","15.6"
"r_2","0","4","2005Q1","perc","13.7"
"r_2","0","4","2005Q2","perc","16.1"
"r_2","0","4","2005Q3","perc","17.8"
"r_2","0","4","2005Q4","perc","16.1"
"r_2","0","4","2006Q1","perc","12.9"
"r_2","0","4","2006Q2","perc","13.7"
"r_2","0","4","2006Q3","perc","13.8"
"r_2","0","4","2006Q4","perc","12.5"
"r_2","0","4","2007Q1","perc","14.8"
"r_2","0","4","2007Q2","perc","15.4"
"r_2","0","4","2007Q3","perc","13.8"
"r_2","0","4","2007Q4","perc","14"
"r_2","0","4","2008Q1","perc","15.2"
"r_2","0","4","2008Q2","perc","17.5"
"r_2","0","4","2008Q3","perc","18.3"
"r_2","0","4","2008Q4","perc","17.1"
"r_2","0","4","2009Q1","perc","14.5"
"r_2","0","4","2009Q2","perc","16.2"
"r_2","0","4","2009Q3","perc","17.2"
"r_2","0","4","2009Q4","perc","14"
"r_2","0","4","2010Q1","perc","15.5"
"r_2","0","4","2010Q2","perc","16.5"
"r_2","0","4","2010Q3","perc","15.4"
"r_2","0","4","2010Q4","perc","16"
"r_2","0","4","2011Q1","perc","16.3"
"r_2","0","4","2011Q2","perc","17.8"
"r_2","0","4","2011Q3","perc","17.5"
"r_2","0","4","2011Q4","perc","16.2"
"r_2","0","4","2012Q1","perc","16.2"
"r_2","0","4","2012Q2","perc","18.7"
"r_2","0","4","2012Q3","perc","18.2"
"r_2","0","4","2012Q4","perc","16.8"
"r_2","0","4","2013Q1","perc","16.5"
"r_2","0","4","2013Q2","perc","18.8"
"r_2","0","4","2013Q3","perc","21.1"
"r_2","0","4","2013Q4","perc","19.1"
"r_2","0","4","2014Q1","perc","18.7"
"r_2","0","4","2014Q2","perc","19.1"
"r_2","0","4","2014Q3","perc","22.7"
"r_2","0","4","2014Q4","perc","18.9"
"r_2","0","4","2015Q1","perc","19.6"
"r_2","0","4","2015Q2","perc","20"
"r_2","0","4","2015Q3","perc","21.4"
"r_2","0","4","2015Q4","perc","19.4"
"r_2","15 - 64_gr","0","2003Q1","perc","59.5"
"r_2","15 - 64_gr","0","2003Q2","perc","61.6"
"r_2","15 - 64_gr","0","2003Q3","perc","62.2"
"r_2","15 - 64_gr","0","2003Q4","perc","60.2"
"r_2","15 - 64_gr","0","2004Q1","perc","59.7"
"r_2","15 - 64_gr","0","2004Q2","perc","62.8"
"r_2","15 - 64_gr","0","2004Q3","perc","63.1"
"r_2","15 - 64_gr","0","2004Q4","perc","61.4"
"r_2","15 - 64_gr","0","2005Q1","perc","59.9"
"r_2","15 - 64_gr","0","2005Q2","perc","62.5"
"r_2","15 - 64_gr","0","2005Q3","perc","63.8"
"r_2","15 - 64_gr","0","2005Q4","perc","62.2"
"r_2","15 - 64_gr","0","2006Q1","perc","61.5"
"r_2","15 - 64_gr","0","2006Q2","perc","65"
"r_2","15 - 64_gr","0","2006Q3","perc","66.2"
"r_2","15 - 64_gr","0","2006Q4","perc","65.3"
"r_2","15 - 64_gr","0","2007Q1","perc","64.9"
"r_2","15 - 64_gr","0","2007Q2","perc","66.1"
"r_2","15 - 64_gr","0","2007Q3","perc","67.2"
"r_2","15 - 64_gr","0","2007Q4","perc","67.1"
"r_2","15 - 64_gr","0","2008Q1","perc","67"
"r_2","15 - 64_gr","0","2008Q2","perc","67.9"
"r_2","15 - 64_gr","0","2008Q3","perc","68.5"
"r_2","15 - 64_gr","0","2008Q4","perc","67.8"
"r_2","15 - 64_gr","0","2009Q1","perc","66.9"
"r_2","15 - 64_gr","0","2009Q2","perc","67.6"
"r_2","15 - 64_gr","0","2009Q3","perc","67.7"
"r_2","15 - 64_gr","0","2009Q4","perc","66.5"
"r_2","15 - 64_gr","0","2010Q1","perc","65.7"
"r_2","15 - 64_gr","0","2010Q2","perc","67"
"r_2","15 - 64_gr","0","2010Q3","perc","67.3"
"r_2","15 - 64_gr","0","2010Q4","perc","66.8"
"r_2","15 - 64_gr","0","2011Q1","perc","65.2"
"r_2","15 - 64_gr","0","2011Q2","perc","65.5"
"r_2","15 - 64_gr","0","2011Q3","perc","66.7"
"r_2","15 - 64_gr","0","2011Q4","perc","66.2"
"r_2","15 - 64_gr","0","2012Q1","perc","65.4"
"r_2","15 - 64_gr","0","2012Q2","perc","66.6"
"r_2","15 - 64_gr","0","2012Q3","perc","68.6"
"r_2","15 - 64_gr","0","2012Q4","perc","67.9"
"r_2","15 - 64_gr","0","2013Q1","perc","67"
"r_2","15 - 64_gr","0","2013Q2","perc","68.4"
"r_2","15 - 64_gr","0","2013Q3","perc","69.6"
"r_2","15 - 64_gr","0","2013Q4","perc","68.6"
"r_2","15 - 64_gr","0","2014Q1","perc","68"
"r_2","15 - 64_gr","0","2014Q2","perc","68.8"
"r_2","15 - 64_gr","0","2014Q3","perc","70.4"
"r_2","15 - 64_gr","0","2014Q4","perc","68.8"
"r_2","15 - 64_gr","0","2015Q1","perc","68.3"
"r_2","15 - 64_gr","0","2015Q2","perc","69.4"
"r_2","15 - 64_gr","0","2015Q3","perc","70.4"
"r_2","15 - 64_gr","0","2015Q4","perc","69.2"
"r_2","15 - 64_gr","1","2003Q1","perc","82.7"
"r_2","15 - 64_gr","1","2003Q2","perc","82.9"
"r_2","15 - 64_gr","1","2003Q3","perc","83"
"r_2","15 - 64_gr","1","2003Q4","perc","82"
"r_2","15 - 64_gr","1","2004Q1","perc","82.6"
"r_2","15 - 64_gr","1","2004Q2","perc","84.1"
"r_2","15 - 64_gr","1","2004Q3","perc","83.5"
"r_2","15 - 64_gr","1","2004Q4","perc","83.7"
"r_2","15 - 64_gr","1","2005Q1","perc","83.7"
"r_2","15 - 64_gr","1","2005Q2","perc","84.4"
"r_2","15 - 64_gr","1","2005Q3","perc","83.8"
"r_2","15 - 64_gr","1","2005Q4","perc","83.6"
"r_2","15 - 64_gr","1","2006Q1","perc","84.6"
"r_2","15 - 64_gr","1","2006Q2","perc","86.3"
"r_2","15 - 64_gr","1","2006Q3","perc","85.8"
"r_2","15 - 64_gr","1","2006Q4","perc","85.5"
"r_2","15 - 64_gr","1","2007Q1","perc","87.1"
"r_2","15 - 64_gr","1","2007Q2","perc","86.7"
"r_2","15 - 64_gr","1","2007Q3","perc","85.8"
"r_2","15 - 64_gr","1","2007Q4","perc","87.1"
"r_2","15 - 64_gr","1","2008Q1","perc","87.5"
"r_2","15 - 64_gr","1","2008Q2","perc","88.1"
"r_2","15 - 64_gr","1","2008Q3","perc","88.3"
"r_2","15 - 64_gr","1","2008Q4","perc","88.4"
"r_2","15 - 64_gr","1","2009Q1","perc","87.8"
"r_2","15 - 64_gr","1","2009Q2","perc","88.8"
"r_2","15 - 64_gr","1","2009Q3","perc","88.3"
"r_2","15 - 64_gr","1","2009Q4","perc","87.5"
"r_2","15 - 64_gr","1","2010Q1","perc","86.6"
"r_2","15 - 64_gr","1","2010Q2","perc","87.3"
"r_2","15 - 64_gr","1","2010Q3","perc","86.5"
"r_2","15 - 64_gr","1","2010Q4","perc","86.4"
"r_2","15 - 64_gr","1","2011Q1","perc","85.6"
"r_2","15 - 64_gr","1","2011Q2","perc","86.2"
"r_2","15 - 64_gr","1","2011Q3","perc","85.8"
"r_2","15 - 64_gr","1","2011Q4","perc","84.8"
"r_2","15 - 64_gr","1","2012Q1","perc","85.1"
"r_2","15 - 64_gr","1","2012Q2","perc","86"
"r_2","15 - 64_gr","1","2012Q3","perc","87.1"
"r_2","15 - 64_gr","1","2012Q4","perc","86.6"
"r_2","15 - 64_gr","1","2013Q1","perc","85.9"
"r_2","15 - 64_gr","1","2013Q2","perc","86.7"
"r_2","15 - 64_gr","1","2013Q3","perc","86.4"
"r_2","15 - 64_gr","1","2013Q4","perc","85.9"
"r_2","15 - 64_gr","1","2014Q1","perc","85.7"
"r_2","15 - 64_gr","1","2014Q2","perc","86.1"
"r_2","15 - 64_gr","1","2014Q3","perc","86.6"
"r_2","15 - 64_gr","1","2014Q4","perc","86.2"
"r_2","15 - 64_gr","1","2015Q1","perc","87.2"
"r_2","15 - 64_gr","1","2015Q2","perc","87.7"
"r_2","15 - 64_gr","1","2015Q3","perc","87.6"
"r_2","15 - 64_gr","1","2015Q4","perc","87.5"
"r_2","15 - 64_gr","2","2003Q1","perc","69.6"
"r_2","15 - 64_gr","2","2003Q2","perc","71.6"
"r_2","15 - 64_gr","2","2003Q3","perc","70.9"
"r_2","15 - 64_gr","2","2003Q4","perc","69.8"
"r_2","15 - 64_gr","2","2004Q1","perc","69.5"
"r_2","15 - 64_gr","2","2004Q2","perc","72.4"
"r_2","15 - 64_gr","2","2004Q3","perc","72.2"
"r_2","15 - 64_gr","2","2004Q4","perc","70.7"
"r_2","15 - 64_gr","2","2005Q1","perc","69.9"
"r_2","15 - 64_gr","2","2005Q2","perc","72"
"r_2","15 - 64_gr","2","2005Q3","perc","72.7"
"r_2","15 - 64_gr","2","2005Q4","perc","71.8"
"r_2","15 - 64_gr","2","2006Q1","perc","71.6"
"r_2","15 - 64_gr","2","2006Q2","perc","74.7"
"r_2","15 - 64_gr","2","2006Q3","perc","74.7"
"r_2","15 - 64_gr","2","2006Q4","perc","74.4"
"r_2","15 - 64_gr","2","2007Q1","perc","73.8"
"r_2","15 - 64_gr","2","2007Q2","perc","74.6"
"r_2","15 - 64_gr","2","2007Q3","perc","75.3"
"r_2","15 - 64_gr","2","2007Q4","perc","76"
"r_2","15 - 64_gr","2","2008Q1","perc","76.3"
"r_2","15 - 64_gr","2","2008Q2","perc","76.2"
"r_2","15 - 64_gr","2","2008Q3","perc","76.2"
"r_2","15 - 64_gr","2","2008Q4","perc","76"
"r_2","15 - 64_gr","2","2009Q1","perc","75"
"r_2","15 - 64_gr","2","2009Q2","perc","74.7"
"r_2","15 - 64_gr","2","2009Q3","perc","74.8"
"r_2","15 - 64_gr","2","2009Q4","perc","73.9"
"r_2","15 - 64_gr","2","2010Q1","perc","71.8"
"r_2","15 - 64_gr","2","2010Q2","perc","72.5"
"r_2","15 - 64_gr","2","2010Q3","perc","72.8"
"r_2","15 - 64_gr","2","2010Q4","perc","72.3"
"r_2","15 - 64_gr","2","2011Q1","perc","70.5"
"r_2","15 - 64_gr","2","2011Q2","perc","70.5"
"r_2","15 - 64_gr","2","2011Q3","perc","71.6"
"r_2","15 - 64_gr","2","2011Q4","perc","71.5"
"r_2","15 - 64_gr","2","2012Q1","perc","70.7"
"r_2","15 - 64_gr","2","2012Q2","perc","71.9"
"r_2","15 - 64_gr","2","2012Q3","perc","72.9"
"r_2","15 - 64_gr","2","2012Q4","perc","71.6"
"r_2","15 - 64_gr","2","2013Q1","perc","71.6"
"r_2","15 - 64_gr","2","2013Q2","perc","72.6"
"r_2","15 - 64_gr","2","2013Q3","perc","73.5"
"r_2","15 - 64_gr","2","2013Q4","perc","72.7"
"r_2","15 - 64_gr","2","2014Q1","perc","72.4"
"r_2","15 - 64_gr","2","2014Q2","perc","73.3"
"r_2","15 - 64_gr","2","2014Q3","perc","73.8"
"r_2","15 - 64_gr","2","2014Q4","perc","72.4"
"r_2","15 - 64_gr","2","2015Q1","perc","72.5"
"r_2","15 - 64_gr","2","2015Q2","perc","73.8"
"r_2","15 - 64_gr","2","2015Q3","perc","74.1"
"r_2","15 - 64_gr","2","2015Q4","perc","73.1"
"r_2","15 - 64_gr","2_1","2003Q1","perc","74.6"
"r_2","15 - 64_gr","2_1","2003Q2","perc","76.4"
"r_2","15 - 64_gr","2_1","2003Q3","perc","76"
"r_2","15 - 64_gr","2_1","2003Q4","perc","74.8"
"r_2","15 - 64_gr","2_1","2004Q1","perc","74.6"
"r_2","15 - 64_gr","2_1","2004Q2","perc","76.9"
"r_2","15 - 64_gr","2_1","2004Q3","perc","76.9"
"r_2","15 - 64_gr","2_1","2004Q4","perc","76"
"r_2","15 - 64_gr","2_1","2005Q1","perc","74.8"
"r_2","15 - 64_gr","2_1","2005Q2","perc","76.9"
"r_2","15 - 64_gr","2_1","2005Q3","perc","78.2"
"r_2","15 - 64_gr","2_1","2005Q4","perc","76.5"
"r_2","15 - 64_gr","2_1","2006Q1","perc","75.8"
"r_2","15 - 64_gr","2_1","2006Q2","perc","79.6"
"r_2","15 - 64_gr","2_1","2006Q3","perc","79.6"
"r_2","15 - 64_gr","2_1","2006Q4","perc","79.7"
"r_2","15 - 64_gr","2_1","2007Q1","perc","79"
"r_2","15 - 64_gr","2_1","2007Q2","perc","79.9"
"r_2","15 - 64_gr","2_1","2007Q3","perc","81.2"
"r_2","15 - 64_gr","2_1","2007Q4","perc","81.2"
"r_2","15 - 64_gr","2_1","2008Q1","perc","81"
"r_2","15 - 64_gr","2_1","2008Q2","perc","81"
"r_2","15 - 64_gr","2_1","2008Q3","perc","81.3"
"r_2","15 - 64_gr","2_1","2008Q4","perc","81.1"
"r_2","15 - 64_gr","2_1","2009Q1","perc","79.7"
"r_2","15 - 64_gr","2_1","2009Q2","perc","79.1"
"r_2","15 - 64_gr","2_1","2009Q3","perc","79.6"
"r_2","15 - 64_gr","2_1","2009Q4","perc","78.7"
"r_2","15 - 64_gr","2_1","2010Q1","perc","76.6"
"r_2","15 - 64_gr","2_1","2010Q2","perc","77.9"
"r_2","15 - 64_gr","2_1","2010Q3","perc","78.2"
"r_2","15 - 64_gr","2_1","2010Q4","perc","77.7"
"r_2","15 - 64_gr","2_1","2011Q1","perc","76.1"
"r_2","15 - 64_gr","2_1","2011Q2","perc","76.6"
"r_2","15 - 64_gr","2_1","2011Q3","perc","77.4"
"r_2","15 - 64_gr","2_1","2011Q4","perc","76.2"
"r_2","15 - 64_gr","2_1","2012Q1","perc","76.2"
"r_2","15 - 64_gr","2_1","2012Q2","perc","78"
"r_2","15 - 64_gr","2_1","2012Q3","perc","77.9"
"r_2","15 - 64_gr","2_1","2012Q4","perc","76.6"
"r_2","15 - 64_gr","2_1","2013Q1","perc","77"
"r_2","15 - 64_gr","2_1","2013Q2","perc","78.6"
"r_2","15 - 64_gr","2_1","2013Q3","perc","78.8"
"r_2","15 - 64_gr","2_1","2013Q4","perc","77.9"
"r_2","15 - 64_gr","2_1","2014Q1","perc","78"
"r_2","15 - 64_gr","2_1","2014Q2","perc","78.9"
"r_2","15 - 64_gr","2_1","2014Q3","perc","78.9"
"r_2","15 - 64_gr","2_1","2014Q4","perc","77.4"
"r_2","15 - 64_gr","2_1","2015Q1","perc","78.1"
"r_2","15 - 64_gr","2_1","2015Q2","perc","79.1"
"r_2","15 - 64_gr","2_1","2015Q3","perc","79"
"r_2","15 - 64_gr","2_1","2015Q4","perc","78.7"
"r_2","15 - 64_gr","2_2","2003Q1","perc","59.6"
"r_2","15 - 64_gr","2_2","2003Q2","perc","62"
"r_2","15 - 64_gr","2_2","2003Q3","perc","60.3"
"r_2","15 - 64_gr","2_2","2003Q4","perc","59.1"
"r_2","15 - 64_gr","2_2","2004Q1","perc","59"
"r_2","15 - 64_gr","2_2","2004Q2","perc","63.1"
"r_2","15 - 64_gr","2_2","2004Q3","perc","62.7"
"r_2","15 - 64_gr","2_2","2004Q4","perc","59.7"
"r_2","15 - 64_gr","2_2","2005Q1","perc","59.1"
"r_2","15 - 64_gr","2_2","2005Q2","perc","61.6"
"r_2","15 - 64_gr","2_2","2005Q3","perc","61.6"
"r_2","15 - 64_gr","2_2","2005Q4","perc","61.7"
"r_2","15 - 64_gr","2_2","2006Q1","perc","62.5"
"r_2","15 - 64_gr","2_2","2006Q2","perc","64.4"
"r_2","15 - 64_gr","2_2","2006Q3","perc","65.4"
"r_2","15 - 64_gr","2_2","2006Q4","perc","65"
"r_2","15 - 64_gr","2_2","2007Q1","perc","64.2"
"r_2","15 - 64_gr","2_2","2007Q2","perc","64.8"
"r_2","15 - 64_gr","2_2","2007Q3","perc","64.8"
"r_2","15 - 64_gr","2_2","2007Q4","perc","66.8"
"r_2","15 - 64_gr","2_2","2008Q1","perc","67.7"
"r_2","15 - 64_gr","2_2","2008Q2","perc","67.6"
"r_2","15 - 64_gr","2_2","2008Q3","perc","67.5"
"r_2","15 - 64_gr","2_2","2008Q4","perc","67.4"
"r_2","15 - 64_gr","2_2","2009Q1","perc","66.7"
"r_2","15 - 64_gr","2_2","2009Q2","perc","66.7"
"r_2","15 - 64_gr","2_2","2009Q3","perc","66.5"
"r_2","15 - 64_gr","2_2","2009Q4","perc","65.7"
"r_2","15 - 64_gr","2_2","2010Q1","perc","63.8"
"r_2","15 - 64_gr","2_2","2010Q2","perc","63.8"
"r_2","15 - 64_gr","2_2","2010Q3","perc","64.3"
"r_2","15 - 64_gr","2_2","2010Q4","perc","63.5"
"r_2","15 - 64_gr","2_2","2011Q1","perc","61.2"
"r_2","15 - 64_gr","2_2","2011Q2","perc","61"
"r_2","15 - 64_gr","2_2","2011Q3","perc","62.6"
"r_2","15 - 64_gr","2_2","2011Q4","perc","64.2"
"r_2","15 - 64_gr","2_2","2012Q1","perc","62.6"
"r_2","15 - 64_gr","2_2","2012Q2","perc","63"
"r_2","15 - 64_gr","2_2","2012Q3","perc","64.9"
"r_2","15 - 64_gr","2_2","2012Q4","perc","64"
"r_2","15 - 64_gr","2_2","2013Q1","perc","63.6"
"r_2","15 - 64_gr","2_2","2013Q2","perc","63.5"
"r_2","15 - 64_gr","2_2","2013Q3","perc","65.3"
"r_2","15 - 64_gr","2_2","2013Q4","perc","64.6"
"r_2","15 - 64_gr","2_2","2014Q1","perc","63.9"
"r_2","15 - 64_gr","2_2","2014Q2","perc","64.8"
"r_2","15 - 64_gr","2_2","2014Q3","perc","66.1"
"r_2","15 - 64_gr","2_2","2014Q4","perc","65"
"r_2","15 - 64_gr","2_2","2015Q1","perc","64.5"
"r_2","15 - 64_gr","2_2","2015Q2","perc","66.3"
"r_2","15 - 64_gr","2_2","2015Q3","perc","66.9"
"r_2","15 - 64_gr","2_2","2015Q4","perc","65.2"
"r_2","15 - 64_gr","3","2003Q1","perc","36"
"r_2","15 - 64_gr","3","2003Q2","perc","39.2"
"r_2","15 - 64_gr","3","2003Q3","perc","40"
"r_2","15 - 64_gr","3","2003Q4","perc","37.3"
"r_2","15 - 64_gr","3","2004Q1","perc","35.8"
"r_2","15 - 64_gr","3","2004Q2","perc","40"
"r_2","15 - 64_gr","3","2004Q3","perc","40.3"
"r_2","15 - 64_gr","3","2004Q4","perc","37.6"
"r_2","15 - 64_gr","3","2005Q1","perc","34.4"
"r_2","15 - 64_gr","3","2005Q2","perc","38.7"
"r_2","15 - 64_gr","3","2005Q3","perc","40.7"
"r_2","15 - 64_gr","3","2005Q4","perc","38.2"
"r_2","15 - 64_gr","3","2006Q1","perc","35.9"
"r_2","15 - 64_gr","3","2006Q2","perc","40.5"
"r_2","15 - 64_gr","3","2006Q3","perc","42.2"
"r_2","15 - 64_gr","3","2006Q4","perc","38.2"
"r_2","15 - 64_gr","3","2007Q1","perc","34.7"
"r_2","15 - 64_gr","3","2007Q2","perc","39.2"
"r_2","15 - 64_gr","3","2007Q3","perc","41.5"
"r_2","15 - 64_gr","3","2007Q4","perc","37.6"
"r_2","15 - 64_gr","3","2008Q1","perc","36.9"
"r_2","15 - 64_gr","3","2008Q2","perc","40.3"
"r_2","15 - 64_gr","3","2008Q3","perc","41.8"
"r_2","15 - 64_gr","3","2008Q4","perc","39"
"r_2","15 - 64_gr","3","2009Q1","perc","38.7"
"r_2","15 - 64_gr","3","2009Q2","perc","41.4"
"r_2","15 - 64_gr","3","2009Q3","perc","40.3"
"r_2","15 - 64_gr","3","2009Q4","perc","38.4"
"r_2","15 - 64_gr","3","2010Q1","perc","38.3"
"r_2","15 - 64_gr","3","2010Q2","perc","41.2"
"r_2","15 - 64_gr","3","2010Q3","perc","41.1"
"r_2","15 - 64_gr","3","2010Q4","perc","38.7"
"r_2","15 - 64_gr","3","2011Q1","perc","37.5"
"r_2","15 - 64_gr","3","2011Q2","perc","38.4"
"r_2","15 - 64_gr","3","2011Q3","perc","39.6"
"r_2","15 - 64_gr","3","2011Q4","perc","38.9"
"r_2","15 - 64_gr","3","2012Q1","perc","37.4"
"r_2","15 - 64_gr","3","2012Q2","perc","38.4"
"r_2","15 - 64_gr","3","2012Q3","perc","41.9"
"r_2","15 - 64_gr","3","2012Q4","perc","40.7"
"r_2","15 - 64_gr","3","2013Q1","perc","39"
"r_2","15 - 64_gr","3","2013Q2","perc","41.4"
"r_2","15 - 64_gr","3","2013Q3","perc","42.9"
"r_2","15 - 64_gr","3","2013Q4","perc","41.7"
"r_2","15 - 64_gr","3","2014Q1","perc","41.8"
"r_2","15 - 64_gr","3","2014Q2","perc","43"
"r_2","15 - 64_gr","3","2014Q3","perc","46.4"
"r_2","15 - 64_gr","3","2014Q4","perc","42.8"
"r_2","15 - 64_gr","3","2015Q1","perc","39"
"r_2","15 - 64_gr","3","2015Q2","perc","41.8"
"r_2","15 - 64_gr","3","2015Q3","perc","44.3"
"r_2","15 - 64_gr","3","2015Q4","perc","40.4"
"r_2","15 - 64_gr","4","2003Q1","perc","23.1"
"r_2","15 - 64_gr","4","2003Q2","perc","27.2"
"r_2","15 - 64_gr","4","2003Q3","perc","32.9"
"r_2","15 - 64_gr","4","2003Q4","perc","26.8"
"r_2","15 - 64_gr","4","2004Q1","perc","26.6"
"r_2","15 - 64_gr","4","2004Q2","perc","31.5"
"r_2","15 - 64_gr","4","2004Q3","perc","34.4"
"r_2","15 - 64_gr","4","2004Q4","perc","29.9"
"r_2","15 - 64_gr","4","2005Q1","perc","25.6"
"r_2","15 - 64_gr","4","2005Q2","perc","30.3"
"r_2","15 - 64_gr","4","2005Q3","perc","35.1"
"r_2","15 - 64_gr","4","2005Q4","perc","31.1"
"r_2","15 - 64_gr","4","2006Q1","perc","24.8"
"r_2","15 - 64_gr","4","2006Q2","perc","26.5"
"r_2","15 - 64_gr","4","2006Q3","perc","29.8"
"r_2","15 - 64_gr","4","2006Q4","perc","29.2"
"r_2","15 - 64_gr","4","2007Q1","perc","32.3"
"r_2","15 - 64_gr","4","2007Q2","perc","32.4"
"r_2","15 - 64_gr","4","2007Q3","perc","31.6"
"r_2","15 - 64_gr","4","2007Q4","perc","32.8"
"r_2","15 - 64_gr","4","2008Q1","perc","31.6"
"r_2","15 - 64_gr","4","2008Q2","perc","34.1"
"r_2","15 - 64_gr","4","2008Q3","perc","37"
"r_2","15 - 64_gr","4","2008Q4","perc","35.6"
"r_2","15 - 64_gr","4","2009Q1","perc","30.2"
"r_2","15 - 64_gr","4","2009Q2","perc","31.9"
"r_2","15 - 64_gr","4","2009Q3","perc","34.3"
"r_2","15 - 64_gr","4","2009Q4","perc","28.9"
"r_2","15 - 64_gr","4","2010Q1","perc","30.9"
"r_2","15 - 64_gr","4","2010Q2","perc","32.6"
"r_2","15 - 64_gr","4","2010Q3","perc","31.6"
"r_2","15 - 64_gr","4","2010Q4","perc","34.1"
"r_2","15 - 64_gr","4","2011Q1","perc","30.9"
"r_2","15 - 64_gr","4","2011Q2","perc","32.7"
"r_2","15 - 64_gr","4","2011Q3","perc","34.4"
"r_2","15 - 64_gr","4","2011Q4","perc","31.6"
"r_2","15 - 64_gr","4","2012Q1","perc","30.8"
"r_2","15 - 64_gr","4","2012Q2","perc","34.6"
"r_2","15 - 64_gr","4","2012Q3","perc","33.7"
"r_2","15 - 64_gr","4","2012Q4","perc","31.4"
"r_2","15 - 64_gr","4","2013Q1","perc","30"
"r_2","15 - 64_gr","4","2013Q2","perc","33.7"
"r_2","15 - 64_gr","4","2013Q3","perc","37.5"
"r_2","15 - 64_gr","4","2013Q4","perc","33.1"
"r_2","15 - 64_gr","4","2014Q1","perc","31.8"
"r_2","15 - 64_gr","4","2014Q2","perc","31.5"
"r_2","15 - 64_gr","4","2014Q3","perc","38.2"
"r_2","15 - 64_gr","4","2014Q4","perc","32.5"
"r_2","15 - 64_gr","4","2015Q1","perc","33"
"r_2","15 - 64_gr","4","2015Q2","perc","32.1"
"r_2","15 - 64_gr","4","2015Q3","perc","34.4"
"r_2","15 - 64_gr","4","2015Q4","perc","31.6"
"r_3","0","0","2016Q1","perc","53.1"
"r_3","0","1","2016Q1","perc","73.6"
"r_3","0","2","2016Q1","perc","59.7"
"r_3","0","2_1","2016Q1","perc","66.2"
"r_3","0","2_2","2016Q1","perc","51.4"
"r_3","0","3","2016Q1","perc","24.6"
"r_3","0","4","2016Q1","perc","19.4"
"r_3","15 - 64_gr","0","2016Q1","perc","68.3"
"r_3","15 - 64_gr","1","2016Q1","perc","87.3"
"r_3","15 - 64_gr","2","2016Q1","perc","72.4"
"r_3","15 - 64_gr","2_1","2016Q1","perc","78.3"
"r_3","15 - 64_gr","2_2","2016Q1","perc","64.5"
"r_3","15 - 64_gr","3","2016Q1","perc","38.6"
"r_3","15 - 64_gr","4","2016Q1","perc","30.3"
"r_4","0","0","2016Q2","perc","53.8"
"r_4","0","1","2016Q2","perc","73.8"
"r_4","0","2","2016Q2","perc","60.2"
"r_4","0","2_1","2016Q2","perc","66.5"
"r_4","0","2_2","2016Q2","perc","52.2"
"r_4","0","3","2016Q2","perc","26.7"
"r_4","0","4","2016Q2","perc","22.5"
"r_4","15 - 64_gr","0","2016Q2","perc","69.4"
"r_4","15 - 64_gr","1","2016Q2","perc","87.2"
"r_4","15 - 64_gr","2","2016Q2","perc","73.6"
"r_4","15 - 64_gr","2_1","2016Q2","perc","79.3"
"r_4","15 - 64_gr","2_2","2016Q2","perc","65.9"
"r_4","15 - 64_gr","3","2016Q2","perc","41.7"
"r_4","15 - 64_gr","4","2016Q2","perc","34.3"
"r_5","0","0","2016Q3","perc","53.6"
"r_5","0","1","2016Q3","perc","74.1"
"r_5","0","2","2016Q3","perc","59.4"
"r_5","0","2_1","2016Q3","perc","65.6"
"r_5","0","2_2","2016Q3","perc","51.5"
"r_5","0","3","2016Q3","perc","26.4"
"r_5","0","4","2016Q3","perc","20.1"
"r_5","15 - 64_gr","0","2016Q3","perc","69.1"
"r_5","15 - 64_gr","1","2016Q3","perc","87.2"
"r_5","15 - 64_gr","2","2016Q3","perc","72.8"
"r_5","15 - 64_gr","2_1","2016Q3","perc","78.5"
"r_5","15 - 64_gr","2_2","2016Q3","perc","65.1"
"r_5","15 - 64_gr","3","2016Q3","perc","41.5"
"r_5","15 - 64_gr","4","2016Q3","perc","31.3"
"r_6","0","0","2016Q4","perc","52.7"
"r_6","0","1","2016Q4","perc","73.4"
"r_6","0","2","2016Q4","perc","59.2"
"r_6","0","2_1","2016Q4","perc","65.9"
"r_6","0","2_2","2016Q4","perc","50.6"
"r_6","0","3","2016Q4","perc","23.7"
"r_6","0","4","2016Q4","perc","18.9"
"r_6","15 - 64_gr","0","2016Q4","perc","68"
"r_6","15 - 64_gr","1","2016Q4","perc","86.9"
"r_6","15 - 64_gr","2","2016Q4","perc","72.2"
"r_6","15 - 64_gr","2_1","2016Q4","perc","78.2"
"r_6","15 - 64_gr","2_2","2016Q4","perc","64.1"
"r_6","15 - 64_gr","3","2016Q4","perc","37.4"
"r_6","15 - 64_gr","4","2016Q4","perc","28.7"
"r_7","0","0","2017Q1","perc","53.7"
"r_7","0","1","2017Q1","perc","73.4"
"r_7","0","2","2017Q1","perc","60.5"
"r_7","0","2_1","2017Q1","perc","67.1"
"r_7","0","2_2","2017Q1","perc","52.4"
"r_7","0","3","2017Q1","perc","24.8"
"r_7","0","4","2017Q1","perc","20.6"
"r_7","15 - 64_gr","0","2017Q1","perc","69.2"
"r_7","15 - 64_gr","1","2017Q1","perc","87.1"
"r_7","15 - 64_gr","2","2017Q1","perc","73.9"
"r_7","15 - 64_gr","2_1","2017Q1","perc","79.7"
"r_7","15 - 64_gr","2_2","2017Q1","perc","66.3"
"r_7","15 - 64_gr","3","2017Q1","perc","39.1"
"r_7","15 - 64_gr","4","2017Q1","perc","30.5"
"r_8","0","0","2017Q2","perc","55.8"
"r_8","0","1","2017Q2","perc","74.8"
"r_8","0","2","2017Q2","perc","62.1"
"r_8","0","2_1","2017Q2","perc","68.1"
"r_8","0","2_2","2017Q2","perc","55.1"
"r_8","0","3","2017Q2","perc","27.9"
"r_8","0","4","2017Q2","perc","24.8"
"r_8","15 - 64_gr","0","2017Q2","perc","71.8"
"r_8","15 - 64_gr","1","2017Q2","perc","88.2"
"r_8","15 - 64_gr","2","2017Q2","perc","76.3"
"r_8","15 - 64_gr","2_1","2017Q2","perc","81.3"
"r_8","15 - 64_gr","2_2","2017Q2","perc","70.1"
"r_8","15 - 64_gr","3","2017Q2","perc","43.7"
"r_8","15 - 64_gr","4","2017Q2","perc","36.3"
"r_9","0","0","2017Q3","perc","56.5"
"r_9","0","1","2017Q3","perc","75.6"
"r_9","0","2","2017Q3","perc","62.5"
"r_9","0","2_1","2017Q3","perc","68.7"
"r_9","0","2_2","2017Q3","perc","55"
"r_9","0","3","2017Q3","perc","28.5"
"r_9","0","4","2017Q3","perc","25"
"r_9","15 - 64_gr","0","2017Q3","perc","72.8"
"r_9","15 - 64_gr","1","2017Q3","perc","89.3"
"r_9","15 - 64_gr","2","2017Q3","perc","76.8"
"r_9","15 - 64_gr","2_1","2017Q3","perc","82.2"
"r_9","15 - 64_gr","2_2","2017Q3","perc","70.1"
"r_9","15 - 64_gr","3","2017Q3","perc","44.2"
"r_9","15 - 64_gr","4","2017Q3","perc","38"
"r_10","0","0","2017Q4","perc","55.5"
"r_10","0","1","2017Q4","perc","74.3"
"r_10","0","2","2017Q4","perc","61.5"
"r_10","0","2_1","2017Q4","perc","68.3"
"r_10","0","2_2","2017Q4","perc","53.7"
"r_10","0","3","2017Q4","perc","26.6"
"r_10","0","4","2017Q4","perc","23.7"
"r_10","15 - 64_gr","0","2017Q4","perc","71.6"
"r_10","15 - 64_gr","1","2017Q4","perc","88.1"
"r_10","15 - 64_gr","2","2017Q4","perc","75.8"
"r_10","15 - 64_gr","2_1","2017Q4","perc","81.6"
"r_10","15 - 64_gr","2_2","2017Q4","perc","68.6"
"r_10","15 - 64_gr","3","2017Q4","perc","41.7"
"r_10","15 - 64_gr","4","2017Q4","perc","36.4"
"r_11","0","0","2018Q1","perc","54.6"
"r_11","0","1","2018Q1","perc","73.9"
"r_11","0","2","2018Q1","perc","60.8"
"r_11","0","2_1","2018Q1","perc","67.6"
"r_11","0","2_2","2018Q1","perc","53"
"r_11","0","3","2018Q1","perc","25.9"
"r_11","0","4","2018Q1","perc","22.8"
"r_11","15 - 64_gr","0","2018Q1","perc","70.6"
"r_11","15 - 64_gr","1","2018Q1","perc","87.4"
"r_11","15 - 64_gr","2","2018Q1","perc","75.2"
"r_11","15 - 64_gr","2_1","2018Q1","perc","81.6"
"r_11","15 - 64_gr","2_2","2018Q1","perc","67.5"
"r_11","15 - 64_gr","3","2018Q1","perc","40.6"
"r_11","15 - 64_gr","4","2018Q1","perc","34"
"r_12","0","0","2018Q2","perc","55.5"
"r_12","0","1","2018Q2","perc","74.5"
"r_12","0","2","2018Q2","perc","61.3"
"r_12","0","2_1","2018Q2","perc","67.9"
"r_12","0","2_2","2018Q2","perc","54"
"r_12","0","3","2018Q2","perc","28"
"r_12","0","4","2018Q2","perc","23.2"
"r_12","15 - 64_gr","0","2018Q2","perc","71.8"
"r_12","15 - 64_gr","1","2018Q2","perc","88"
"r_12","15 - 64_gr","2","2018Q2","perc","76.2"
"r_12","15 - 64_gr","2_1","2018Q2","perc","82.7"
"r_12","15 - 64_gr","2_2","2018Q2","perc","68.9"
"r_12","15 - 64_gr","3","2018Q2","perc","43.8"
"r_12","15 - 64_gr","4","2018Q2","perc","34.1"
"r_13","0","0","2018Q3","perc","56.1"
"r_13","0","1","2018Q3","perc","74.7"
"r_13","0","2","2018Q3","perc","61.6"
"r_13","0","2_1","2018Q3","perc","68.2"
"r_13","0","2_2","2018Q3","perc","54.4"
"r_13","0","3","2018Q3","perc","29.1"
"r_13","0","4","2018Q3","perc","27.8"
"r_13","15 - 64_gr","0","2018Q3","perc","72.5"
"r_13","15 - 64_gr","1","2018Q3","perc","88.7"
"r_13","15 - 64_gr","2","2018Q3","perc","76.6"
"r_13","15 - 64_gr","2_1","2018Q3","perc","83"
"r_13","15 - 64_gr","2_2","2018Q3","perc","69.2"
"r_13","15 - 64_gr","3","2018Q3","perc","44.7"
"r_13","15 - 64_gr","4","2018Q3","perc","40.4"
"r_14","0","0","2018Q4","perc","55"
"r_14","0","1","2018Q4","perc","74.1"
"r_14","0","2","2018Q4","perc","60.9"
"r_14","0","2_1","2018Q4","perc","67.5"
"r_14","0","2_2","2018Q4","perc","53.6"
"r_14","0","3","2018Q4","perc","26.6"
"r_14","0","4","2018Q4","perc","25.6"
"r_14","15 - 64_gr","0","2018Q4","perc","71.1"
"r_14","15 - 64_gr","1","2018Q4","perc","88.6"
"r_14","15 - 64_gr","2","2018Q4","perc","75.6"
"r_14","15 - 64_gr","2_1","2018Q4","perc","82.7"
"r_14","15 - 64_gr","2_2","2018Q4","perc","67.6"
"r_14","15 - 64_gr","3","2018Q4","perc","40.9"
"r_14","15 - 64_gr","4","2018Q4","perc","36.8"
"r_15","0","0","2019Q1","perc","55.5"
"r_15","0","1","2019Q1","perc","74.9"
"r_15","0","2","2019Q1","perc","60.8"
"r_15","0","2_1","2019Q1","perc","67.6"
"r_15","0","2_2","2019Q1","perc","53.3"
"r_15","0","3","2019Q1","perc","27.7"
"r_15","0","4","2019Q1","perc","26.3"
"r_15","15 - 64_gr","0","2019Q1","perc","71.9"
"r_15","15 - 64_gr","1","2019Q1","perc","89.8"
"r_15","15 - 64_gr","2","2019Q1","perc","75.7"
"r_15","15 - 64_gr","2_1","2019Q1","perc","82.9"
"r_15","15 - 64_gr","2_2","2019Q1","perc","67.7"
"r_15","15 - 64_gr","3","2019Q1","perc","42.6"
"r_15","15 - 64_gr","4","2019Q1","perc","38.8"
"r_16","0","0","2019Q2","perc","57"
"r_16","0","1","2019Q2","perc","76.5"
"r_16","0","2","2019Q2","perc","62.2"
"r_16","0","2_1","2019Q2","perc","68.1"
"r_16","0","2_2","2019Q2","perc","55.6"
"r_16","0","3","2019Q2","perc","30.7"
"r_16","0","4","2019Q2","perc","26.2"
"r_16","15 - 64_gr","0","2019Q2","perc","73.8"
"r_16","15 - 64_gr","1","2019Q2","perc","91.1"
"r_16","15 - 64_gr","2","2019Q2","perc","77.8"
"r_16","15 - 64_gr","2_1","2019Q2","perc","83.7"
"r_16","15 - 64_gr","2_2","2019Q2","perc","71"
"r_16","15 - 64_gr","3","2019Q2","perc","46.2"
"r_16","15 - 64_gr","4","2019Q2","perc","38.9"
"r_17","0","0","2019Q3","perc","57.4"
"r_17","0","1","2019Q3","perc","76.2"
"r_17","0","2","2019Q3","perc","62.5"
"r_17","0","2_1","2019Q3","perc","68.2"
"r_17","0","2_2","2019Q3","perc","56"
"r_17","0","3","2019Q3","perc","31"
"r_17","0","4","2019Q3","perc","29.6"
"r_17","15 - 64_gr","0","2019Q3","perc","74.2"
"r_17","15 - 64_gr","1","2019Q3","perc","90.3"
"r_17","15 - 64_gr","2","2019Q3","perc","78"
"r_17","15 - 64_gr","2_1","2019Q3","perc","83.4"
"r_17","15 - 64_gr","2_2","2019Q3","perc","71.5"
"r_17","15 - 64_gr","3","2019Q3","perc","46.9"
"r_17","15 - 64_gr","4","2019Q3","perc","45"
"r_18","0","0","2019Q4","perc","56.4"
"r_18","0","1","2019Q4","perc","75.3"
"r_18","0","2","2019Q4","perc","61.8"
"r_18","0","2_1","2019Q4","perc","68.1"
"r_18","0","2_2","2019Q4","perc","54.6"
"r_18","0","3","2019Q4","perc","28.9"
"r_18","0","4","2019Q4","perc","29.4"
"r_18","15 - 64_gr","0","2019Q4","perc","73"
"r_18","15 - 64_gr","1","2019Q4","perc","89.8"
"r_18","15 - 64_gr","2","2019Q4","perc","77.4"
"r_18","15 - 64_gr","2_1","2019Q4","perc","83.7"
"r_18","15 - 64_gr","2_2","2019Q4","perc","69.9"
"r_18","15 - 64_gr","3","2019Q4","perc","44"
"r_18","15 - 64_gr","4","2019Q4","perc","42.3"
"r_19","0","0","2020Q1","perc","55"
"r_19","0","1","2020Q1","perc","74.5"
"r_19","0","2","2020Q1","perc","60.3"
"r_19","0","2_1","2020Q1","perc","67"
"r_19","0","2_2","2020Q1","perc","52.8"
"r_19","0","3","2020Q1","perc","27"
"r_19","0","4","2020Q1","perc","27"
"r_19","15 - 64_gr","0","2020Q1","perc","71.4"
"r_19","15 - 64_gr","1","2020Q1","perc","90.2"
"r_19","15 - 64_gr","2","2020Q1","perc","76.3"
"r_19","15 - 64_gr","2_1","2020Q1","perc","83.2"
"r_19","15 - 64_gr","2_2","2020Q1","perc","68.3"
"r_19","15 - 64_gr","3","2020Q1","perc","40.1"
"r_19","15 - 64_gr","4","2020Q1","perc","37.3"
"r_20","0","0","2020Q2","perc","55.2"
"r_20","0","1","2020Q2","perc","74.3"
"r_20","0","2","2020Q2","perc","60"
"r_20","0","2_1","2020Q2","perc","65.4"
"r_20","0","2_2","2020Q2","perc","53.9"
"r_20","0","3","2020Q2","perc","26.6"
"r_20","0","4","2020Q2","perc","25.5"
"r_20","15 - 64_gr","0","2020Q2","perc","71.7"
"r_20","15 - 64_gr","1","2020Q2","perc","89"
"r_20","15 - 64_gr","2","2020Q2","perc","75.9"
"r_20","15 - 64_gr","2_1","2020Q2","perc","81"
"r_20","15 - 64_gr","2_2","2020Q2","perc","69.9"
"r_20","15 - 64_gr","3","2020Q2","perc","39.9"
"r_20","15 - 64_gr","4","2020Q2","perc","37.9"
"r_21","0","0","2020Q3","perc","56.2"
"r_21","0","1","2020Q3","perc","75.4"
"r_21","0","2","2020Q3","perc","60.4"
"r_21","0","2_1","2020Q3","perc","66.3"
"r_21","0","2_2","2020Q3","perc","53.9"
"r_21","0","3","2020Q3","perc","28.8"
"r_21","0","4","2020Q3","perc","29.7"
"r_21","15 - 64_gr","0","2020Q3","perc","73.2"
"r_21","15 - 64_gr","1","2020Q3","perc","89.7"
"r_21","15 - 64_gr","2","2020Q3","perc","76.4"
"r_21","15 - 64_gr","2_1","2020Q3","perc","82.5"
"r_21","15 - 64_gr","2_2","2020Q3","perc","69.6"
"r_21","15 - 64_gr","3","2020Q3","perc","44.2"
"r_21","15 - 64_gr","4","2020Q3","perc","44.7"
"r_22","0","0","2020Q4","perc","55.8"
"r_22","0","1","2020Q4","perc","76.1"
"r_22","0","2","2020Q4","perc","60.6"
"r_22","0","2_1","2020Q4","perc","67.2"
"r_22","0","2_2","2020Q4","perc","53.2"
"r_22","0","3","2020Q4","perc","27.3"
"r_22","0","4","2020Q4","perc","25.1"
"r_22","15 - 64_gr","0","2020Q4","perc","72.7"
"r_22","15 - 64_gr","1","2020Q4","perc","90.5"
"r_22","15 - 64_gr","2","2020Q4","perc","76.9"
"r_22","15 - 64_gr","2_1","2020Q4","perc","83.8"
"r_22","15 - 64_gr","2_2","2020Q4","perc","68.9"
"r_22","15 - 64_gr","3","2020Q4","perc","41.5"
"r_22","15 - 64_gr","4","2020Q4","perc","37.2"
"r_32","0","0","2023Q1","perc","."
"r_32","0","1","2023Q1","perc","."
"r_32","0","2","2023Q1","perc","."
"r_32","0","2_1","2023Q1","perc","."
"r_32","0","2_2","2023Q1","perc","."
"r_32","0","3","2023Q1","perc","."
"r_32","0","4","2023Q1","perc","."
"r_32","15 - 64_gr","0","2023Q1","perc","73.7"
"r_32","15 - 64_gr","1","2023Q1","perc","91.9"
"r_32","15 - 64_gr","2","2023Q1","perc","76.3"
"r_32","15 - 64_gr","2_1","2023Q1","perc","83.2"
"r_32","15 - 64_gr","2_2","2023Q1","perc","69"
"r_32","15 - 64_gr","3","2023Q1","perc","40.7"
"r_32","15 - 64_gr","4","2023Q1","perc","34.4"
"r_33","0","0","2023Q2","perc","."
"r_33","0","1","2023Q2","perc","."
"r_33","0","2","2023Q2","perc","."
"r_33","0","2_1","2023Q2","perc","."
"r_33","0","2_2","2023Q2","perc","."
"r_33","0","3","2023Q2","perc","."
"r_33","0","4","2023Q2","perc","."
"r_33","15 - 64_gr","0","2023Q2","perc","73.7"
"r_33","15 - 64_gr","1","2023Q2","perc","92.2"
"r_33","15 - 64_gr","2","2023Q2","perc","75.9"
"r_33","15 - 64_gr","2_1","2023Q2","perc","82.9"
"r_33","15 - 64_gr","2_2","2023Q2","perc","68.3"
"r_33","15 - 64_gr","3","2023Q2","perc","41.7"
"r_33","15 - 64_gr","4","2023Q2","perc","37.3"
"r_34","0","0","2023Q3","perc","."
"r_34","0","1","2023Q3","perc","."
"r_34","0","2","2023Q3","perc","."
"r_34","0","2_1","2023Q3","perc","."
"r_34","0","2_2","2023Q3","perc","."
"r_34","0","3","2023Q3","perc","."
"r_34","0","4","2023Q3","perc","."
"r_34","15 - 64_gr","0","2023Q3","perc","74.6"
"r_34","15 - 64_gr","1","2023Q3","perc","92"
"r_34","15 - 64_gr","2","2023Q3","perc","76.4"
"r_34","15 - 64_gr","2_1","2023Q3","perc","83.2"
"r_34","15 - 64_gr","2_2","2023Q3","perc","68.9"
"r_34","15 - 64_gr","3","2023Q3","perc","45.2"
"r_34","15 - 64_gr","4","2023Q3","perc","41"
"r_35","0","0","2022Q1","perc","."
"r_35","0","1","2022Q1","perc","."
"r_35","0","2","2022Q1","perc","."
"r_35","0","2_1","2022Q1","perc","."
"r_35","0","2_2","2022Q1","perc","."
"r_35","0","3","2022Q1","perc","."
"r_35","0","4","2022Q1","perc","."
"r_35","15 - 64_gr","0","2022Q1","perc","72.3"
"r_35","15 - 64_gr","1","2022Q1","perc","90.6"
"r_35","15 - 64_gr","2","2022Q1","perc","75.3"
"r_35","15 - 64_gr","2_1","2022Q1","perc","82.5"
"r_35","15 - 64_gr","2_2","2022Q1","perc","67.8"
"r_35","15 - 64_gr","3","2022Q1","perc","41.4"
"r_35","15 - 64_gr","4","2022Q1","perc","31.4"
"r_36","0","0","2022Q2","perc","."
"r_36","0","1","2022Q2","perc","."
"r_36","0","2","2022Q2","perc","."
"r_36","0","2_1","2022Q2","perc","."
"r_36","0","2_2","2022Q2","perc","."
"r_36","0","3","2022Q2","perc","."
"r_36","0","4","2022Q2","perc","."
"r_36","15 - 64_gr","0","2022Q2","perc","73.4"
"r_36","15 - 64_gr","1","2022Q2","perc","91.1"
"r_36","15 - 64_gr","2","2022Q2","perc","76.2"
"r_36","15 - 64_gr","2_1","2022Q2","perc","82.9"
"r_36","15 - 64_gr","2_2","2022Q2","perc","69"
"r_36","15 - 64_gr","3","2022Q2","perc","42.9"
"r_36","15 - 64_gr","4","2022Q2","perc","34.3"
"r_37","0","0","2022Q3","perc","."
"r_37","0","1","2022Q3","perc","."
"r_37","0","2","2022Q3","perc","."
"r_37","0","2_1","2022Q3","perc","."
"r_37","0","2_2","2022Q3","perc","."
"r_37","0","3","2022Q3","perc","."
"r_37","0","4","2022Q3","perc","."
"r_37","15 - 64_gr","0","2022Q3","perc","74.8"
"r_37","15 - 64_gr","1","2022Q3","perc","91.9"
"r_37","15 - 64_gr","2","2022Q3","perc","77.6"
"r_37","15 - 64_gr","2_1","2022Q3","perc","83.5"
"r_37","15 - 64_gr","2_2","2022Q3","perc","71"
"r_37","15 - 64_gr","3","2022Q3","perc","45.7"
"r_37","15 - 64_gr","4","2022Q3","perc","38.2"
"r_38","0","0","2022Q4","perc","."
"r_38","0","1","2022Q4","perc","."
"r_38","0","2","2022Q4","perc","."
"r_38","0","2_1","2022Q4","perc","."
"r_38","0","2_2","2022Q4","perc","."
"r_38","0","3","2022Q4","perc","."
"r_38","0","4","2022Q4","perc","."
"r_38","15 - 64_gr","0","2022Q4","perc","74.5"
"r_38","15 - 64_gr","1","2022Q4","perc","91.6"
"r_38","15 - 64_gr","2","2022Q4","perc","77.2"
"r_38","15 - 64_gr","2_1","2022Q4","perc","83.5"
"r_38","15 - 64_gr","2_2","2022Q4","perc","70.5"
"r_38","15 - 64_gr","3","2022Q4","perc","45.2"
"r_38","15 - 64_gr","4","2022Q4","perc","34.1"
"r_39","0","0","2023Q4","perc","."
"r_39","0","1","2023Q4","perc","."
"r_39","0","2","2023Q4","perc","."
"r_39","0","2_1","2023Q4","perc","."
"r_39","0","2_2","2023Q4","perc","."
"r_39","0","3","2023Q4","perc","."
"r_39","0","4","2023Q4","perc","."
"r_39","15 - 64_gr","0","2023Q4","perc","73.7"
"r_39","15 - 64_gr","1","2023Q4","perc","91.9"
"r_39","15 - 64_gr","2","2023Q4","perc","75.9"
"r_39","15 - 64_gr","2_1","2023Q4","perc","81.8"
"r_39","15 - 64_gr","2_2","2023Q4","perc","69.5"
"r_39","15 - 64_gr","3","2023Q4","perc","42.5"
"r_39","15 - 64_gr","4","2023Q4","perc","37.8"
"r_40","0","0","2024Q1","perc","."
"r_40","0","1","2024Q1","perc","."
"r_40","0","2","2024Q1","perc","."
"r_40","0","2_1","2024Q1","perc","."
"r_40","0","2_2","2024Q1","perc","."
"r_40","0","3","2024Q1","perc","."
"r_40","0","4","2024Q1","perc","."
"r_40","15 - 64_gr","0","2024Q1","perc","74"
"r_40","15 - 64_gr","1","2024Q1","perc","92.2"
"r_40","15 - 64_gr","2","2024Q1","perc","75.9"
"r_40","15 - 64_gr","2_1","2024Q1","perc","81.9"
"r_40","15 - 64_gr","2_2","2024Q1","perc","69.4"
"r_40","15 - 64_gr","3","2024Q1","perc","40.8"
"r_40","15 - 64_gr","4","2024Q1","perc","42.4"
"r_41","0","0","2021Q1","perc","."
"r_41","0","1","2021Q1","perc","."
"r_41","0","2","2021Q1","perc","."
"r_41","0","2_1","2021Q1","perc","."
"r_41","0","2_2","2021Q1","perc","."
"r_41","0","3","2021Q1","perc","."
"r_41","0","4","2021Q1","perc","."
"r_41","15 - 64_gr","0","2021Q1","perc","71.7"
"r_41","15 - 64_gr","1","2021Q1","perc","89.9"
"r_41","15 - 64_gr","2","2021Q1","perc","75.6"
"r_41","15 - 64_gr","2_1","2021Q1","perc","83"
"r_41","15 - 64_gr","2_2","2021Q1","perc","67.4"
"r_41","15 - 64_gr","3","2021Q1","perc","40.9"
"r_41","15 - 64_gr","4","2021Q1","perc","35.2"
"r_42","0","0","2021Q2","perc","."
"r_42","0","1","2021Q2","perc","."
"r_42","0","2","2021Q2","perc","."
"r_42","0","2_1","2021Q2","perc","."
"r_42","0","2_2","2021Q2","perc","."
"r_42","0","3","2021Q2","perc","."
"r_42","0","4","2021Q2","perc","."
"r_42","15 - 64_gr","0","2021Q2","perc","72.2"
"r_42","15 - 64_gr","1","2021Q2","perc","90"
"r_42","15 - 64_gr","2","2021Q2","perc","75.4"
"r_42","15 - 64_gr","2_1","2021Q2","perc","81.7"
"r_42","15 - 64_gr","2_2","2021Q2","perc","68.6"
"r_42","15 - 64_gr","3","2021Q2","perc","42.3"
"r_42","15 - 64_gr","4","2021Q2","perc","35.9"
"r_43","0","0","2021Q3","perc","."
"r_43","0","1","2021Q3","perc","."
"r_43","0","2","2021Q3","perc","."
"r_43","0","2_1","2021Q3","perc","."
"r_43","0","2_2","2021Q3","perc","."
"r_43","0","3","2021Q3","perc","."
"r_43","0","4","2021Q3","perc","."
"r_43","15 - 64_gr","0","2021Q3","perc","73.1"
"r_43","15 - 64_gr","1","2021Q3","perc","91.1"
"r_43","15 - 64_gr","2","2021Q3","perc","75.7"
"r_43","15 - 64_gr","2_1","2021Q3","perc","82.4"
"r_43","15 - 64_gr","2_2","2021Q3","perc","68.4"
"r_43","15 - 64_gr","3","2021Q3","perc","43"
"r_43","15 - 64_gr","4","2021Q3","perc","38.8"
"r_44","0","0","2021Q4","perc","."
"r_44","0","1","2021Q4","perc","."
"r_44","0","2","2021Q4","perc","."
"r_44","0","2_1","2021Q4","perc","."
"r_44","0","2_2","2021Q4","perc","."
"r_44","0","3","2021Q4","perc","."
"r_44","0","4","2021Q4","perc","."
"r_44","15 - 64_gr","0","2021Q4","perc","72"
"r_44","15 - 64_gr","1","2021Q4","perc","90.6"
"r_44","15 - 64_gr","2","2021Q4","perc","74.9"
"r_44","15 - 64_gr","2_1","2021Q4","perc","82.3"
"r_44","15 - 64_gr","2_2","2021Q4","perc","67.3"
"r_44","15 - 64_gr","3","2021Q4","perc","41.7"
"r_44","15 - 64_gr","4","2021Q4","perc","33.2"
"r_45","0","0","2024Q2","perc","."
"r_45","0","1","2024Q2","perc","."
"r_45","0","2","2024Q2","perc","."
"r_45","0","2_1","2024Q2","perc","."
"r_45","0","2_2","2024Q2","perc","."
"r_45","0","3","2024Q2","perc","."
"r_45","0","4","2024Q2","perc","."
"r_45","15 - 64_gr","0","2024Q2","perc","74.1"
"r_45","15 - 64_gr","1","2024Q2","perc","92"
"r_45","15 - 64_gr","2","2024Q2","perc","75.8"
"r_45","15 - 64_gr","2_1","2024Q2","perc","82.9"
"r_45","15 - 64_gr","2_2","2024Q2","perc","68.7"
"r_45","15 - 64_gr","3","2024Q2","perc","41.6"
"r_45","15 - 64_gr","4","2024Q2","perc","41.6"
"r_46","0","0","2024Q3","perc","."
"r_46","0","1","2024Q3","perc","."
"r_46","0","2","2024Q3","perc","."
"r_46","0","2_1","2024Q3","perc","."
"r_46","0","2_2","2024Q3","perc","."
"r_46","0","3","2024Q3","perc","."
"r_46","0","4","2024Q3","perc","."
"r_46","15 - 64_gr","0","2024Q3","perc","74.4"
"r_46","15 - 64_gr","1","2024Q3","perc","92"
"r_46","15 - 64_gr","2","2024Q3","perc","75.2"
"r_46","15 - 64_gr","2_1","2024Q3","perc","82.4"
"r_46","15 - 64_gr","2_2","2024Q3","perc","67.4"
"r_46","15 - 64_gr","3","2024Q3","perc","39.7"
"r_46","15 - 64_gr","4","2024Q3","perc","38.9"
"r_47","0","0","2024Q4","perc","."
"r_47","0","1","2024Q4","perc","."
"r_47","0","2","2024Q4","perc","."
"r_47","0","2_1","2024Q4","perc","."
"r_47","0","2_2","2024Q4","perc","."
"r_47","0","3","2024Q4","perc","."
"r_47","0","4","2024Q4","perc","."
"r_47","15 - 64_gr","0","2024Q4","perc","73.6"
"r_47","15 - 64_gr","1","2024Q4","perc","92.1"
"r_47","15 - 64_gr","2","2024Q4","perc","74.2"
"r_47","15 - 64_gr","2_1","2024Q4","perc","81.4"
"r_47","15 - 64_gr","2_2","2024Q4","perc","66.4"
"r_47","15 - 64_gr","3","2024Q4","perc","35.2"
"r_47","15 - 64_gr","4","2024Q4","perc","34.1"
"r_48","0","0","2025Q1","perc","."
"r_48","0","1","2025Q1","perc","."
"r_48","0","2","2025Q1","perc","."
"r_48","0","2_1","2025Q1","perc","."
"r_48","0","2_2","2025Q1","perc","."
"r_48","0","3","2025Q1","perc","."
"r_48","0","4","2025Q1","perc","."
"r_48","15 - 64_gr","0","2025Q1","perc","73.3"
"r_48","15 - 64_gr","1","2025Q1","perc","93.2"
"r_48","15 - 64_gr","2","2025Q1","perc","74.3"
"r_48","15 - 64_gr","2_1","2025Q1","perc","81.4"
"r_48","15 - 64_gr","2_2","2025Q1","perc","67"
"r_48","15 - 64_gr","3","2025Q1","perc","35.9"
"r_48","15 - 64_gr","4","2025Q1","perc","35.8"
"r_49","0","0","2025Q2","perc","."
"r_49","0","1","2025Q2","perc","."
"r_49","0","2","2025Q2","perc","."
"r_49","0","2_1","2025Q2","perc","."
"r_49","0","2_2","2025Q2","perc","."
"r_49","0","3","2025Q2","perc","."
"r_49","0","4","2025Q2","perc","."
"r_49","15 - 64_gr","0","2025Q2","perc","73.7"
"r_49","15 - 64_gr","1","2025Q2","perc","93.2"
"r_49","15 - 64_gr","2","2025Q2","perc","75.2"
"r_49","15 - 64_gr","2_1","2025Q2","perc","81.6"
"r_49","15 - 64_gr","2_2","2025Q2","perc","68.3"
"r_49","15 - 64_gr","3","2025Q2","perc","38.4"
"r_49","15 - 64_gr","4","2025Q2","perc","38.8"
"r_50","0","0","2025Q3","perc","."
"r_50","0","1","2025Q3","perc","."
"r_50","0","2","2025Q3","perc","."
"r_50","0","2_1","2025Q3","perc","."
"r_50","0","2_2","2025Q3","perc","."
"r_50","0","3","2025Q3","perc","."
"r_50","0","4","2025Q3","perc","."
"r_50","15 - 64_gr","0","2025Q3","perc","73.9"
"r_50","15 - 64_gr","1","2025Q3","perc","92.5"
"r_50","15 - 64_gr","2","2025Q3","perc","74.5"
"r_50","15 - 64_gr","2_1","2025Q3","perc","82.1"
"r_50","15 - 64_gr","2_2","2025Q3","perc","66.3"
"r_50","15 - 64_gr","3","2025Q3","perc","38"
"r_50","15 - 64_gr","4","2025Q3","perc","34.9"