RevisionColumn,HBS_Meassure,HBS_PD,periods,Residence,ValueColumn
"r_1","1","1","2008","0","8353"
"r_1","1","1","2008","1","9193"
"r_1","1","1","2008","2","6465"
"r_1","1","1","2009","0","8807"
"r_1","1","1","2009","1","9735"
"r_1","1","1","2009","2","6722"
"r_1","1","1","2010","0","8826"
"r_1","1","1","2010","1","9543"
"r_1","1","1","2010","2","7002"
"r_1","1","1","2011","0","9086"
"r_1","1","1","2011","1","9919"
"r_1","1","1","2011","2","6923"
"r_1","1","1","2012","0","10037"
"r_1","1","1","2012","1","10759"
"r_1","1","1","2012","2","7850"
"r_1","1","1","2013","0","11224"
"r_1","1","1","2013","1","12147"
"r_1","1","1","2013","2","8269"
"r_1","1","1","2014","0","11489"
"r_1","1","1","2014","1","12431"
"r_1","1","1","2014","2","8473"
"r_1","1","11","2008","0","7897"
"r_1","1","11","2008","1","8819"
"r_1","1","11","2008","2","5825"
"r_1","1","11","2009","0","8506"
"r_1","1","11","2009","1","9468"
"r_1","1","11","2009","2","6345"
"r_1","1","11","2010","0","8453"
"r_1","1","11","2010","1","9194"
"r_1","1","11","2010","2","6569"
"r_1","1","11","2011","0","8747"
"r_1","1","11","2011","1","9582"
"r_1","1","11","2011","2","6580"
"r_1","1","11","2012","0","9617"
"r_1","1","11","2012","1","10371"
"r_1","1","11","2012","2","7332"
"r_1","1","11","2013","0","10631"
"r_1","1","11","2013","1","11501"
"r_1","1","11","2013","2","7848"
"r_1","1","11","2014","0","11129"
"r_1","1","11","2014","1","12089"
"r_1","1","11","2014","2","8057"
"r_1","1","111","2008","0","4505"
"r_1","1","111","2008","1","5334"
"r_1","1","111","2008","2","2640"
"r_1","1","111","2009","0","4762"
"r_1","1","111","2009","1","5623"
"r_1","1","111","2009","2","2829"
"r_1","1","111","2010","0","4592"
"r_1","1","111","2010","1","5254"
"r_1","1","111","2010","2","2910"
"r_1","1","111","2011","0","4793"
"r_1","1","111","2011","1","5503"
"r_1","1","111","2011","2","2951"
"r_1","1","111","2012","0","5399"
"r_1","1","111","2012","1","6089"
"r_1","1","111","2012","2","3307"
"r_1","1","111","2013","0","6067"
"r_1","1","111","2013","1","6861"
"r_1","1","111","2013","2","3524"
"r_1","1","111","2014","0","6327"
"r_1","1","111","2014","1","7218"
"r_1","1","111","2014","2","3473"
"r_1","1","112","2008","0","422"
"r_1","1","112","2008","1","473"
"r_1","1","112","2008","2","306"
"r_1","1","112","2009","0","374"
"r_1","1","112","2009","1","413"
"r_1","1","112","2009","2","285"
"r_1","1","112","2010","0","188"
"r_1","1","112","2010","1","204"
"r_1","1","112","2010","2","147"
"r_1","1","112","2011","0","121"
"r_1","1","112","2011","1","133"
"r_1","1","112","2011","2","90"
"r_1","1","112","2012","0","256"
"r_1","1","112","2012","1","286"
"r_1","1","112","2012","2","163"
"r_1","1","112","2013","0","428"
"r_1","1","112","2013","1","478"
"r_1","1","112","2013","2","269"
"r_1","1","112","2014","0","401"
"r_1","1","112","2014","1","429"
"r_1","1","112","2014","2","312"
"r_1","1","113","2008","0","441"
"r_1","1","113","2008","1","454"
"r_1","1","113","2008","2","410"
"r_1","1","113","2009","0","434"
"r_1","1","113","2009","1","438"
"r_1","1","113","2009","2","425"
"r_1","1","113","2010","0","429"
"r_1","1","113","2010","1","474"
"r_1","1","113","2010","2","315"
"r_1","1","113","2011","0","590"
"r_1","1","113","2011","1","706"
"r_1","1","113","2011","2","287"
"r_1","1","113","2012","0","650"
"r_1","1","113","2012","1","720"
"r_1","1","113","2012","2","439"
"r_1","1","113","2013","0","649"
"r_1","1","113","2013","1","722"
"r_1","1","113","2013","2","417"
"r_1","1","113","2014","0","758"
"r_1","1","113","2014","1","827"
"r_1","1","113","2014","2","538"
"r_1","1","114","2008","0","77"
"r_1","1","114","2008","1","92"
"r_1","1","114","2008","2","42"
"r_1","1","114","2009","0","59"
"r_1","1","114","2009","1","73"
"r_1","1","114","2009","2","29"
"r_1","1","114","2010","0","69"
"r_1","1","114","2010","1","83"
"r_1","1","114","2010","2","33"
"r_1","1","114","2011","0","61"
"r_1","1","114","2011","1","63"
"r_1","1","114","2011","2","54"
"r_1","1","114","2012","0","96"
"r_1","1","114","2012","1","99"
"r_1","1","114","2012","2","89"
"r_1","1","114","2013","0","124"
"r_1","1","114","2013","1","137"
"r_1","1","114","2013","2","79"
"r_1","1","114","2014","0","93"
"r_1","1","114","2014","1","98"
"r_1","1","114","2014","2","79"
"r_1","1","115","2008","0","2010"
"r_1","1","115","2008","1","1997"
"r_1","1","115","2008","2","2040"
"r_1","1","115","2009","0","2517"
"r_1","1","115","2009","1","2524"
"r_1","1","115","2009","2","2502"
"r_1","1","115","2010","0","2791"
"r_1","1","115","2010","1","2760"
"r_1","1","115","2010","2","2869"
"r_1","1","115","2011","0","2789"
"r_1","1","115","2011","1","2740"
"r_1","1","115","2011","2","2916"
"r_1","1","115","2012","0","2730"
"r_1","1","115","2012","1","2647"
"r_1","1","115","2012","2","2984"
"r_1","1","115","2013","0","2915"
"r_1","1","115","2013","1","2836"
"r_1","1","115","2013","2","3166"
"r_1","1","115","2014","0","3010"
"r_1","1","115","2014","1","2939"
"r_1","1","115","2014","2","3237"
"r_1","1","116","2008","0","17"
"r_1","1","116","2008","1","15"
"r_1","1","116","2008","2","19"
"r_1","1","116","2009","0","50"
"r_1","1","116","2009","1","51"
"r_1","1","116","2009","2","48"
"r_1","1","116","2010","0","57"
"r_1","1","116","2010","1","60"
"r_1","1","116","2010","2","51"
"r_1","1","116","2011","0","65"
"r_1","1","116","2011","1","71"
"r_1","1","116","2011","2","48"
"r_1","1","116","2012","0","67"
"r_1","1","116","2012","1","65"
"r_1","1","116","2012","2","75"
"r_1","1","116","2013","0","76"
"r_1","1","116","2013","1","78"
"r_1","1","116","2013","2","69"
"r_1","1","116","2014","0","64"
"r_1","1","116","2014","1","64"
"r_1","1","116","2014","2","62"
"r_1","1","117","2008","0","57"
"r_1","1","117","2008","1","54"
"r_1","1","117","2008","2","64"
"r_1","1","117","2009","0","84"
"r_1","1","117","2009","1","83"
"r_1","1","117","2009","2","86"
"r_1","1","117","2010","0","81"
"r_1","1","117","2010","1","81"
"r_1","1","117","2010","2","80"
"r_1","1","117","2011","0","78"
"r_1","1","117","2011","1","77"
"r_1","1","117","2011","2","79"
"r_1","1","117","2012","0","84"
"r_1","1","117","2012","1","82"
"r_1","1","117","2012","2","89"
"r_1","1","117","2013","0","85"
"r_1","1","117","2013","1","82"
"r_1","1","117","2013","2","96"
"r_1","1","117","2014","0","103"
"r_1","1","117","2014","1","95"
"r_1","1","117","2014","2","129"
"r_1","1","118","2008","0","266"
"r_1","1","118","2008","1","278"
"r_1","1","118","2008","2","239"
"r_1","1","118","2009","0","163"
"r_1","1","118","2009","1","188"
"r_1","1","118","2009","2","106"
"r_1","1","118","2010","0","164"
"r_1","1","118","2010","1","185"
"r_1","1","118","2010","2","112"
"r_1","1","118","2011","0","159"
"r_1","1","118","2011","1","179"
"r_1","1","118","2011","2","108"
"r_1","1","118","2012","0","190"
"r_1","1","118","2012","1","221"
"r_1","1","118","2012","2","98"
"r_1","1","118","2013","0","176"
"r_1","1","118","2013","1","187"
"r_1","1","118","2013","2","141"
"r_1","1","118","2014","0","253"
"r_1","1","118","2014","1","283"
"r_1","1","118","2014","2","158"
"r_1","1","119","2008","0","104"
"r_1","1","119","2008","1","120"
"r_1","1","119","2008","2","66"
"r_1","1","119","2009","0","63"
"r_1","1","119","2009","1","76"
"r_1","1","119","2009","2","34"
"r_1","1","119","2010","0","81"
"r_1","1","119","2010","1","93"
"r_1","1","119","2010","2","52"
"r_1","1","119","2011","0","93"
"r_1","1","119","2011","1","110"
"r_1","1","119","2011","2","48"
"r_1","1","119","2012","0","144"
"r_1","1","119","2012","1","162"
"r_1","1","119","2012","2","90"
"r_1","1","119","2013","0","111"
"r_1","1","119","2013","1","120"
"r_1","1","119","2013","2","85"
"r_1","1","119","2014","0","120"
"r_1","1","119","2014","1","136"
"r_1","1","119","2014","2","70"
"r_1","1","12","2008","0","192"
"r_1","1","12","2008","1","105"
"r_1","1","12","2008","2","387"
"r_1","1","12","2009","0","78"
"r_1","1","12","2009","1","24"
"r_1","1","12","2009","2","200"
"r_1","1","12","2010","0","87"
"r_1","1","12","2010","1","46"
"r_1","1","12","2010","2","191"
"r_1","1","12","2011","0","56"
"r_1","1","12","2011","1","32"
"r_1","1","12","2011","2","120"
"r_1","1","12","2012","0","84"
"r_1","1","12","2012","1","45"
"r_1","1","12","2012","2","201"
"r_1","1","12","2013","0","130"
"r_1","1","12","2013","1","110"
"r_1","1","12","2013","2","193"
"r_1","1","12","2014","0","78"
"r_1","1","12","2014","1","44"
"r_1","1","12","2014","2","188"
"r_1","1","13","2008","0","264"
"r_1","1","13","2008","1","269"
"r_1","1","13","2008","2","253"
"r_1","1","13","2009","0","223"
"r_1","1","13","2009","1","243"
"r_1","1","13","2009","2","177"
"r_1","1","13","2010","0","286"
"r_1","1","13","2010","1","303"
"r_1","1","13","2010","2","242"
"r_1","1","13","2011","0","282"
"r_1","1","13","2011","1","305"
"r_1","1","13","2011","2","223"
"r_1","1","13","2012","0","336"
"r_1","1","13","2012","1","343"
"r_1","1","13","2012","2","317"
"r_1","1","13","2013","0","463"
"r_1","1","13","2013","1","536"
"r_1","1","13","2013","2","228"
"r_1","1","13","2014","0","282"
"r_1","1","13","2014","1","298"
"r_1","1","13","2014","2","228"
"r_1","2","1","2008","0","3368"
"r_1","2","1","2008","1","3683"
"r_1","2","1","2008","2","2645"
"r_1","2","1","2009","0","3566"
"r_1","2","1","2009","1","3886"
"r_1","2","1","2009","2","2812"
"r_1","2","1","2010","0","3568"
"r_1","2","1","2010","1","3809"
"r_1","2","1","2010","2","2928"
"r_1","2","1","2011","0","3714"
"r_1","2","1","2011","1","4010"
"r_1","2","1","2011","2","2915"
"r_1","2","1","2012","0","4240"
"r_1","2","1","2012","1","4569"
"r_1","2","1","2012","2","3263"
"r_1","2","1","2013","0","4731"
"r_1","2","1","2013","1","5150"
"r_1","2","1","2013","2","3421"
"r_1","2","1","2014","0","4740"
"r_1","2","1","2014","1","5126"
"r_1","2","1","2014","2","3502"
"r_1","2","11","2008","0","3184"
"r_1","2","11","2008","1","3533"
"r_1","2","11","2008","2","2383"
"r_1","2","11","2009","0","3444"
"r_1","2","11","2009","1","3780"
"r_1","2","11","2009","2","2654"
"r_1","2","11","2010","0","3418"
"r_1","2","11","2010","1","3669"
"r_1","2","11","2010","2","2747"
"r_1","2","11","2011","0","3576"
"r_1","2","11","2011","1","3874"
"r_1","2","11","2011","2","2771"
"r_1","2","11","2012","0","4062"
"r_1","2","11","2012","1","4404"
"r_1","2","11","2012","2","3047"
"r_1","2","11","2013","0","4481"
"r_1","2","11","2013","1","4876"
"r_1","2","11","2013","2","3246"
"r_1","2","11","2014","0","4591"
"r_1","2","11","2014","1","4985"
"r_1","2","11","2014","2","3330"
"r_1","2","111","2008","0","1816"
"r_1","2","111","2008","1","2137"
"r_1","2","111","2008","2","1080"
"r_1","2","111","2009","0","1928"
"r_1","2","111","2009","1","2244"
"r_1","2","111","2009","2","1183"
"r_1","2","111","2010","0","1857"
"r_1","2","111","2010","1","2097"
"r_1","2","111","2010","2","1217"
"r_1","2","111","2011","0","1960"
"r_1","2","111","2011","1","2225"
"r_1","2","111","2011","2","1243"
"r_1","2","111","2012","0","2281"
"r_1","2","111","2012","1","2586"
"r_1","2","111","2012","2","1375"
"r_1","2","111","2013","0","2557"
"r_1","2","111","2013","1","2909"
"r_1","2","111","2013","2","1458"
"r_1","2","111","2014","0","2610"
"r_1","2","111","2014","1","2976"
"r_1","2","111","2014","2","1435"
"r_1","2","112","2008","0","170"
"r_1","2","112","2008","1","190"
"r_1","2","112","2008","2","125"
"r_1","2","112","2009","0","151"
"r_1","2","112","2009","1","165"
"r_1","2","112","2009","2","119"
"r_1","2","112","2010","0","76"
"r_1","2","112","2010","1","81"
"r_1","2","112","2010","2","62"
"r_1","2","112","2011","0","49"
"r_1","2","112","2011","1","54"
"r_1","2","112","2011","2","38"
"r_1","2","112","2012","0","108"
"r_1","2","112","2012","1","122"
"r_1","2","112","2012","2","68"
"r_1","2","112","2013","0","181"
"r_1","2","112","2013","1","203"
"r_1","2","112","2013","2","111"
"r_1","2","112","2014","0","166"
"r_1","2","112","2014","1","177"
"r_1","2","112","2014","2","129"
"r_1","2","113","2008","0","178"
"r_1","2","113","2008","1","182"
"r_1","2","113","2008","2","168"
"r_1","2","113","2009","0","176"
"r_1","2","113","2009","1","175"
"r_1","2","113","2009","2","178"
"r_1","2","113","2010","0","174"
"r_1","2","113","2010","1","189"
"r_1","2","113","2010","2","132"
"r_1","2","113","2011","0","241"
"r_1","2","113","2011","1","285"
"r_1","2","113","2011","2","121"
"r_1","2","113","2012","0","275"
"r_1","2","113","2012","1","306"
"r_1","2","113","2012","2","182"
"r_1","2","113","2013","0","274"
"r_1","2","113","2013","1","306"
"r_1","2","113","2013","2","173"
"r_1","2","113","2014","0","313"
"r_1","2","113","2014","1","341"
"r_1","2","113","2014","2","222"
"r_1","2","114","2008","0","31"
"r_1","2","114","2008","1","37"
"r_1","2","114","2008","2","17"
"r_1","2","114","2009","0","24"
"r_1","2","114","2009","1","29"
"r_1","2","114","2009","2","12"
"r_1","2","114","2010","0","28"
"r_1","2","114","2010","1","33"
"r_1","2","114","2010","2","14"
"r_1","2","114","2011","0","25"
"r_1","2","114","2011","1","26"
"r_1","2","114","2011","2","23"
"r_1","2","114","2012","0","41"
"r_1","2","114","2012","1","42"
"r_1","2","114","2012","2","37"
"r_1","2","114","2013","0","52"
"r_1","2","114","2013","1","58"
"r_1","2","114","2013","2","33"
"r_1","2","114","2014","0","39"
"r_1","2","114","2014","1","40"
"r_1","2","114","2014","2","32"
"r_1","2","115","2008","0","810"
"r_1","2","115","2008","1","800"
"r_1","2","115","2008","2","834"
"r_1","2","115","2009","0","1019"
"r_1","2","115","2009","1","1008"
"r_1","2","115","2009","2","1046"
"r_1","2","115","2010","0","1128"
"r_1","2","115","2010","1","1101"
"r_1","2","115","2010","2","1200"
"r_1","2","115","2011","0","1140"
"r_1","2","115","2011","1","1108"
"r_1","2","115","2011","2","1228"
"r_1","2","115","2012","0","1153"
"r_1","2","115","2012","1","1124"
"r_1","2","115","2012","2","1240"
"r_1","2","115","2013","0","1229"
"r_1","2","115","2013","1","1202"
"r_1","2","115","2013","2","1310"
"r_1","2","115","2014","0","1242"
"r_1","2","115","2014","1","1212"
"r_1","2","115","2014","2","1338"
"r_1","2","116","2008","0","7"
"r_1","2","116","2008","1","6"
"r_1","2","116","2008","2","8"
"r_1","2","116","2009","0","20"
"r_1","2","116","2009","1","20"
"r_1","2","116","2009","2","20"
"r_1","2","116","2010","0","23"
"r_1","2","116","2010","1","24"
"r_1","2","116","2010","2","21"
"r_1","2","116","2011","0","27"
"r_1","2","116","2011","1","29"
"r_1","2","116","2011","2","20"
"r_1","2","116","2012","0","29"
"r_1","2","116","2012","1","28"
"r_1","2","116","2012","2","31"
"r_1","2","116","2013","0","32"
"r_1","2","116","2013","1","33"
"r_1","2","116","2013","2","29"
"r_1","2","116","2014","0","26"
"r_1","2","116","2014","1","26"
"r_1","2","116","2014","2","26"
"r_1","2","117","2008","0","23"
"r_1","2","117","2008","1","22"
"r_1","2","117","2008","2","26"
"r_1","2","117","2009","0","34"
"r_1","2","117","2009","1","33"
"r_1","2","117","2009","2","36"
"r_1","2","117","2010","0","33"
"r_1","2","117","2010","1","32"
"r_1","2","117","2010","2","34"
"r_1","2","117","2011","0","32"
"r_1","2","117","2011","1","31"
"r_1","2","117","2011","2","33"
"r_1","2","117","2012","0","35"
"r_1","2","117","2012","1","35"
"r_1","2","117","2012","2","37"
"r_1","2","117","2013","0","36"
"r_1","2","117","2013","1","35"
"r_1","2","117","2013","2","40"
"r_1","2","117","2014","0","42"
"r_1","2","117","2014","1","39"
"r_1","2","117","2014","2","53"
"r_1","2","118","2008","0","107"
"r_1","2","118","2008","1","111"
"r_1","2","118","2008","2","98"
"r_1","2","118","2009","0","66"
"r_1","2","118","2009","1","75"
"r_1","2","118","2009","2","44"
"r_1","2","118","2010","0","66"
"r_1","2","118","2010","1","74"
"r_1","2","118","2010","2","47"
"r_1","2","118","2011","0","65"
"r_1","2","118","2011","1","72"
"r_1","2","118","2011","2","46"
"r_1","2","118","2012","0","80"
"r_1","2","118","2012","1","94"
"r_1","2","118","2012","2","41"
"r_1","2","118","2013","0","74"
"r_1","2","118","2013","1","79"
"r_1","2","118","2013","2","59"
"r_1","2","118","2014","0","105"
"r_1","2","118","2014","1","117"
"r_1","2","118","2014","2","65"
"r_1","2","119","2008","0","42"
"r_1","2","119","2008","1","48"
"r_1","2","119","2008","2","27"
"r_1","2","119","2009","0","26"
"r_1","2","119","2009","1","30"
"r_1","2","119","2009","2","14"
"r_1","2","119","2010","0","33"
"r_1","2","119","2010","1","37"
"r_1","2","119","2010","2","22"
"r_1","2","119","2011","0","38"
"r_1","2","119","2011","1","45"
"r_1","2","119","2011","2","20"
"r_1","2","119","2012","0","61"
"r_1","2","119","2012","1","69"
"r_1","2","119","2012","2","37"
"r_1","2","119","2013","0","47"
"r_1","2","119","2013","1","51"
"r_1","2","119","2013","2","35"
"r_1","2","119","2014","0","50"
"r_1","2","119","2014","1","56"
"r_1","2","119","2014","2","29"
"r_1","2","12","2008","0","77"
"r_1","2","12","2008","1","42"
"r_1","2","12","2008","2","158"
"r_1","2","12","2009","0","32"
"r_1","2","12","2009","1","9"
"r_1","2","12","2009","2","84"
"r_1","2","12","2010","0","35"
"r_1","2","12","2010","1","18"
"r_1","2","12","2010","2","80"
"r_1","2","12","2011","0","23"
"r_1","2","12","2011","1","13"
"r_1","2","12","2011","2","50"
"r_1","2","12","2012","0","35"
"r_1","2","12","2012","1","19"
"r_1","2","12","2012","2","84"
"r_1","2","12","2013","0","55"
"r_1","2","12","2013","1","47"
"r_1","2","12","2013","2","80"
"r_1","2","12","2014","0","32"
"r_1","2","12","2014","1","18"
"r_1","2","12","2014","2","78"
"r_1","2","13","2008","0","106"
"r_1","2","13","2008","1","108"
"r_1","2","13","2008","2","103"
"r_1","2","13","2009","0","90"
"r_1","2","13","2009","1","97"
"r_1","2","13","2009","2","74"
"r_1","2","13","2010","0","116"
"r_1","2","13","2010","1","121"
"r_1","2","13","2010","2","101"
"r_1","2","13","2011","0","115"
"r_1","2","13","2011","1","123"
"r_1","2","13","2011","2","94"
"r_1","2","13","2012","0","142"
"r_1","2","13","2012","1","145"
"r_1","2","13","2012","2","132"
"r_1","2","13","2013","0","195"
"r_1","2","13","2013","1","227"
"r_1","2","13","2013","2","94"
"r_1","2","13","2014","0","116"
"r_1","2","13","2014","1","123"
"r_1","2","13","2014","2","94"
"r_1","3","1","2008","0","100"
"r_1","3","1","2008","1","100"
"r_1","3","1","2008","2","100"
"r_1","3","1","2009","0","100"
"r_1","3","1","2009","1","100"
"r_1","3","1","2009","2","100"
"r_1","3","1","2010","0","100"
"r_1","3","1","2010","1","100"
"r_1","3","1","2010","2","100"
"r_1","3","1","2011","0","100"
"r_1","3","1","2011","1","100"
"r_1","3","1","2011","2","100"
"r_1","3","1","2012","0","100"
"r_1","3","1","2012","1","100"
"r_1","3","1","2012","2","100"
"r_1","3","1","2013","0","100"
"r_1","3","1","2013","1","100"
"r_1","3","1","2013","2","100"
"r_1","3","1","2014","0","100"
"r_1","3","1","2014","1","100"
"r_1","3","1","2014","2","100"
"r_1","3","11","2008","0","94.5"
"r_1","3","11","2008","1","95.9"
"r_1","3","11","2008","2","90.1"
"r_1","3","11","2009","0","96.6"
"r_1","3","11","2009","1","97.3"
"r_1","3","11","2009","2","94.4"
"r_1","3","11","2010","0","95.8"
"r_1","3","11","2010","1","96.3"
"r_1","3","11","2010","2","93.8"
"r_1","3","11","2011","0","96.3"
"r_1","3","11","2011","1","96.6"
"r_1","3","11","2011","2","95.1"
"r_1","3","11","2012","0","95.8"
"r_1","3","11","2012","1","96.4"
"r_1","3","11","2012","2","93.4"
"r_1","3","11","2013","0","94.7"
"r_1","3","11","2013","1","94.7"
"r_1","3","11","2013","2","94.9"
"r_1","3","11","2014","0","96.9"
"r_1","3","11","2014","1","97.2"
"r_1","3","11","2014","2","95.1"
"r_1","3","111","2008","0","53.9"
"r_1","3","111","2008","1","58"
"r_1","3","111","2008","2","40.8"
"r_1","3","111","2009","0","54.1"
"r_1","3","111","2009","1","57.8"
"r_1","3","111","2009","2","42.1"
"r_1","3","111","2010","0","52"
"r_1","3","111","2010","1","55.1"
"r_1","3","111","2010","2","41.6"
"r_1","3","111","2011","0","52.8"
"r_1","3","111","2011","1","55.5"
"r_1","3","111","2011","2","42.6"
"r_1","3","111","2012","0","53.8"
"r_1","3","111","2012","1","56.6"
"r_1","3","111","2012","2","42.1"
"r_1","3","111","2013","0","54.1"
"r_1","3","111","2013","1","56.5"
"r_1","3","111","2013","2","42.6"
"r_1","3","111","2014","0","55.1"
"r_1","3","111","2014","1","58.1"
"r_1","3","111","2014","2","41"
"r_1","3","112","2008","0","5"
"r_1","3","112","2008","1","5.1"
"r_1","3","112","2008","2","4.7"
"r_1","3","112","2009","0","4.2"
"r_1","3","112","2009","1","4.2"
"r_1","3","112","2009","2","4.2"
"r_1","3","112","2010","0","2.1"
"r_1","3","112","2010","1","2.1"
"r_1","3","112","2010","2","2.1"
"r_1","3","112","2011","0","1.3"
"r_1","3","112","2011","1","1.3"
"r_1","3","112","2011","2","1.3"
"r_1","3","112","2012","0","2.5"
"r_1","3","112","2012","1","2.7"
"r_1","3","112","2012","2","2.1"
"r_1","3","112","2013","0","3.8"
"r_1","3","112","2013","1","3.9"
"r_1","3","112","2013","2","3.3"
"r_1","3","112","2014","0","3.5"
"r_1","3","112","2014","1","3.5"
"r_1","3","112","2014","2","3.7"
"r_1","3","113","2008","0","5.3"
"r_1","3","113","2008","1","4.9"
"r_1","3","113","2008","2","6.3"
"r_1","3","113","2009","0","4.9"
"r_1","3","113","2009","1","4.5"
"r_1","3","113","2009","2","6.3"
"r_1","3","113","2010","0","4.9"
"r_1","3","113","2010","1","5"
"r_1","3","113","2010","2","4.5"
"r_1","3","113","2011","0","6.5"
"r_1","3","113","2011","1","7.1"
"r_1","3","113","2011","2","4.1"
"r_1","3","113","2012","0","6.5"
"r_1","3","113","2012","1","6.7"
"r_1","3","113","2012","2","5.6"
"r_1","3","113","2013","0","5.8"
"r_1","3","113","2013","1","5.9"
"r_1","3","113","2013","2","5"
"r_1","3","113","2014","0","6.6"
"r_1","3","113","2014","1","6.7"
"r_1","3","113","2014","2","6.3"
"r_1","3","114","2008","0","0.9"
"r_1","3","114","2008","1","1"
"r_1","3","114","2008","2","0.6"
"r_1","3","114","2009","0","0.7"
"r_1","3","114","2009","1","0.7"
"r_1","3","114","2009","2","0.4"
"r_1","3","114","2010","0","0.8"
"r_1","3","114","2010","1","0.9"
"r_1","3","114","2010","2","0.5"
"r_1","3","114","2011","0","0.7"
"r_1","3","114","2011","1","0.6"
"r_1","3","114","2011","2","0.8"
"r_1","3","114","2012","0","1"
"r_1","3","114","2012","1","0.9"
"r_1","3","114","2012","2","1.1"
"r_1","3","114","2013","0","1.1"
"r_1","3","114","2013","1","1.1"
"r_1","3","114","2013","2","1"
"r_1","3","114","2014","0","0.8"
"r_1","3","114","2014","1","0.8"
"r_1","3","114","2014","2","0.9"
"r_1","3","115","2008","0","24.1"
"r_1","3","115","2008","1","21.7"
"r_1","3","115","2008","2","31.6"
"r_1","3","115","2009","0","28.6"
"r_1","3","115","2009","1","25.9"
"r_1","3","115","2009","2","37.2"
"r_1","3","115","2010","0","31.6"
"r_1","3","115","2010","1","28.9"
"r_1","3","115","2010","2","41"
"r_1","3","115","2011","0","30.7"
"r_1","3","115","2011","1","27.6"
"r_1","3","115","2011","2","42.1"
"r_1","3","115","2012","0","27.2"
"r_1","3","115","2012","1","24.6"
"r_1","3","115","2012","2","38"
"r_1","3","115","2013","0","26"
"r_1","3","115","2013","1","23.3"
"r_1","3","115","2013","2","38.3"
"r_1","3","115","2014","0","26.2"
"r_1","3","115","2014","1","23.6"
"r_1","3","115","2014","2","38.2"
"r_1","3","116","2008","0","0.2"
"r_1","3","116","2008","1","0.2"
"r_1","3","116","2008","2","0.3"
"r_1","3","116","2009","0","0.6"
"r_1","3","116","2009","1","0.5"
"r_1","3","116","2009","2","0.7"
"r_1","3","116","2010","0","0.6"
"r_1","3","116","2010","1","0.6"
"r_1","3","116","2010","2","0.7"
"r_1","3","116","2011","0","0.7"
"r_1","3","116","2011","1","0.7"
"r_1","3","116","2011","2","0.7"
"r_1","3","116","2012","0","0.7"
"r_1","3","116","2012","1","0.6"
"r_1","3","116","2012","2","0.9"
"r_1","3","116","2013","0","0.7"
"r_1","3","116","2013","1","0.6"
"r_1","3","116","2013","2","0.8"
"r_1","3","116","2014","0","0.6"
"r_1","3","116","2014","1","0.5"
"r_1","3","116","2014","2","0.7"
"r_1","3","117","2008","0","0.7"
"r_1","3","117","2008","1","0.6"
"r_1","3","117","2008","2","1"
"r_1","3","117","2009","0","1"
"r_1","3","117","2009","1","0.8"
"r_1","3","117","2009","2","1.3"
"r_1","3","117","2010","0","0.9"
"r_1","3","117","2010","1","0.8"
"r_1","3","117","2010","2","1.1"
"r_1","3","117","2011","0","0.9"
"r_1","3","117","2011","1","0.8"
"r_1","3","117","2011","2","1.1"
"r_1","3","117","2012","0","0.8"
"r_1","3","117","2012","1","0.8"
"r_1","3","117","2012","2","1.1"
"r_1","3","117","2013","0","0.8"
"r_1","3","117","2013","1","0.7"
"r_1","3","117","2013","2","1.2"
"r_1","3","117","2014","0","0.9"
"r_1","3","117","2014","1","0.8"
"r_1","3","117","2014","2","1.5"
"r_1","3","118","2008","0","3.2"
"r_1","3","118","2008","1","3"
"r_1","3","118","2008","2","3.7"
"r_1","3","118","2009","0","1.8"
"r_1","3","118","2009","1","1.9"
"r_1","3","118","2009","2","1.6"
"r_1","3","118","2010","0","1.9"
"r_1","3","118","2010","1","1.9"
"r_1","3","118","2010","2","1.6"
"r_1","3","118","2011","0","1.8"
"r_1","3","118","2011","1","1.8"
"r_1","3","118","2011","2","1.6"
"r_1","3","118","2012","0","1.9"
"r_1","3","118","2012","1","2.1"
"r_1","3","118","2012","2","1.2"
"r_1","3","118","2013","0","1.6"
"r_1","3","118","2013","1","1.5"
"r_1","3","118","2013","2","1.7"
"r_1","3","118","2014","0","2.2"
"r_1","3","118","2014","1","2.3"
"r_1","3","118","2014","2","1.9"
"r_1","3","119","2008","0","1.2"
"r_1","3","119","2008","1","1.3"
"r_1","3","119","2008","2","1"
"r_1","3","119","2009","0","0.7"
"r_1","3","119","2009","1","0.8"
"r_1","3","119","2009","2","0.5"
"r_1","3","119","2010","0","0.9"
"r_1","3","119","2010","1","1"
"r_1","3","119","2010","2","0.7"
"r_1","3","119","2011","0","1"
"r_1","3","119","2011","1","1.1"
"r_1","3","119","2011","2","0.7"
"r_1","3","119","2012","0","1.4"
"r_1","3","119","2012","1","1.5"
"r_1","3","119","2012","2","1.1"
"r_1","3","119","2013","0","1"
"r_1","3","119","2013","1","1"
"r_1","3","119","2013","2","1"
"r_1","3","119","2014","0","1"
"r_1","3","119","2014","1","1.1"
"r_1","3","119","2014","2","0.8"
"r_1","3","12","2008","0","2.3"
"r_1","3","12","2008","1","1.1"
"r_1","3","12","2008","2","6"
"r_1","3","12","2009","0","0.9"
"r_1","3","12","2009","1","0.2"
"r_1","3","12","2009","2","3"
"r_1","3","12","2010","0","1"
"r_1","3","12","2010","1","0.5"
"r_1","3","12","2010","2","2.7"
"r_1","3","12","2011","0","0.6"
"r_1","3","12","2011","1","0.3"
"r_1","3","12","2011","2","1.7"
"r_1","3","12","2012","0","0.8"
"r_1","3","12","2012","1","0.4"
"r_1","3","12","2012","2","2.6"
"r_1","3","12","2013","0","1.2"
"r_1","3","12","2013","1","0.9"
"r_1","3","12","2013","2","2.3"
"r_1","3","12","2014","0","0.7"
"r_1","3","12","2014","1","0.4"
"r_1","3","12","2014","2","2.2"
"r_1","3","13","2008","0","3.2"
"r_1","3","13","2008","1","2.9"
"r_1","3","13","2008","2","3.9"
"r_1","3","13","2009","0","2.5"
"r_1","3","13","2009","1","2.5"
"r_1","3","13","2009","2","2.6"
"r_1","3","13","2010","0","3.2"
"r_1","3","13","2010","1","3.2"
"r_1","3","13","2010","2","3.5"
"r_1","3","13","2011","0","3.1"
"r_1","3","13","2011","1","3.1"
"r_1","3","13","2011","2","3.2"
"r_1","3","13","2012","0","3.3"
"r_1","3","13","2012","1","3.2"
"r_1","3","13","2012","2","4"
"r_1","3","13","2013","0","4.1"
"r_1","3","13","2013","1","4.4"
"r_1","3","13","2013","2","2.8"
"r_1","3","13","2014","0","2.5"
"r_1","3","13","2014","1","2.4"
"r_1","3","13","2014","2","2.7"
"r_2","1","1","2015","0","11723"
"r_2","1","1","2015","1","12677"
"r_2","1","1","2015","2","8670"
"r_2","1","11","2015","0","11373"
"r_2","1","11","2015","1","12367"
"r_2","1","11","2015","2","8193"
"r_2","1","111","2015","0","6541"
"r_2","1","111","2015","1","7436"
"r_2","1","111","2015","2","3676"
"r_2","1","112","2015","0","379"
"r_2","1","112","2015","1","390"
"r_2","1","112","2015","2","341"
"r_2","1","113","2015","0","753"
"r_2","1","113","2015","1","871"
"r_2","1","113","2015","2","376"
"r_2","1","114","2015","0","65"
"r_2","1","114","2015","1","63"
"r_2","1","114","2015","2","71"
"r_2","1","115","2015","0","3085"
"r_2","1","115","2015","1","3022"
"r_2","1","115","2015","2","3287"
"r_2","1","116","2015","0","48"
"r_2","1","116","2015","1","51"
"r_2","1","116","2015","2","39"
"r_2","1","117","2015","0","111"
"r_2","1","117","2015","1","102"
"r_2","1","117","2015","2","141"
"r_2","1","118","2015","0","246"
"r_2","1","118","2015","1","268"
"r_2","1","118","2015","2","176"
"r_2","1","119","2015","0","145"
"r_2","1","119","2015","1","164"
"r_2","1","119","2015","2","85"
"r_2","1","12","2015","0","73"
"r_2","1","12","2015","1","23"
"r_2","1","12","2015","2","230"
"r_2","1","13","2015","0","277"
"r_2","1","13","2015","1","287"
"r_2","1","13","2015","2","246"
"r_2","2","1","2015","0","4886"
"r_2","2","1","2015","1","5292"
"r_2","2","1","2015","2","3595"
"r_2","2","11","2015","0","4741"
"r_2","2","11","2015","1","5163"
"r_2","2","11","2015","2","3398"
"r_2","2","111","2015","0","2726"
"r_2","2","111","2015","1","3104"
"r_2","2","111","2015","2","1525"
"r_2","2","112","2015","0","158"
"r_2","2","112","2015","1","163"
"r_2","2","112","2015","2","141"
"r_2","2","113","2015","0","314"
"r_2","2","113","2015","1","364"
"r_2","2","113","2015","2","156"
"r_2","2","114","2015","0","27"
"r_2","2","114","2015","1","26"
"r_2","2","114","2015","2","29"
"r_2","2","115","2015","0","1286"
"r_2","2","115","2015","1","1262"
"r_2","2","115","2015","2","1363"
"r_2","2","116","2015","0","20"
"r_2","2","116","2015","1","21"
"r_2","2","116","2015","2","16"
"r_2","2","117","2015","0","46"
"r_2","2","117","2015","1","43"
"r_2","2","117","2015","2","58"
"r_2","2","118","2015","0","103"
"r_2","2","118","2015","1","112"
"r_2","2","118","2015","2","73"
"r_2","2","119","2015","0","60"
"r_2","2","119","2015","1","68"
"r_2","2","119","2015","2","35"
"r_2","2","12","2015","0","30"
"r_2","2","12","2015","1","10"
"r_2","2","12","2015","2","95"
"r_2","2","13","2015","0","116"
"r_2","2","13","2015","1","120"
"r_2","2","13","2015","2","102"
"r_2","3","1","2015","0","100"
"r_2","3","1","2015","1","100"
"r_2","3","1","2015","2","100"
"r_2","3","11","2015","0","97"
"r_2","3","11","2015","1","97.6"
"r_2","3","11","2015","2","94.5"
"r_2","3","111","2015","0","55.8"
"r_2","3","111","2015","1","58.7"
"r_2","3","111","2015","2","42.4"
"r_2","3","112","2015","0","3.2"
"r_2","3","112","2015","1","3.1"
"r_2","3","112","2015","2","3.9"
"r_2","3","113","2015","0","6.4"
"r_2","3","113","2015","1","6.9"
"r_2","3","113","2015","2","4.3"
"r_2","3","114","2015","0","0.6"
"r_2","3","114","2015","1","0.5"
"r_2","3","114","2015","2","0.8"
"r_2","3","115","2015","0","26.3"
"r_2","3","115","2015","1","23.8"
"r_2","3","115","2015","2","37.9"
"r_2","3","116","2015","0","0.4"
"r_2","3","116","2015","1","0.4"
"r_2","3","116","2015","2","0.5"
"r_2","3","117","2015","0","0.9"
"r_2","3","117","2015","1","0.8"
"r_2","3","117","2015","2","1.6"
"r_2","3","118","2015","0","2.1"
"r_2","3","118","2015","1","2.1"
"r_2","3","118","2015","2","2"
"r_2","3","119","2015","0","1.2"
"r_2","3","119","2015","1","1.3"
"r_2","3","119","2015","2","1"
"r_2","3","12","2015","0","0.6"
"r_2","3","12","2015","1","0.2"
"r_2","3","12","2015","2","2.7"
"r_2","3","13","2015","0","2.4"
"r_2","3","13","2015","1","2.3"
"r_2","3","13","2015","2","2.8"
"r_3","1","1","2016","0","11966"
"r_3","1","1","2016","1","12880"
"r_3","1","1","2016","2","9313"
"r_3","1","11","2016","0","11590"
"r_3","1","11","2016","1","12512"
"r_3","1","11","2016","2","8915"
"r_3","1","111","2016","0","6579"
"r_3","1","111","2016","1","7444"
"r_3","1","111","2016","2","4069"
"r_3","1","112","2016","0","352"
"r_3","1","112","2016","1","371"
"r_3","1","112","2016","2","297"
"r_3","1","113","2016","0","651"
"r_3","1","113","2016","1","699"
"r_3","1","113","2016","2","512"
"r_3","1","114","2016","0","84"
"r_3","1","114","2016","1","73"
"r_3","1","114","2016","2","117"
"r_3","1","115","2016","0","3357"
"r_3","1","115","2016","1","3349"
"r_3","1","115","2016","2","3383"
"r_3","1","116","2016","0","47"
"r_3","1","116","2016","1","50"
"r_3","1","116","2016","2","40"
"r_3","1","117","2016","0","94"
"r_3","1","117","2016","1","86"
"r_3","1","117","2016","2","118"
"r_3","1","118","2016","0","273"
"r_3","1","118","2016","1","281"
"r_3","1","118","2016","2","250"
"r_3","1","119","2016","0","152"
"r_3","1","119","2016","1","161"
"r_3","1","119","2016","2","128"
"r_3","1","12","2016","0","72"
"r_3","1","12","2016","1","59"
"r_3","1","12","2016","2","109"
"r_3","1","13","2016","0","304"
"r_3","1","13","2016","1","309"
"r_3","1","13","2016","2","289"
"r_3","2","1","2016","0","5105"
"r_3","2","1","2016","1","5521"
"r_3","2","1","2016","2","3920"
"r_3","2","11","2016","0","4945"
"r_3","2","11","2016","1","5363"
"r_3","2","11","2016","2","3752"
"r_3","2","111","2016","0","2807"
"r_3","2","111","2016","1","3191"
"r_3","2","111","2016","2","1713"
"r_3","2","112","2016","0","150"
"r_3","2","112","2016","1","159"
"r_3","2","112","2016","2","125"
"r_3","2","113","2016","0","278"
"r_3","2","113","2016","1","299"
"r_3","2","113","2016","2","215"
"r_3","2","114","2016","0","36"
"r_3","2","114","2016","1","31"
"r_3","2","114","2016","2","49"
"r_3","2","115","2016","0","1432"
"r_3","2","115","2016","1","1435"
"r_3","2","115","2016","2","1424"
"r_3","2","116","2016","0","20"
"r_3","2","116","2016","1","21"
"r_3","2","116","2016","2","17"
"r_3","2","117","2016","0","40"
"r_3","2","117","2016","1","37"
"r_3","2","117","2016","2","50"
"r_3","2","118","2016","0","116"
"r_3","2","118","2016","1","120"
"r_3","2","118","2016","2","105"
"r_3","2","119","2016","0","65"
"r_3","2","119","2016","1","69"
"r_3","2","119","2016","2","54"
"r_3","2","12","2016","0","31"
"r_3","2","12","2016","1","25"
"r_3","2","12","2016","2","46"
"r_3","2","13","2016","0","130"
"r_3","2","13","2016","1","133"
"r_3","2","13","2016","2","122"
"r_3","3","1","2016","0","100"
"r_3","3","1","2016","1","100"
"r_3","3","1","2016","2","100"
"r_3","3","11","2016","0","96.9"
"r_3","3","11","2016","1","97.1"
"r_3","3","11","2016","2","95.7"
"r_3","3","111","2016","0","55"
"r_3","3","111","2016","1","57.8"
"r_3","3","111","2016","2","43.7"
"r_3","3","112","2016","0","2.9"
"r_3","3","112","2016","1","2.9"
"r_3","3","112","2016","2","3.2"
"r_3","3","113","2016","0","5.4"
"r_3","3","113","2016","1","5.4"
"r_3","3","113","2016","2","5.5"
"r_3","3","114","2016","0","0.7"
"r_3","3","114","2016","1","0.6"
"r_3","3","114","2016","2","1.3"
"r_3","3","115","2016","0","28.1"
"r_3","3","115","2016","1","26"
"r_3","3","115","2016","2","36.3"
"r_3","3","116","2016","0","0.4"
"r_3","3","116","2016","1","0.4"
"r_3","3","116","2016","2","0.4"
"r_3","3","117","2016","0","0.8"
"r_3","3","117","2016","1","0.7"
"r_3","3","117","2016","2","1.3"
"r_3","3","118","2016","0","2.3"
"r_3","3","118","2016","1","2.2"
"r_3","3","118","2016","2","2.7"
"r_3","3","119","2016","0","1.3"
"r_3","3","119","2016","1","1.2"
"r_3","3","119","2016","2","1.4"
"r_3","3","12","2016","0","0.6"
"r_3","3","12","2016","1","0.5"
"r_3","3","12","2016","2","1.2"
"r_3","3","13","2016","0","2.5"
"r_3","3","13","2016","1","2.4"
"r_3","3","13","2016","2","3.1"
"r_4","1","1","2017","0","12697"
"r_4","1","1","2017","1","13767"
"r_4","1","1","2017","2","9695"
"r_4","1","11","2017","0","12151"
"r_4","1","11","2017","1","13212"
"r_4","1","11","2017","2","9176"
"r_4","1","111","2017","0","6980"
"r_4","1","111","2017","1","7964"
"r_4","1","111","2017","2","4219"
"r_4","1","112","2017","0","296"
"r_4","1","112","2017","1","320"
"r_4","1","112","2017","2","227"
"r_4","1","113","2017","0","761"
"r_4","1","113","2017","1","854"
"r_4","1","113","2017","2","499"
"r_4","1","114","2017","0","118"
"r_4","1","114","2017","1","109"
"r_4","1","114","2017","2","143"
"r_4","1","115","2017","0","3399"
"r_4","1","115","2017","1","3359"
"r_4","1","115","2017","2","3512"
"r_4","1","116","2017","0","46"
"r_4","1","116","2017","1","49"
"r_4","1","116","2017","2","39"
"r_4","1","117","2017","0","91"
"r_4","1","117","2017","1","82"
"r_4","1","117","2017","2","114"
"r_4","1","118","2017","0","289"
"r_4","1","118","2017","1","302"
"r_4","1","118","2017","2","252"
"r_4","1","119","2017","0","171"
"r_4","1","119","2017","1","171"
"r_4","1","119","2017","2","171"
"r_4","1","12","2017","0","94"
"r_4","1","12","2017","1","84"
"r_4","1","12","2017","2","122"
"r_4","1","13","2017","0","452"
"r_4","1","13","2017","1","472"
"r_4","1","13","2017","2","397"
"r_4","2","1","2017","0","5526"
"r_4","2","1","2017","1","6016"
"r_4","2","1","2017","2","4171"
"r_4","2","11","2017","0","5288"
"r_4","2","11","2017","1","5774"
"r_4","2","11","2017","2","3947"
"r_4","2","111","2017","0","3038"
"r_4","2","111","2017","1","3481"
"r_4","2","111","2017","2","1815"
"r_4","2","112","2017","0","129"
"r_4","2","112","2017","1","140"
"r_4","2","112","2017","2","98"
"r_4","2","113","2017","0","331"
"r_4","2","113","2017","1","373"
"r_4","2","113","2017","2","215"
"r_4","2","114","2017","0","51"
"r_4","2","114","2017","1","48"
"r_4","2","114","2017","2","62"
"r_4","2","115","2017","0","1479"
"r_4","2","115","2017","1","1468"
"r_4","2","115","2017","2","1511"
"r_4","2","116","2017","0","20"
"r_4","2","116","2017","1","21"
"r_4","2","116","2017","2","17"
"r_4","2","117","2017","0","39"
"r_4","2","117","2017","1","36"
"r_4","2","117","2017","2","49"
"r_4","2","118","2017","0","126"
"r_4","2","118","2017","1","132"
"r_4","2","118","2017","2","108"
"r_4","2","119","2017","0","74"
"r_4","2","119","2017","1","75"
"r_4","2","119","2017","2","74"
"r_4","2","12","2017","0","41"
"r_4","2","12","2017","1","37"
"r_4","2","12","2017","2","53"
"r_4","2","13","2017","0","197"
"r_4","2","13","2017","1","206"
"r_4","2","13","2017","2","171"
"r_4","3","1","2017","0","100"
"r_4","3","1","2017","1","100"
"r_4","3","1","2017","2","100"
"r_4","3","11","2017","0","95.7"
"r_4","3","11","2017","1","96"
"r_4","3","11","2017","2","94.6"
"r_4","3","111","2017","0","55"
"r_4","3","111","2017","1","57.9"
"r_4","3","111","2017","2","43.5"
"r_4","3","112","2017","0","2.3"
"r_4","3","112","2017","1","2.3"
"r_4","3","112","2017","2","2.3"
"r_4","3","113","2017","0","6"
"r_4","3","113","2017","1","6.2"
"r_4","3","113","2017","2","5.1"
"r_4","3","114","2017","0","0.9"
"r_4","3","114","2017","1","0.8"
"r_4","3","114","2017","2","1.5"
"r_4","3","115","2017","0","26.8"
"r_4","3","115","2017","1","24.4"
"r_4","3","115","2017","2","36.2"
"r_4","3","116","2017","0","0.4"
"r_4","3","116","2017","1","0.4"
"r_4","3","116","2017","2","0.4"
"r_4","3","117","2017","0","0.7"
"r_4","3","117","2017","1","0.6"
"r_4","3","117","2017","2","1.2"
"r_4","3","118","2017","0","2.3"
"r_4","3","118","2017","1","2.2"
"r_4","3","118","2017","2","2.6"
"r_4","3","119","2017","0","1.3"
"r_4","3","119","2017","1","1.2"
"r_4","3","119","2017","2","1.8"
"r_4","3","12","2017","0","0.7"
"r_4","3","12","2017","1","0.6"
"r_4","3","12","2017","2","1.3"
"r_4","3","13","2017","0","3.6"
"r_4","3","13","2017","1","3.4"
"r_4","3","13","2017","2","4.1"
"r_5","1","1","2018","0","13286"
"r_5","1","1","2018","1","14359"
"r_5","1","1","2018","2","10282"
"r_5","1","11","2018","0","12728"
"r_5","1","11","2018","1","13825"
"r_5","1","11","2018","2","9658"
"r_5","1","111","2018","0","7461"
"r_5","1","111","2018","1","8506"
"r_5","1","111","2018","2","4536"
"r_5","1","112","2018","0","147"
"r_5","1","112","2018","1","151"
"r_5","1","112","2018","2","137"
"r_5","1","113","2018","0","831"
"r_5","1","113","2018","1","942"
"r_5","1","113","2018","2","520"
"r_5","1","114","2018","0","68"
"r_5","1","114","2018","1","70"
"r_5","1","114","2018","2","61"
"r_5","1","115","2018","0","3678"
"r_5","1","115","2018","1","3618"
"r_5","1","115","2018","2","3847"
"r_5","1","116","2018","0","46"
"r_5","1","116","2018","1","51"
"r_5","1","116","2018","2","31"
"r_5","1","117","2018","0","178"
"r_5","1","117","2018","1","180"
"r_5","1","117","2018","2","171"
"r_5","1","118","2018","0","121"
"r_5","1","118","2018","1","109"
"r_5","1","118","2018","2","155"
"r_5","1","119","2018","0","199"
"r_5","1","119","2018","1","199"
"r_5","1","119","2018","2","199"
"r_5","1","12","2018","0","52"
"r_5","1","12","2018","1","26"
"r_5","1","12","2018","2","124"
"r_5","1","13","2018","0","506"
"r_5","1","13","2018","1","508"
"r_5","1","13","2018","2","501"
"r_5","2","1","2018","0","5940"
"r_5","2","1","2018","1","6445"
"r_5","2","1","2018","2","4548"
"r_5","2","11","2018","0","5691"
"r_5","2","11","2018","1","6205"
"r_5","2","11","2018","2","4272"
"r_5","2","111","2018","0","3336"
"r_5","2","111","2018","1","3818"
"r_5","2","111","2018","2","2006"
"r_5","2","112","2018","0","66"
"r_5","2","112","2018","1","68"
"r_5","2","112","2018","2","61"
"r_5","2","113","2018","0","371"
"r_5","2","113","2018","1","423"
"r_5","2","113","2018","2","230"
"r_5","2","114","2018","0","30"
"r_5","2","114","2018","1","32"
"r_5","2","114","2018","2","27"
"r_5","2","115","2018","0","1645"
"r_5","2","115","2018","1","1624"
"r_5","2","115","2018","2","1702"
"r_5","2","116","2018","0","20"
"r_5","2","116","2018","1","23"
"r_5","2","116","2018","2","14"
"r_5","2","117","2018","0","79"
"r_5","2","117","2018","1","81"
"r_5","2","117","2018","2","76"
"r_5","2","118","2018","0","54"
"r_5","2","118","2018","1","49"
"r_5","2","118","2018","2","69"
"r_5","2","119","2018","0","89"
"r_5","2","119","2018","1","89"
"r_5","2","119","2018","2","88"
"r_5","2","12","2018","0","23"
"r_5","2","12","2018","1","12"
"r_5","2","12","2018","2","55"
"r_5","2","13","2018","0","226"
"r_5","2","13","2018","1","228"
"r_5","2","13","2018","2","222"
"r_5","3","1","2018","0","100"
"r_5","3","1","2018","1","100"
"r_5","3","1","2018","2","100"
"r_5","3","11","2018","0","95.8"
"r_5","3","11","2018","1","96.3"
"r_5","3","11","2018","2","93.9"
"r_5","3","111","2018","0","56.2"
"r_5","3","111","2018","1","59.2"
"r_5","3","111","2018","2","44.1"
"r_5","3","112","2018","0","1.1"
"r_5","3","112","2018","1","1.1"
"r_5","3","112","2018","2","1.3"
"r_5","3","113","2018","0","6.3"
"r_5","3","113","2018","1","6.6"
"r_5","3","113","2018","2","5.1"
"r_5","3","114","2018","0","0.5"
"r_5","3","114","2018","1","0.5"
"r_5","3","114","2018","2","0.6"
"r_5","3","115","2018","0","27.7"
"r_5","3","115","2018","1","25.2"
"r_5","3","115","2018","2","37.4"
"r_5","3","116","2018","0","0.3"
"r_5","3","116","2018","1","0.4"
"r_5","3","116","2018","2","0.3"
"r_5","3","117","2018","0","1.3"
"r_5","3","117","2018","1","1.3"
"r_5","3","117","2018","2","1.7"
"r_5","3","118","2018","0","0.9"
"r_5","3","118","2018","1","0.8"
"r_5","3","118","2018","2","1.5"
"r_5","3","119","2018","0","1.5"
"r_5","3","119","2018","1","1.4"
"r_5","3","119","2018","2","1.9"
"r_5","3","12","2018","0","0.4"
"r_5","3","12","2018","1","0.2"
"r_5","3","12","2018","2","1.2"
"r_5","3","13","2018","0","3.8"
"r_5","3","13","2018","1","3.5"
"r_5","3","13","2018","2","4.9"
"r_6","1","1","2019","0","14225"
"r_6","1","1","2019","1","15316"
"r_6","1","1","2019","2","11176"
"r_6","1","11","2019","0","13679"
"r_6","1","11","2019","1","14788"
"r_6","1","11","2019","2","10578"
"r_6","1","111","2019","0","8128"
"r_6","1","111","2019","1","9196"
"r_6","1","111","2019","2","5143"
"r_6","1","112","2019","0","120"
"r_6","1","112","2019","1","123"
"r_6","1","112","2019","2","111"
"r_6","1","113","2019","0","824"
"r_6","1","113","2019","1","912"
"r_6","1","113","2019","2","577"
"r_6","1","114","2019","0","94"
"r_6","1","114","2019","1","99"
"r_6","1","114","2019","2","81"
"r_6","1","115","2019","0","3924"
"r_6","1","115","2019","1","3895"
"r_6","1","115","2019","2","4005"
"r_6","1","116","2019","0","39"
"r_6","1","116","2019","1","30"
"r_6","1","116","2019","2","64"
"r_6","1","117","2019","0","179"
"r_6","1","117","2019","1","186"
"r_6","1","117","2019","2","159"
"r_6","1","118","2019","0","197"
"r_6","1","118","2019","1","184"
"r_6","1","118","2019","2","232"
"r_6","1","119","2019","0","175"
"r_6","1","119","2019","1","164"
"r_6","1","119","2019","2","205"
"r_6","1","12","2019","0","60"
"r_6","1","12","2019","1","39"
"r_6","1","12","2019","2","117"
"r_6","1","13","2019","0","487"
"r_6","1","13","2019","1","489"
"r_6","1","13","2019","2","481"
"r_6","2","1","2019","0","6529"
"r_6","2","1","2019","1","7109"
"r_6","2","1","2019","2","4976"
"r_6","2","11","2019","0","6279"
"r_6","2","11","2019","1","6864"
"r_6","2","11","2019","2","4709"
"r_6","2","111","2019","0","3731"
"r_6","2","111","2019","1","4268"
"r_6","2","111","2019","2","2290"
"r_6","2","112","2019","0","55"
"r_6","2","112","2019","1","57"
"r_6","2","112","2019","2","50"
"r_6","2","113","2019","0","378"
"r_6","2","113","2019","1","423"
"r_6","2","113","2019","2","257"
"r_6","2","114","2019","0","43"
"r_6","2","114","2019","1","46"
"r_6","2","114","2019","2","36"
"r_6","2","115","2019","0","1801"
"r_6","2","115","2019","1","1808"
"r_6","2","115","2019","2","1783"
"r_6","2","116","2019","0","18"
"r_6","2","116","2019","1","14"
"r_6","2","116","2019","2","28"
"r_6","2","117","2019","0","82"
"r_6","2","117","2019","1","86"
"r_6","2","117","2019","2","71"
"r_6","2","118","2019","0","90"
"r_6","2","118","2019","1","85"
"r_6","2","118","2019","2","103"
"r_6","2","119","2019","0","80"
"r_6","2","119","2019","1","76"
"r_6","2","119","2019","2","91"
"r_6","2","12","2019","0","27"
"r_6","2","12","2019","1","18"
"r_6","2","12","2019","2","52"
"r_6","2","13","2019","0","223"
"r_6","2","13","2019","1","227"
"r_6","2","13","2019","2","214"
"r_6","3","1","2019","0","100"
"r_6","3","1","2019","1","100"
"r_6","3","1","2019","2","100"
"r_6","3","11","2019","0","96.2"
"r_6","3","11","2019","1","96.6"
"r_6","3","11","2019","2","94.6"
"r_6","3","111","2019","0","57.1"
"r_6","3","111","2019","1","60"
"r_6","3","111","2019","2","46"
"r_6","3","112","2019","0","0.8"
"r_6","3","112","2019","1","0.8"
"r_6","3","112","2019","2","1"
"r_6","3","113","2019","0","5.8"
"r_6","3","113","2019","1","6"
"r_6","3","113","2019","2","5.2"
"r_6","3","114","2019","0","0.7"
"r_6","3","114","2019","1","0.6"
"r_6","3","114","2019","2","0.7"
"r_6","3","115","2019","0","27.6"
"r_6","3","115","2019","1","25.4"
"r_6","3","115","2019","2","35.8"
"r_6","3","116","2019","0","0.3"
"r_6","3","116","2019","1","0.2"
"r_6","3","116","2019","2","0.6"
"r_6","3","117","2019","0","1.3"
"r_6","3","117","2019","1","1.2"
"r_6","3","117","2019","2","1.4"
"r_6","3","118","2019","0","1.4"
"r_6","3","118","2019","1","1.2"
"r_6","3","118","2019","2","2.1"
"r_6","3","119","2019","0","1.2"
"r_6","3","119","2019","1","1.1"
"r_6","3","119","2019","2","1.8"
"r_6","3","12","2019","0","0.4"
"r_6","3","12","2019","1","0.3"
"r_6","3","12","2019","2","1"
"r_6","3","13","2019","0","3.4"
"r_6","3","13","2019","1","3.2"
"r_6","3","13","2019","2","4.3"
"r_7","1","1","2020","0","14977"
"r_7","1","1","2020","1","15956"
"r_7","1","1","2020","2","12143"
"r_7","1","11","2020","0","14461"
"r_7","1","11","2020","1","15467"
"r_7","1","11","2020","2","11551"
"r_7","1","111","2020","0","8461"
"r_7","1","111","2020","1","9443"
"r_7","1","111","2020","2","5619"
"r_7","1","112","2020","0","98"
"r_7","1","112","2020","1","91"
"r_7","1","112","2020","2","118"
"r_7","1","113","2020","0","860"
"r_7","1","113","2020","1","901"
"r_7","1","113","2020","2","740"
"r_7","1","114","2020","0","93"
"r_7","1","114","2020","1","106"
"r_7","1","114","2020","2","55"
"r_7","1","115","2020","0","4348"
"r_7","1","115","2020","1","4327"
"r_7","1","115","2020","2","4409"
"r_7","1","116","2020","0","69"
"r_7","1","116","2020","1","66"
"r_7","1","116","2020","2","78"
"r_7","1","117","2020","0","177"
"r_7","1","117","2020","1","195"
"r_7","1","117","2020","2","127"
"r_7","1","118","2020","0","186"
"r_7","1","118","2020","1","182"
"r_7","1","118","2020","2","199"
"r_7","1","119","2020","0","169"
"r_7","1","119","2020","1","156"
"r_7","1","119","2020","2","205"
"r_7","1","12","2020","0","43"
"r_7","1","12","2020","1","16"
"r_7","1","12","2020","2","123"
"r_7","1","13","2020","0","473"
"r_7","1","13","2020","1","474"
"r_7","1","13","2020","2","469"
"r_7","2","1","2020","0","6951"
"r_7","2","1","2020","1","7502"
"r_7","2","1","2020","2","5433"
"r_7","2","11","2020","0","6711"
"r_7","2","11","2020","1","7272"
"r_7","2","11","2020","2","5169"
"r_7","2","111","2020","0","3927"
"r_7","2","111","2020","1","4439"
"r_7","2","111","2020","2","2514"
"r_7","2","112","2020","0","45"
"r_7","2","112","2020","1","43"
"r_7","2","112","2020","2","53"
"r_7","2","113","2020","0","399"
"r_7","2","113","2020","1","424"
"r_7","2","113","2020","2","331"
"r_7","2","114","2020","0","43"
"r_7","2","114","2020","1","50"
"r_7","2","114","2020","2","25"
"r_7","2","115","2020","0","2018"
"r_7","2","115","2020","1","2034"
"r_7","2","115","2020","2","1973"
"r_7","2","116","2020","0","32"
"r_7","2","116","2020","1","31"
"r_7","2","116","2020","2","35"
"r_7","2","117","2020","0","82"
"r_7","2","117","2020","1","92"
"r_7","2","117","2020","2","57"
"r_7","2","118","2020","0","86"
"r_7","2","118","2020","1","86"
"r_7","2","118","2020","2","89"
"r_7","2","119","2020","0","78"
"r_7","2","119","2020","1","74"
"r_7","2","119","2020","2","92"
"r_7","2","12","2020","0","20"
"r_7","2","12","2020","1","7"
"r_7","2","12","2020","2","55"
"r_7","2","13","2020","0","219"
"r_7","2","13","2020","1","223"
"r_7","2","13","2020","2","210"
"r_7","3","1","2020","0","100"
"r_7","3","1","2020","1","100"
"r_7","3","1","2020","2","100"
"r_7","3","11","2020","0","96.6"
"r_7","3","11","2020","1","96.9"
"r_7","3","11","2020","2","95.1"
"r_7","3","111","2020","0","56.5"
"r_7","3","111","2020","1","59.2"
"r_7","3","111","2020","2","46.3"
"r_7","3","112","2020","0","0.7"
"r_7","3","112","2020","1","0.6"
"r_7","3","112","2020","2","1"
"r_7","3","113","2020","0","5.7"
"r_7","3","113","2020","1","5.6"
"r_7","3","113","2020","2","6.1"
"r_7","3","114","2020","0","0.6"
"r_7","3","114","2020","1","0.7"
"r_7","3","114","2020","2","0.5"
"r_7","3","115","2020","0","29"
"r_7","3","115","2020","1","27.1"
"r_7","3","115","2020","2","36.3"
"r_7","3","116","2020","0","0.5"
"r_7","3","116","2020","1","0.4"
"r_7","3","116","2020","2","0.6"
"r_7","3","117","2020","0","1.2"
"r_7","3","117","2020","1","1.2"
"r_7","3","117","2020","2","1"
"r_7","3","118","2020","0","1.2"
"r_7","3","118","2020","1","1.1"
"r_7","3","118","2020","2","1.6"
"r_7","3","119","2020","0","1.1"
"r_7","3","119","2020","1","1"
"r_7","3","119","2020","2","1.7"
"r_7","3","12","2020","0","0.3"
"r_7","3","12","2020","1","0.1"
"r_7","3","12","2020","2","1"
"r_7","3","13","2020","0","3.2"
"r_7","3","13","2020","1","3"
"r_7","3","13","2020","2","3.9"
"r_8","1","1","2021","0","16015"
"r_8","1","1","2021","1","17013"
"r_8","1","1","2021","2","13009"
"r_8","1","11","2021","0","15468"
"r_8","1","11","2021","1","16475"
"r_8","1","11","2021","2","12437"
"r_8","1","111","2021","0","9159"
"r_8","1","111","2021","1","10173"
"r_8","1","111","2021","2","6106"
"r_8","1","112","2021","0","100"
"r_8","1","112","2021","1","105"
"r_8","1","112","2021","2","85"
"r_8","1","113","2021","0","767"
"r_8","1","113","2021","1","824"
"r_8","1","113","2021","2","596"
"r_8","1","114","2021","0","69"
"r_8","1","114","2021","1","86"
"r_8","1","114","2021","2","19"
"r_8","1","115","2021","0","4834"
"r_8","1","115","2021","1","4737"
"r_8","1","115","2021","2","5125"
"r_8","1","116","2021","0","64"
"r_8","1","116","2021","1","68"
"r_8","1","116","2021","2","52"
"r_8","1","117","2021","0","148"
"r_8","1","117","2021","1","159"
"r_8","1","117","2021","2","117"
"r_8","1","118","2021","0","181"
"r_8","1","118","2021","1","188"
"r_8","1","118","2021","2","161"
"r_8","1","119","2021","0","146"
"r_8","1","119","2021","1","136"
"r_8","1","119","2021","2","176"
"r_8","1","12","2021","0","32"
"r_8","1","12","2021","1","13"
"r_8","1","12","2021","2","89"
"r_8","1","13","2021","0","515"
"r_8","1","13","2021","1","525"
"r_8","1","13","2021","2","483"
"r_8","2","1","2021","0","7657"
"r_8","2","1","2021","1","8216"
"r_8","2","1","2021","2","6038"
"r_8","2","11","2021","0","7395"
"r_8","2","11","2021","1","7956"
"r_8","2","11","2021","2","5773"
"r_8","2","111","2021","0","4379"
"r_8","2","111","2021","1","4913"
"r_8","2","111","2021","2","2834"
"r_8","2","112","2021","0","48"
"r_8","2","112","2021","1","51"
"r_8","2","112","2021","2","40"
"r_8","2","113","2021","0","367"
"r_8","2","113","2021","1","398"
"r_8","2","113","2021","2","277"
"r_8","2","114","2021","0","33"
"r_8","2","114","2021","1","41"
"r_8","2","114","2021","2","9"
"r_8","2","115","2021","0","2311"
"r_8","2","115","2021","1","2288"
"r_8","2","115","2021","2","2379"
"r_8","2","116","2021","0","31"
"r_8","2","116","2021","1","33"
"r_8","2","116","2021","2","24"
"r_8","2","117","2021","0","71"
"r_8","2","117","2021","1","77"
"r_8","2","117","2021","2","54"
"r_8","2","118","2021","0","87"
"r_8","2","118","2021","1","91"
"r_8","2","118","2021","2","75"
"r_8","2","119","2021","0","70"
"r_8","2","119","2021","1","66"
"r_8","2","119","2021","2","82"
"r_8","2","12","2021","0","15"
"r_8","2","12","2021","1","6"
"r_8","2","12","2021","2","41"
"r_8","2","13","2021","0","246"
"r_8","2","13","2021","1","254"
"r_8","2","13","2021","2","224"
"r_8","3","1","2021","0","100"
"r_8","3","1","2021","1","100"
"r_8","3","1","2021","2","100"
"r_8","3","11","2021","0","96.6"
"r_8","3","11","2021","1","96.8"
"r_8","3","11","2021","2","95.6"
"r_8","3","111","2021","0","57.2"
"r_8","3","111","2021","1","59.8"
"r_8","3","111","2021","2","46.9"
"r_8","3","112","2021","0","0.6"
"r_8","3","112","2021","1","0.6"
"r_8","3","112","2021","2","0.7"
"r_8","3","113","2021","0","4.8"
"r_8","3","113","2021","1","4.8"
"r_8","3","113","2021","2","4.6"
"r_8","3","114","2021","0","0.4"
"r_8","3","114","2021","1","0.5"
"r_8","3","114","2021","2","0.1"
"r_8","3","115","2021","0","30.2"
"r_8","3","115","2021","1","27.8"
"r_8","3","115","2021","2","39.4"
"r_8","3","116","2021","0","0.4"
"r_8","3","116","2021","1","0.4"
"r_8","3","116","2021","2","0.4"
"r_8","3","117","2021","0","0.9"
"r_8","3","117","2021","1","0.9"
"r_8","3","117","2021","2","0.9"
"r_8","3","118","2021","0","1.1"
"r_8","3","118","2021","1","1.1"
"r_8","3","118","2021","2","1.2"
"r_8","3","119","2021","0","0.9"
"r_8","3","119","2021","1","0.8"
"r_8","3","119","2021","2","1.4"
"r_8","3","12","2021","0","0.2"
"r_8","3","12","2021","1","0.1"
"r_8","3","12","2021","2","0.7"
"r_8","3","13","2021","0","3.2"
"r_8","3","13","2021","1","3.1"
"r_8","3","13","2021","2","3.7"
"r_9","1","1","2022","0","18435"
"r_9","1","1","2022","1","19473"
"r_9","1","1","2022","2","15295"
"r_9","1","11","2022","0","17870"
"r_9","1","11","2022","1","18914"
"r_9","1","11","2022","2","14713"
"r_9","1","111","2022","0","9994"
"r_9","1","111","2022","1","11061"
"r_9","1","111","2022","2","6766"
"r_9","1","112","2022","0","144"
"r_9","1","112","2022","1","139"
"r_9","1","112","2022","2","158"
"r_9","1","113","2022","0","781"
"r_9","1","113","2022","1","818"
"r_9","1","113","2022","2","670"
"r_9","1","114","2022","0","106"
"r_9","1","114","2022","1","115"
"r_9","1","114","2022","2","79"
"r_9","1","115","2022","0","6261"
"r_9","1","115","2022","1","6208"
"r_9","1","115","2022","2","6420"
"r_9","1","116","2022","0","61"
"r_9","1","116","2022","1","60"
"r_9","1","116","2022","2","65"
"r_9","1","117","2022","0","155"
"r_9","1","117","2022","1","155"
"r_9","1","117","2022","2","156"
"r_9","1","118","2022","0","184"
"r_9","1","118","2022","1","182"
"r_9","1","118","2022","2","193"
"r_9","1","119","2022","0","183"
"r_9","1","119","2022","1","175"
"r_9","1","119","2022","2","205"
"r_9","1","12","2022","0","62"
"r_9","1","12","2022","1","53"
"r_9","1","12","2022","2","89"
"r_9","1","13","2022","0","503"
"r_9","1","13","2022","1","506"
"r_9","1","13","2022","2","493"
"r_9","2","1","2022","0","8949"
"r_9","2","1","2022","1","9510"
"r_9","2","1","2022","2","7294"
"r_9","2","11","2022","0","8675"
"r_9","2","11","2022","1","9236"
"r_9","2","11","2022","2","7016"
"r_9","2","111","2022","0","4851"
"r_9","2","111","2022","1","5402"
"r_9","2","111","2022","2","3226"
"r_9","2","112","2022","0","70"
"r_9","2","112","2022","1","68"
"r_9","2","112","2022","2","76"
"r_9","2","113","2022","0","379"
"r_9","2","113","2022","1","400"
"r_9","2","113","2022","2","319"
"r_9","2","114","2022","0","52"
"r_9","2","114","2022","1","56"
"r_9","2","114","2022","2","38"
"r_9","2","115","2022","0","3039"
"r_9","2","115","2022","1","3032"
"r_9","2","115","2022","2","3062"
"r_9","2","116","2022","0","30"
"r_9","2","116","2022","1","29"
"r_9","2","116","2022","2","31"
"r_9","2","117","2022","0","75"
"r_9","2","117","2022","1","76"
"r_9","2","117","2022","2","74"
"r_9","2","118","2022","0","90"
"r_9","2","118","2022","1","89"
"r_9","2","118","2022","2","92"
"r_9","2","119","2022","0","89"
"r_9","2","119","2022","1","86"
"r_9","2","119","2022","2","98"
"r_9","2","12","2022","0","30"
"r_9","2","12","2022","1","26"
"r_9","2","12","2022","2","43"
"r_9","2","13","2022","0","244"
"r_9","2","13","2022","1","247"
"r_9","2","13","2022","2","235"
"r_9","3","1","2022","0","100"
"r_9","3","1","2022","1","100"
"r_9","3","1","2022","2","100"
"r_9","3","11","2022","0","96.9"
"r_9","3","11","2022","1","97.1"
"r_9","3","11","2022","2","96.2"
"r_9","3","111","2022","0","54.2"
"r_9","3","111","2022","1","56.8"
"r_9","3","111","2022","2","44.2"
"r_9","3","112","2022","0","0.8"
"r_9","3","112","2022","1","0.7"
"r_9","3","112","2022","2","1"
"r_9","3","113","2022","0","4.2"
"r_9","3","113","2022","1","4.2"
"r_9","3","113","2022","2","4.4"
"r_9","3","114","2022","0","0.6"
"r_9","3","114","2022","1","0.6"
"r_9","3","114","2022","2","0.5"
"r_9","3","115","2022","0","34"
"r_9","3","115","2022","1","31.9"
"r_9","3","115","2022","2","42"
"r_9","3","116","2022","0","0.3"
"r_9","3","116","2022","1","0.3"
"r_9","3","116","2022","2","0.4"
"r_9","3","117","2022","0","0.8"
"r_9","3","117","2022","1","0.8"
"r_9","3","117","2022","2","1"
"r_9","3","118","2022","0","1"
"r_9","3","118","2022","1","0.9"
"r_9","3","118","2022","2","1.3"
"r_9","3","119","2022","0","1"
"r_9","3","119","2022","1","0.9"
"r_9","3","119","2022","2","1.3"
"r_9","3","12","2022","0","0.3"
"r_9","3","12","2022","1","0.3"
"r_9","3","12","2022","2","0.6"
"r_9","3","13","2022","0","2.7"
"r_9","3","13","2022","1","2.6"
"r_9","3","13","2022","2","3.2"
"r_10","1","1","2023","0","21587"
"r_10","1","1","2023","1","23088"
"r_10","1","1","2023","2","17050"
"r_10","1","11","2023","0","20927"
"r_10","1","11","2023","1","22392"
"r_10","1","11","2023","2","16501"
"r_10","1","111","2023","0","11897"
"r_10","1","111","2023","1","13493"
"r_10","1","111","2023","2","7074"
"r_10","1","112","2023","0","200"
"r_10","1","112","2023","1","204"
"r_10","1","112","2023","2","187"
"r_10","1","113","2023","0","1155"
"r_10","1","113","2023","1","1144"
"r_10","1","113","2023","2","1189"
"r_10","1","114","2023","0","70"
"r_10","1","114","2023","1","66"
"r_10","1","114","2023","2","84"
"r_10","1","115","2023","0","6911"
"r_10","1","115","2023","1","6789"
"r_10","1","115","2023","2","7277"
"r_10","1","116","2023","0","56"
"r_10","1","116","2023","1","54"
"r_10","1","116","2023","2","65"
"r_10","1","117","2023","0","200"
"r_10","1","117","2023","1","208"
"r_10","1","117","2023","2","175"
"r_10","1","118","2023","0","181"
"r_10","1","118","2023","1","180"
"r_10","1","118","2023","2","184"
"r_10","1","119","2023","0","257"
"r_10","1","119","2023","1","254"
"r_10","1","119","2023","2","266"
"r_10","1","12","2023","0","98"
"r_10","1","12","2023","1","95"
"r_10","1","12","2023","2","106"
"r_10","1","13","2023","0","562"
"r_10","1","13","2023","1","601"
"r_10","1","13","2023","2","444"
"r_10","2","1","2023","0","10781"
"r_10","2","1","2023","1","11480"
"r_10","2","1","2023","2","8629"
"r_10","2","11","2023","0","10451"
"r_10","2","11","2023","1","11134"
"r_10","2","11","2023","2","8351"
"r_10","2","111","2023","0","5941"
"r_10","2","111","2023","1","6709"
"r_10","2","111","2023","2","3580"
"r_10","2","112","2023","0","100"
"r_10","2","112","2023","1","102"
"r_10","2","112","2023","2","95"
"r_10","2","113","2023","0","577"
"r_10","2","113","2023","1","569"
"r_10","2","113","2023","2","602"
"r_10","2","114","2023","0","35"
"r_10","2","114","2023","1","33"
"r_10","2","114","2023","2","43"
"r_10","2","115","2023","0","3451"
"r_10","2","115","2023","1","3376"
"r_10","2","115","2023","2","3683"
"r_10","2","116","2023","0","28"
"r_10","2","116","2023","1","27"
"r_10","2","116","2023","2","33"
"r_10","2","117","2023","0","100"
"r_10","2","117","2023","1","104"
"r_10","2","117","2023","2","89"
"r_10","2","118","2023","0","90"
"r_10","2","118","2023","1","89"
"r_10","2","118","2023","2","93"
"r_10","2","119","2023","0","128"
"r_10","2","119","2023","1","126"
"r_10","2","119","2023","2","134"
"r_10","2","12","2023","0","49"
"r_10","2","12","2023","1","47"
"r_10","2","12","2023","2","54"
"r_10","2","13","2023","0","281"
"r_10","2","13","2023","1","299"
"r_10","2","13","2023","2","225"
"r_10","3","1","2023","0","100"
"r_10","3","1","2023","1","100"
"r_10","3","1","2023","2","100"
"r_10","3","11","2023","0","96.9"
"r_10","3","11","2023","1","97"
"r_10","3","11","2023","2","96.8"
"r_10","3","111","2023","0","55.1"
"r_10","3","111","2023","1","58.4"
"r_10","3","111","2023","2","41.5"
"r_10","3","112","2023","0","0.9"
"r_10","3","112","2023","1","0.9"
"r_10","3","112","2023","2","1.1"
"r_10","3","113","2023","0","5.4"
"r_10","3","113","2023","1","5"
"r_10","3","113","2023","2","7"
"r_10","3","114","2023","0","0.3"
"r_10","3","114","2023","1","0.3"
"r_10","3","114","2023","2","0.5"
"r_10","3","115","2023","0","32"
"r_10","3","115","2023","1","29.4"
"r_10","3","115","2023","2","42.7"
"r_10","3","116","2023","0","0.3"
"r_10","3","116","2023","1","0.2"
"r_10","3","116","2023","2","0.4"
"r_10","3","117","2023","0","0.9"
"r_10","3","117","2023","1","0.9"
"r_10","3","117","2023","2","1"
"r_10","3","118","2023","0","0.8"
"r_10","3","118","2023","1","0.8"
"r_10","3","118","2023","2","1.1"
"r_10","3","119","2023","0","1.2"
"r_10","3","119","2023","1","1.1"
"r_10","3","119","2023","2","1.6"
"r_10","3","12","2023","0","0.5"
"r_10","3","12","2023","1","0.4"
"r_10","3","12","2023","2","0.6"
"r_10","3","13","2023","0","2.6"
"r_10","3","13","2023","1","2.6"
"r_10","3","13","2023","2","2.6"
"r_11","1","1","2024","0","25474"
"r_11","1","1","2024","1","27113"
"r_11","1","1","2024","2","20325"
"r_11","1","11","2024","0","24772"
"r_11","1","11","2024","1","26411"
"r_11","1","11","2024","2","19618"
"r_11","1","111","2024","0","14089"
"r_11","1","111","2024","1","15706"
"r_11","1","111","2024","2","9009"
"r_11","1","112","2024","0","339"
"r_11","1","112","2024","1","366"
"r_11","1","112","2024","2","255"
"r_11","1","113","2024","0","1749"
"r_11","1","113","2024","1","1834"
"r_11","1","113","2024","2","1483"
"r_11","1","114","2024","0","71"
"r_11","1","114","2024","1","76"
"r_11","1","114","2024","2","55"
"r_11","1","115","2024","0","7698"
"r_11","1","115","2024","1","7611"
"r_11","1","115","2024","2","7969"
"r_11","1","116","2024","0","82"
"r_11","1","116","2024","1","46"
"r_11","1","116","2024","2","194"
"r_11","1","117","2024","0","221"
"r_11","1","117","2024","1","243"
"r_11","1","117","2024","2","152"
"r_11","1","118","2024","0","235"
"r_11","1","118","2024","1","211"
"r_11","1","118","2024","2","311"
"r_11","1","119","2024","0","287"
"r_11","1","119","2024","1","318"
"r_11","1","119","2024","2","190"
"r_11","1","12","2024","0","159"
"r_11","1","12","2024","1","166"
"r_11","1","12","2024","2","137"
"r_11","1","13","2024","0","544"
"r_11","1","13","2024","1","535"
"r_11","1","13","2024","2","570"
"r_11","2","1","2024","0","12784"
"r_11","2","1","2024","1","13737"
"r_11","2","1","2024","2","9904"
"r_11","2","11","2024","0","12431"
"r_11","2","11","2024","1","13381"
"r_11","2","11","2024","2","9559"
"r_11","2","111","2024","0","7071"
"r_11","2","111","2024","1","7957"
"r_11","2","111","2024","2","4390"
"r_11","2","112","2024","0","170"
"r_11","2","112","2024","1","186"
"r_11","2","112","2024","2","124"
"r_11","2","113","2024","0","878"
"r_11","2","113","2024","1","929"
"r_11","2","113","2024","2","723"
"r_11","2","114","2024","0","35"
"r_11","2","114","2024","1","38"
"r_11","2","114","2024","2","27"
"r_11","2","115","2024","0","3863"
"r_11","2","115","2024","1","3856"
"r_11","2","115","2024","2","3883"
"r_11","2","116","2024","0","41"
"r_11","2","116","2024","1","23"
"r_11","2","116","2024","2","94"
"r_11","2","117","2024","0","111"
"r_11","2","117","2024","1","123"
"r_11","2","117","2024","2","74"
"r_11","2","118","2024","0","118"
"r_11","2","118","2024","1","107"
"r_11","2","118","2024","2","152"
"r_11","2","119","2024","0","144"
"r_11","2","119","2024","1","161"
"r_11","2","119","2024","2","93"
"r_11","2","12","2024","0","80"
"r_11","2","12","2024","1","84"
"r_11","2","12","2024","2","67"
"r_11","2","13","2024","0","273"
"r_11","2","13","2024","1","271"
"r_11","2","13","2024","2","278"
"r_11","3","1","2024","0","100"
"r_11","3","1","2024","1","100"
"r_11","3","1","2024","2","100"
"r_11","3","11","2024","0","97.2"
"r_11","3","11","2024","1","97.4"
"r_11","3","11","2024","2","96.5"
"r_11","3","111","2024","0","55.3"
"r_11","3","111","2024","1","57.9"
"r_11","3","111","2024","2","44.3"
"r_11","3","112","2024","0","1.3"
"r_11","3","112","2024","1","1.4"
"r_11","3","112","2024","2","1.3"
"r_11","3","113","2024","0","6.9"
"r_11","3","113","2024","1","6.8"
"r_11","3","113","2024","2","7.3"
"r_11","3","114","2024","0","0.3"
"r_11","3","114","2024","1","0.3"
"r_11","3","114","2024","2","0.3"
"r_11","3","115","2024","0","30.2"
"r_11","3","115","2024","1","28.1"
"r_11","3","115","2024","2","39.2"
"r_11","3","116","2024","0","0.3"
"r_11","3","116","2024","1","0.2"
"r_11","3","116","2024","2","1"
"r_11","3","117","2024","0","0.9"
"r_11","3","117","2024","1","0.9"
"r_11","3","117","2024","2","0.7"
"r_11","3","118","2024","0","0.9"
"r_11","3","118","2024","1","0.8"
"r_11","3","118","2024","2","1.5"
"r_11","3","119","2024","0","1.1"
"r_11","3","119","2024","1","1.2"
"r_11","3","119","2024","2","0.9"
"r_11","3","12","2024","0","0.6"
"r_11","3","12","2024","1","0.6"
"r_11","3","12","2024","2","0.7"
"r_11","3","13","2024","0","2.1"
"r_11","3","13","2024","1","2"
"r_11","3","13","2024","2","2.8"