RevisionColumn,Age10_LFS,Units,periods,GenderID,ValueColumn
"r_3","0","1000cp","2017Q1","0","134.6"
"r_3","0","1000cp","2017Q1","1","72.3"
"r_3","0","1000cp","2017Q1","2","62.3"
"r_3","15 - 64","1000cp","2017Q1","0","132.1"
"r_3","15 - 64","1000cp","2017Q1","1","71.1"
"r_3","15 - 64","1000cp","2017Q1","2","61"
"r_3","15 - 24","1000cp","2017Q1","0","16.7"
"r_3","15 - 24","1000cp","2017Q1","1","9"
"r_3","15 - 24","1000cp","2017Q1","2","7.7"
"r_3","25 - 34","1000cp","2017Q1","0","33.7"
"r_3","25 - 34","1000cp","2017Q1","1","20.2"
"r_3","25 - 34","1000cp","2017Q1","2","13.5"
"r_3","35 - 44","1000cp","2017Q1","0","28.4"
"r_3","35 - 44","1000cp","2017Q1","1","16"
"r_3","35 - 44","1000cp","2017Q1","2","12.3"
"r_3","45 - 54","1000cp","2017Q1","0","27"
"r_3","45 - 54","1000cp","2017Q1","1","12.8"
"r_3","45 - 54","1000cp","2017Q1","2","14.2"
"r_3","55+","1000cp","2017Q1","0","28.8"
"r_3","55+","1000cp","2017Q1","1","14.3"
"r_3","55+","1000cp","2017Q1","2","14.5"
"r_3","0","1000cp","2017Q2","0","119.6"
"r_3","0","1000cp","2017Q2","1","60.4"
"r_3","0","1000cp","2017Q2","2","59.2"
"r_3","15 - 64","1000cp","2017Q2","0","115.6"
"r_3","15 - 64","1000cp","2017Q2","1","58.2"
"r_3","15 - 64","1000cp","2017Q2","2","57.4"
"r_3","15 - 24","1000cp","2017Q2","0","14.4"
"r_3","15 - 24","1000cp","2017Q2","1","7.8"
"r_3","15 - 24","1000cp","2017Q2","2","6.6"
"r_3","25 - 34","1000cp","2017Q2","0","27.2"
"r_3","25 - 34","1000cp","2017Q2","1","14.3"
"r_3","25 - 34","1000cp","2017Q2","2","12.9"
"r_3","35 - 44","1000cp","2017Q2","0","25.7"
"r_3","35 - 44","1000cp","2017Q2","1","13.2"
"r_3","35 - 44","1000cp","2017Q2","2","12.5"
"r_3","45 - 54","1000cp","2017Q2","0","23"
"r_3","45 - 54","1000cp","2017Q2","1","11.2"
"r_3","45 - 54","1000cp","2017Q2","2","11.8"
"r_3","55+","1000cp","2017Q2","0","29.3"
"r_3","55+","1000cp","2017Q2","1","13.9"
"r_3","55+","1000cp","2017Q2","2","15.4"
"r_3","0","1000cp","2017Q3","0","107.4"
"r_3","0","1000cp","2017Q3","1","56.6"
"r_3","0","1000cp","2017Q3","2","50.8"
"r_3","15 - 64","1000cp","2017Q3","0","103"
"r_3","15 - 64","1000cp","2017Q3","1","54.5"
"r_3","15 - 64","1000cp","2017Q3","2","48.5"
"r_3","15 - 24","1000cp","2017Q3","0","12"
"r_3","15 - 24","1000cp","2017Q3","1","7.9"
"r_3","15 - 24","1000cp","2017Q3","2","(4.2)"
"r_3","25 - 34","1000cp","2017Q3","0","24.2"
"r_3","25 - 34","1000cp","2017Q3","1","14.2"
"r_3","25 - 34","1000cp","2017Q3","2","10"
"r_3","35 - 44","1000cp","2017Q3","0","22.2"
"r_3","35 - 44","1000cp","2017Q3","1","13.2"
"r_3","35 - 44","1000cp","2017Q3","2","9"
"r_3","45 - 54","1000cp","2017Q3","0","21.9"
"r_3","45 - 54","1000cp","2017Q3","1","10.7"
"r_3","45 - 54","1000cp","2017Q3","2","11.2"
"r_3","55+","1000cp","2017Q3","0","27.2"
"r_3","55+","1000cp","2017Q3","1","10.6"
"r_3","55+","1000cp","2017Q3","2","16.6"
"r_3","0","1000cp","2017Q4","0","101.7"
"r_3","0","1000cp","2017Q4","1","53.3"
"r_3","0","1000cp","2017Q4","2","48.4"
"r_3","15 - 64","1000cp","2017Q4","0","98.3"
"r_3","15 - 64","1000cp","2017Q4","1","51.8"
"r_3","15 - 64","1000cp","2017Q4","2","46.5"
"r_3","15 - 24","1000cp","2017Q4","0","10.9"
"r_3","15 - 24","1000cp","2017Q4","1","6.7"
"r_3","15 - 24","1000cp","2017Q4","2","(4.2)"
"r_3","25 - 34","1000cp","2017Q4","0","20.9"
"r_3","25 - 34","1000cp","2017Q4","1","11.3"
"r_3","25 - 34","1000cp","2017Q4","2","9.5"
"r_3","35 - 44","1000cp","2017Q4","0","21.9"
"r_3","35 - 44","1000cp","2017Q4","1","12.6"
"r_3","35 - 44","1000cp","2017Q4","2","9.3"
"r_3","45 - 54","1000cp","2017Q4","0","22"
"r_3","45 - 54","1000cp","2017Q4","1","12.4"
"r_3","45 - 54","1000cp","2017Q4","2","9.6"
"r_3","55+","1000cp","2017Q4","0","26.1"
"r_3","55+","1000cp","2017Q4","1","10.2"
"r_3","55+","1000cp","2017Q4","2","15.8"
"r_3","0","1000cp","2018Q1","0","95.7"
"r_3","0","1000cp","2018Q1","1","47.6"
"r_3","0","1000cp","2018Q1","2","48.1"
"r_3","15 - 64","1000cp","2018Q1","0","91.6"
"r_3","15 - 64","1000cp","2018Q1","1","45.5"
"r_3","15 - 64","1000cp","2018Q1","2","46.1"
"r_3","15 - 24","1000cp","2018Q1","0","13.3"
"r_3","15 - 24","1000cp","2018Q1","1","7.3"
"r_3","15 - 24","1000cp","2018Q1","2","6"
"r_3","25 - 34","1000cp","2018Q1","0","20.5"
"r_3","25 - 34","1000cp","2018Q1","1","10.7"
"r_3","25 - 34","1000cp","2018Q1","2","9.9"
"r_3","35 - 44","1000cp","2018Q1","0","21.5"
"r_3","35 - 44","1000cp","2018Q1","1","10.5"
"r_3","35 - 44","1000cp","2018Q1","2","11"
"r_3","45 - 54","1000cp","2018Q1","0","17.8"
"r_3","45 - 54","1000cp","2018Q1","1","8.1"
"r_3","45 - 54","1000cp","2018Q1","2","9.6"
"r_3","55+","1000cp","2018Q1","0","22.6"
"r_3","55+","1000cp","2018Q1","1","11.1"
"r_3","55+","1000cp","2018Q1","2","11.5"
"r_3","0","1000cp","2018Q2","0","89.8"
"r_3","0","1000cp","2018Q2","1","45.1"
"r_3","0","1000cp","2018Q2","2","44.7"
"r_3","15 - 64","1000cp","2018Q2","0","84.4"
"r_3","15 - 64","1000cp","2018Q2","1","42.3"
"r_3","15 - 64","1000cp","2018Q2","2","42.1"
"r_3","15 - 24","1000cp","2018Q2","0","11.9"
"r_3","15 - 24","1000cp","2018Q2","1","7"
"r_3","15 - 24","1000cp","2018Q2","2","(4.9)"
"r_3","25 - 34","1000cp","2018Q2","0","16.9"
"r_3","25 - 34","1000cp","2018Q2","1","9.4"
"r_3","25 - 34","1000cp","2018Q2","2","7.5"
"r_3","35 - 44","1000cp","2018Q2","0","19.7"
"r_3","35 - 44","1000cp","2018Q2","1","9.3"
"r_3","35 - 44","1000cp","2018Q2","2","10.3"
"r_3","45 - 54","1000cp","2018Q2","0","15.6"
"r_3","45 - 54","1000cp","2018Q2","1","7.9"
"r_3","45 - 54","1000cp","2018Q2","2","7.8"
"r_3","55+","1000cp","2018Q2","0","25.6"
"r_3","55+","1000cp","2018Q2","1","11.5"
"r_3","55+","1000cp","2018Q2","2","14.1"
"r_3","0","1000cp","2018Q3","0","82.3"
"r_3","0","1000cp","2018Q3","1","43.2"
"r_3","0","1000cp","2018Q3","2","39.2"
"r_3","15 - 64","1000cp","2018Q3","0","78.8"
"r_3","15 - 64","1000cp","2018Q3","1","41.5"
"r_3","15 - 64","1000cp","2018Q3","2","37.3"
"r_3","15 - 24","1000cp","2018Q3","0","14.1"
"r_3","15 - 24","1000cp","2018Q3","1","9.2"
"r_3","15 - 24","1000cp","2018Q3","2","(4.9)"
"r_3","25 - 34","1000cp","2018Q3","0","13.9"
"r_3","25 - 34","1000cp","2018Q3","1","7.2"
"r_3","25 - 34","1000cp","2018Q3","2","6.8"
"r_3","35 - 44","1000cp","2018Q3","0","20.3"
"r_3","35 - 44","1000cp","2018Q3","1","11.1"
"r_3","35 - 44","1000cp","2018Q3","2","9.2"
"r_3","45 - 54","1000cp","2018Q3","0","12.3"
"r_3","45 - 54","1000cp","2018Q3","1","6.2"
"r_3","45 - 54","1000cp","2018Q3","2","6.1"
"r_3","55+","1000cp","2018Q3","0","21.8"
"r_3","55+","1000cp","2018Q3","1","9.5"
"r_3","55+","1000cp","2018Q3","2","12.2"
"r_3","0","1000cp","2018Q4","0","73.6"
"r_3","0","1000cp","2018Q4","1","41.4"
"r_3","0","1000cp","2018Q4","2","32.2"
"r_3","15 - 64","1000cp","2018Q4","0","71"
"r_3","15 - 64","1000cp","2018Q4","1","39.8"
"r_3","15 - 64","1000cp","2018Q4","2","31.3"
"r_3","15 - 24","1000cp","2018Q4","0","11.5"
"r_3","15 - 24","1000cp","2018Q4","1","7.4"
"r_3","15 - 24","1000cp","2018Q4","2","(4.1)"
"r_3","25 - 34","1000cp","2018Q4","0","13.7"
"r_3","25 - 34","1000cp","2018Q4","1","8.8"
"r_3","25 - 34","1000cp","2018Q4","2","(5.0)"
"r_3","35 - 44","1000cp","2018Q4","0","15.9"
"r_3","35 - 44","1000cp","2018Q4","1","9.5"
"r_3","35 - 44","1000cp","2018Q4","2","6.4"
"r_3","45 - 54","1000cp","2018Q4","0","13.4"
"r_3","45 - 54","1000cp","2018Q4","1","6.7"
"r_3","45 - 54","1000cp","2018Q4","2","6.7"
"r_3","55+","1000cp","2018Q4","0","19.1"
"r_3","55+","1000cp","2018Q4","1","9"
"r_3","55+","1000cp","2018Q4","2","10"
"r_3","0","1000cp","2019Q1","0","65.8"
"r_3","0","1000cp","2019Q1","1","35.4"
"r_3","0","1000cp","2019Q1","2","30.4"
"r_3","15 - 64","1000cp","2019Q1","0","63.6"
"r_3","15 - 64","1000cp","2019Q1","1","33.2"
"r_3","15 - 64","1000cp","2019Q1","2","30.4"
"r_3","15 - 24","1000cp","2019Q1","0","11.1"
"r_3","15 - 24","1000cp","2019Q1","1","6.7"
"r_3","15 - 24","1000cp","2019Q1","2","(4.3)"
"r_3","25 - 34","1000cp","2019Q1","0","9.9"
"r_3","25 - 34","1000cp","2019Q1","1","(4.2)"
"r_3","25 - 34","1000cp","2019Q1","2","5.7"
"r_3","35 - 44","1000cp","2019Q1","0","14.4"
"r_3","35 - 44","1000cp","2019Q1","1","8.1"
"r_3","35 - 44","1000cp","2019Q1","2","6.3"
"r_3","45 - 54","1000cp","2019Q1","0","14.7"
"r_3","45 - 54","1000cp","2019Q1","1","8.1"
"r_3","45 - 54","1000cp","2019Q1","2","6.7"
"r_3","55+","1000cp","2019Q1","0","15.7"
"r_3","55+","1000cp","2019Q1","1","8.3"
"r_3","55+","1000cp","2019Q1","2","7.4"
"r_3","0","1000cp","2019Q2","0","63.3"
"r_3","0","1000cp","2019Q2","1","33"
"r_3","0","1000cp","2019Q2","2","30.3"
"r_3","15 - 64","1000cp","2019Q2","0","61.2"
"r_3","15 - 64","1000cp","2019Q2","1","31.8"
"r_3","15 - 64","1000cp","2019Q2","2","29.4"
"r_3","15 - 24","1000cp","2019Q2","0","9.9"
"r_3","15 - 24","1000cp","2019Q2","1","6.4"
"r_3","15 - 24","1000cp","2019Q2","2","(3.5)"
"r_3","25 - 34","1000cp","2019Q2","0","13.7"
"r_3","25 - 34","1000cp","2019Q2","1","6.8"
"r_3","25 - 34","1000cp","2019Q2","2","6.9"
"r_3","35 - 44","1000cp","2019Q2","0","14.9"
"r_3","35 - 44","1000cp","2019Q2","1","7.1"
"r_3","35 - 44","1000cp","2019Q2","2","7.8"
"r_3","45 - 54","1000cp","2019Q2","0","9"
"r_3","45 - 54","1000cp","2019Q2","1","5.2"
"r_3","45 - 54","1000cp","2019Q2","2","(3.8)"
"r_3","55+","1000cp","2019Q2","0","15.8"
"r_3","55+","1000cp","2019Q2","1","7.4"
"r_3","55+","1000cp","2019Q2","2","8.4"
"r_4","0","1000cp","2019Q3","0","63.3"
"r_4","0","1000cp","2019Q3","1","32.6"
"r_4","0","1000cp","2019Q3","2","30.7"
"r_4","15 - 64","1000cp","2019Q3","0","61.4"
"r_4","15 - 64","1000cp","2019Q3","1","31.7"
"r_4","15 - 64","1000cp","2019Q3","2","29.8"
"r_4","15 - 24","1000cp","2019Q3","0","11.7"
"r_4","15 - 24","1000cp","2019Q3","1","7.4"
"r_4","15 - 24","1000cp","2019Q3","2","(4.3)"
"r_4","25 - 34","1000cp","2019Q3","0","11.6"
"r_4","25 - 34","1000cp","2019Q3","1","5.7"
"r_4","25 - 34","1000cp","2019Q3","2","5.9"
"r_4","35 - 44","1000cp","2019Q3","0","15"
"r_4","35 - 44","1000cp","2019Q3","1","8.2"
"r_4","35 - 44","1000cp","2019Q3","2","6.8"
"r_4","45 - 54","1000cp","2019Q3","0","9.8"
"r_4","45 - 54","1000cp","2019Q3","1","5.1"
"r_4","45 - 54","1000cp","2019Q3","2","(4.7)"
"r_4","55+","1000cp","2019Q3","0","15.1"
"r_4","55+","1000cp","2019Q3","1","6.1"
"r_4","55+","1000cp","2019Q3","2","9"
"r_5","0","1000cp","2019Q4","0","63"
"r_5","0","1000cp","2019Q4","1","31.3"
"r_5","0","1000cp","2019Q4","2","31.6"
"r_5","15 - 64","1000cp","2019Q4","0","60.6"
"r_5","15 - 64","1000cp","2019Q4","1","29.6"
"r_5","15 - 64","1000cp","2019Q4","2","31"
"r_5","15 - 24","1000cp","2019Q4","0","10.8"
"r_5","15 - 24","1000cp","2019Q4","1","7.4"
"r_5","15 - 24","1000cp","2019Q4","2","(3.5)"
"r_5","25 - 34","1000cp","2019Q4","0","10.5"
"r_5","25 - 34","1000cp","2019Q4","1","(5.4)"
"r_5","25 - 34","1000cp","2019Q4","2","(5.1)"
"r_5","35 - 44","1000cp","2019Q4","0","11"
"r_5","35 - 44","1000cp","2019Q4","1","(5.2)"
"r_5","35 - 44","1000cp","2019Q4","2","(5.8)"
"r_5","45 - 54","1000cp","2019Q4","0","13.4"
"r_5","45 - 54","1000cp","2019Q4","1","(5.6)"
"r_5","45 - 54","1000cp","2019Q4","2","7.8"
"r_5","55+","1000cp","2019Q4","0","17.3"
"r_5","55+","1000cp","2019Q4","1","7.8"
"r_5","55+","1000cp","2019Q4","2","9.5"
"r_6","0","1000cp","2020Q1","0","69.2"
"r_6","0","1000cp","2020Q1","1","35.9"
"r_6","0","1000cp","2020Q1","2","33.3"
"r_6","15 - 64","1000cp","2020Q1","0","67.4"
"r_6","15 - 64","1000cp","2020Q1","1","34.8"
"r_6","15 - 64","1000cp","2020Q1","2","32.6"
"r_6","15 - 24","1000cp","2020Q1","0","13.6"
"r_6","15 - 24","1000cp","2020Q1","1","10.2"
"r_6","15 - 24","1000cp","2020Q1","2","(3.4)"
"r_6","25 - 34","1000cp","2020Q1","0","11.7"
"r_6","25 - 34","1000cp","2020Q1","1","(6.2)"
"r_6","25 - 34","1000cp","2020Q1","2","(5.5)"
"r_6","35 - 44","1000cp","2020Q1","0","12.5"
"r_6","35 - 44","1000cp","2020Q1","1","(5.3)"
"r_6","35 - 44","1000cp","2020Q1","2","7.2"
"r_6","45 - 54","1000cp","2020Q1","0","15.1"
"r_6","45 - 54","1000cp","2020Q1","1","(6.6)"
"r_6","45 - 54","1000cp","2020Q1","2","8.5"
"r_6","55+","1000cp","2020Q1","0","16.2"
"r_6","55+","1000cp","2020Q1","1","7.6"
"r_6","55+","1000cp","2020Q1","2","8.6"
"r_7","0","1000cp","2020Q2","0","60.5"
"r_7","0","1000cp","2020Q2","1","31.7"
"r_7","0","1000cp","2020Q2","2","28.8"
"r_7","15 - 64","1000cp","2020Q2","0","58.2"
"r_7","15 - 64","1000cp","2020Q2","1","30.3"
"r_7","15 - 64","1000cp","2020Q2","2","27.9"
"r_7","15 - 24","1000cp","2020Q2","0","8.2"
"r_7","15 - 24","1000cp","2020Q2","1","(5.8)"
"r_7","15 - 24","1000cp","2020Q2","2","(2.4)"
"r_7","25 - 34","1000cp","2020Q2","0","16.8"
"r_7","25 - 34","1000cp","2020Q2","1","9.1"
"r_7","25 - 34","1000cp","2020Q2","2","7.7"
"r_7","35 - 44","1000cp","2020Q2","0","11.7"
"r_7","35 - 44","1000cp","2020Q2","1","(5.6)"
"r_7","35 - 44","1000cp","2020Q2","2","(6.1)"
"r_7","45 - 54","1000cp","2020Q2","0","12.3"
"r_7","45 - 54","1000cp","2020Q2","1","(5.5)"
"r_7","45 - 54","1000cp","2020Q2","2","(6.8)"
"r_7","55+","1000cp","2020Q2","0","11.5"
"r_7","55+","1000cp","2020Q2","1","(5.7)"
"r_7","55+","1000cp","2020Q2","2","(5.8)"
"r_8","0","1000cp","2020Q3","0","61.2"
"r_8","0","1000cp","2020Q3","1","33.1"
"r_8","0","1000cp","2020Q3","2","28.1"
"r_8","15 - 64","1000cp","2020Q3","0","58.6"
"r_8","15 - 64","1000cp","2020Q3","1","32"
"r_8","15 - 64","1000cp","2020Q3","2","26.6"
"r_8","15 - 24","1000cp","2020Q3","0","8.7"
"r_8","15 - 24","1000cp","2020Q3","1","6.1"
"r_8","15 - 24","1000cp","2020Q3","2","(2.6)"
"r_8","25 - 34","1000cp","2020Q3","0","14.2"
"r_8","25 - 34","1000cp","2020Q3","1","8.1"
"r_8","25 - 34","1000cp","2020Q3","2","6.1"
"r_8","35 - 44","1000cp","2020Q3","0","10.7"
"r_8","35 - 44","1000cp","2020Q3","1","(5.6)"
"r_8","35 - 44","1000cp","2020Q3","2","(5.0)"
"r_8","45 - 54","1000cp","2020Q3","0","13.3"
"r_8","45 - 54","1000cp","2020Q3","1","7.3"
"r_8","45 - 54","1000cp","2020Q3","2","6"
"r_8","55+","1000cp","2020Q3","0","14.3"
"r_8","55+","1000cp","2020Q3","1","6"
"r_8","55+","1000cp","2020Q3","2","8.3"
"r_9","0","1000cp","2020Q4","0","64.4"
"r_9","0","1000cp","2020Q4","1","34.8"
"r_9","0","1000cp","2020Q4","2","29.6"
"r_9","15 - 64","1000cp","2020Q4","0","62.1"
"r_9","15 - 64","1000cp","2020Q4","1","33.6"
"r_9","15 - 64","1000cp","2020Q4","2","28.5"
"r_9","15 - 24","1000cp","2020Q4","0","9.2"
"r_9","15 - 24","1000cp","2020Q4","1","6.5"
"r_9","15 - 24","1000cp","2020Q4","2","(2.6)"
"r_9","25 - 34","1000cp","2020Q4","0","11.8"
"r_9","25 - 34","1000cp","2020Q4","1","8.2"
"r_9","25 - 34","1000cp","2020Q4","2","(3.6)"
"r_9","35 - 44","1000cp","2020Q4","0","13.1"
"r_9","35 - 44","1000cp","2020Q4","1","6.3"
"r_9","35 - 44","1000cp","2020Q4","2","6.9"
"r_9","45 - 54","1000cp","2020Q4","0","13.5"
"r_9","45 - 54","1000cp","2020Q4","1","6.3"
"r_9","45 - 54","1000cp","2020Q4","2","7.2"
"r_9","55+","1000cp","2020Q4","0","16.9"
"r_9","55+","1000cp","2020Q4","1","7.5"
"r_9","55+","1000cp","2020Q4","2","9.4"
"r_18","0","1000cp","2023Q1","0","44.9"
"r_18","0","1000cp","2023Q1","1","25.5"
"r_18","0","1000cp","2023Q1","2","19.4"
"r_18","15 - 64","1000cp","2023Q1","0","43.6"
"r_18","15 - 64","1000cp","2023Q1","1","24.6"
"r_18","15 - 64","1000cp","2023Q1","2","19"
"r_18","15 - 24","1000cp","2023Q1","0","7.9"
"r_18","15 - 24","1000cp","2023Q1","1","(4.8)"
"r_18","15 - 24","1000cp","2023Q1","2","(3.2)"
"r_18","25 - 34","1000cp","2023Q1","0","9"
"r_18","25 - 34","1000cp","2023Q1","1","6.2"
"r_18","25 - 34","1000cp","2023Q1","2","(2.8)"
"r_18","35 - 44","1000cp","2023Q1","0","9"
"r_18","35 - 44","1000cp","2023Q1","1","(5.2)"
"r_18","35 - 44","1000cp","2023Q1","2","(3.7)"
"r_18","45 - 54","1000cp","2023Q1","0","8.8"
"r_18","45 - 54","1000cp","2023Q1","1","(4.4)"
"r_18","45 - 54","1000cp","2023Q1","2","(4.4)"
"r_18","55+","1000cp","2023Q1","0","10.2"
"r_18","55+","1000cp","2023Q1","1","(4.9)"
"r_18","55+","1000cp","2023Q1","2","(5.3)"
"r_19","0","1000cp","2023Q2","0","30.3"
"r_19","0","1000cp","2023Q2","1","18.3"
"r_19","0","1000cp","2023Q2","2","12"
"r_19","15 - 64","1000cp","2023Q2","0","29.6"
"r_19","15 - 64","1000cp","2023Q2","1","17.9"
"r_19","15 - 64","1000cp","2023Q2","2","11.7"
"r_19","15 - 24","1000cp","2023Q2","0","(5.4)"
"r_19","15 - 24","1000cp","2023Q2","1","(3.7)"
"r_19","15 - 24","1000cp","2023Q2","2","(1.8)"
"r_19","25 - 34","1000cp","2023Q2","0","7.8"
"r_19","25 - 34","1000cp","2023Q2","1","5.8"
"r_19","25 - 34","1000cp","2023Q2","2","(2.0)"
"r_19","35 - 44","1000cp","2023Q2","0","(3.5)"
"r_19","35 - 44","1000cp","2023Q2","1","(1.9)"
"r_19","35 - 44","1000cp","2023Q2","2","(1.6)"
"r_19","45 - 54","1000cp","2023Q2","0","6"
"r_19","45 - 54","1000cp","2023Q2","1","(3.4)"
"r_19","45 - 54","1000cp","2023Q2","2","(2.6)"
"r_19","55+","1000cp","2023Q2","0","7.6"
"r_19","55+","1000cp","2023Q2","1","(3.6)"
"r_19","55+","1000cp","2023Q2","2","(4.1)"
"r_20","0","1000cp","2023Q3","0","37.3"
"r_20","0","1000cp","2023Q3","1","21.2"
"r_20","0","1000cp","2023Q3","2","16.1"
"r_20","15 - 64","1000cp","2023Q3","0","36"
"r_20","15 - 64","1000cp","2023Q3","1","20.6"
"r_20","15 - 64","1000cp","2023Q3","2","15.4"
"r_20","15 - 24","1000cp","2023Q3","0","7.2"
"r_20","15 - 24","1000cp","2023Q3","1","5.3"
"r_20","15 - 24","1000cp","2023Q3","2","(1.9)"
"r_20","25 - 34","1000cp","2023Q3","0","8.5"
"r_20","25 - 34","1000cp","2023Q3","1","5.3"
"r_20","25 - 34","1000cp","2023Q3","2","(3.2)"
"r_20","35 - 44","1000cp","2023Q3","0","(4.9)"
"r_20","35 - 44","1000cp","2023Q3","1","(1.6)"
"r_20","35 - 44","1000cp","2023Q3","2","(3.3)"
"r_20","45 - 54","1000cp","2023Q3","0","9.2"
"r_20","45 - 54","1000cp","2023Q3","1","5.7"
"r_20","45 - 54","1000cp","2023Q3","2","(3.5)"
"r_20","55+","1000cp","2023Q3","0","7.5"
"r_20","55+","1000cp","2023Q3","1","(3.3)"
"r_20","55+","1000cp","2023Q3","2","(4.2)"
"r_21","0","1000cp","2022Q1","0","52.5"
"r_21","0","1000cp","2022Q1","1","29.3"
"r_21","0","1000cp","2022Q1","2","23.3"
"r_21","15 - 64","1000cp","2022Q1","0","50.5"
"r_21","15 - 64","1000cp","2022Q1","1","28.3"
"r_21","15 - 64","1000cp","2022Q1","2","22.2"
"r_21","15 - 24","1000cp","2022Q1","0","7.9"
"r_21","15 - 24","1000cp","2022Q1","1","(4.4)"
"r_21","15 - 24","1000cp","2022Q1","2","(3.5)"
"r_21","25 - 34","1000cp","2022Q1","0","9.6"
"r_21","25 - 34","1000cp","2022Q1","1","5.8"
"r_21","25 - 34","1000cp","2022Q1","2","(3.8)"
"r_21","35 - 44","1000cp","2022Q1","0","13.3"
"r_21","35 - 44","1000cp","2022Q1","1","7.1"
"r_21","35 - 44","1000cp","2022Q1","2","6.2"
"r_21","45 - 54","1000cp","2022Q1","0","11.9"
"r_21","45 - 54","1000cp","2022Q1","1","6.8"
"r_21","45 - 54","1000cp","2022Q1","2","5.1"
"r_21","55+","1000cp","2022Q1","0","9.9"
"r_21","55+","1000cp","2022Q1","1","5.2"
"r_21","55+","1000cp","2022Q1","2","(4.7)"
"r_22","0","1000cp","2022Q2","0","46.3"
"r_22","0","1000cp","2022Q2","1","21.2"
"r_22","0","1000cp","2022Q2","2","25.1"
"r_22","15 - 64","1000cp","2022Q2","0","44.9"
"r_22","15 - 64","1000cp","2022Q2","1","20.6"
"r_22","15 - 64","1000cp","2022Q2","2","24.3"
"r_22","15 - 24","1000cp","2022Q2","0","6.1"
"r_22","15 - 24","1000cp","2022Q2","1","(3.0)"
"r_22","15 - 24","1000cp","2022Q2","2","(3.0)"
"r_22","25 - 34","1000cp","2022Q2","0","12.8"
"r_22","25 - 34","1000cp","2022Q2","1","(5.0)"
"r_22","25 - 34","1000cp","2022Q2","2","7.8"
"r_22","35 - 44","1000cp","2022Q2","0","8.5"
"r_22","35 - 44","1000cp","2022Q2","1","(4.2)"
"r_22","35 - 44","1000cp","2022Q2","2","(4.3)"
"r_22","45 - 54","1000cp","2022Q2","0","8.8"
"r_22","45 - 54","1000cp","2022Q2","1","(4.7)"
"r_22","45 - 54","1000cp","2022Q2","2","(4.1)"
"r_22","55+","1000cp","2022Q2","0","10.1"
"r_22","55+","1000cp","2022Q2","1","(4.2)"
"r_22","55+","1000cp","2022Q2","2","5.9"
"r_23","0","1000cp","2022Q3","0","48.3"
"r_23","0","1000cp","2022Q3","1","23.1"
"r_23","0","1000cp","2022Q3","2","25.2"
"r_23","15 - 64","1000cp","2022Q3","0","45.9"
"r_23","15 - 64","1000cp","2022Q3","1","21.3"
"r_23","15 - 64","1000cp","2022Q3","2","24.6"
"r_23","15 - 24","1000cp","2022Q3","0","5.7"
"r_23","15 - 24","1000cp","2022Q3","1","(2.6)"
"r_23","15 - 24","1000cp","2022Q3","2","(3.1)"
"r_23","25 - 34","1000cp","2022Q3","0","10.3"
"r_23","25 - 34","1000cp","2022Q3","1","(4.4)"
"r_23","25 - 34","1000cp","2022Q3","2","5.9"
"r_23","35 - 44","1000cp","2022Q3","0","8.3"
"r_23","35 - 44","1000cp","2022Q3","1","(4.0)"
"r_23","35 - 44","1000cp","2022Q3","2","(4.2)"
"r_23","45 - 54","1000cp","2022Q3","0","13"
"r_23","45 - 54","1000cp","2022Q3","1","6.8"
"r_23","45 - 54","1000cp","2022Q3","2","6.2"
"r_23","55+","1000cp","2022Q3","0","11"
"r_23","55+","1000cp","2022Q3","1","5.2"
"r_23","55+","1000cp","2022Q3","2","5.8"
"r_24","0","1000cp","2022Q4","0","48"
"r_24","0","1000cp","2022Q4","1","24.1"
"r_24","0","1000cp","2022Q4","2","23.9"
"r_24","15 - 64","1000cp","2022Q4","0","46.4"
"r_24","15 - 64","1000cp","2022Q4","1","22.9"
"r_24","15 - 64","1000cp","2022Q4","2","23.5"
"r_24","15 - 24","1000cp","2022Q4","0","8.4"
"r_24","15 - 24","1000cp","2022Q4","1","(5.0)"
"r_24","15 - 24","1000cp","2022Q4","2","(3.4)"
"r_24","25 - 34","1000cp","2022Q4","0","7.1"
"r_24","25 - 34","1000cp","2022Q4","1","(3.8)"
"r_24","25 - 34","1000cp","2022Q4","2","(3.4)"
"r_24","35 - 44","1000cp","2022Q4","0","9.4"
"r_24","35 - 44","1000cp","2022Q4","1","(4.1)"
"r_24","35 - 44","1000cp","2022Q4","2","5.3"
"r_24","45 - 54","1000cp","2022Q4","0","11.3"
"r_24","45 - 54","1000cp","2022Q4","1","5.5"
"r_24","45 - 54","1000cp","2022Q4","2","5.8"
"r_24","55+","1000cp","2022Q4","0","11.8"
"r_24","55+","1000cp","2022Q4","1","5.8"
"r_24","55+","1000cp","2022Q4","2","6"
"r_26","0","1000cp","2023Q4","0","40.5"
"r_26","0","1000cp","2023Q4","1","23"
"r_26","0","1000cp","2023Q4","2","17.5"
"r_26","15 - 64","1000cp","2023Q4","0","38.8"
"r_26","15 - 64","1000cp","2023Q4","1","21.7"
"r_26","15 - 64","1000cp","2023Q4","2","17"
"r_26","15 - 24","1000cp","2023Q4","0","7.8"
"r_26","15 - 24","1000cp","2023Q4","1","6.3"
"r_26","15 - 24","1000cp","2023Q4","2","(1.5)"
"r_26","25 - 34","1000cp","2023Q4","0","7.2"
"r_26","25 - 34","1000cp","2023Q4","1","(4.3)"
"r_26","25 - 34","1000cp","2023Q4","2","(2.9)"
"r_26","35 - 44","1000cp","2023Q4","0","6.3"
"r_26","35 - 44","1000cp","2023Q4","1","(2.8)"
"r_26","35 - 44","1000cp","2023Q4","2","(3.5)"
"r_26","45 - 54","1000cp","2023Q4","0","8.5"
"r_26","45 - 54","1000cp","2023Q4","1","(4.8)"
"r_26","45 - 54","1000cp","2023Q4","2","(3.7)"
"r_26","55+","1000cp","2023Q4","0","10.6"
"r_26","55+","1000cp","2023Q4","1","(4.7)"
"r_26","55+","1000cp","2023Q4","2","(6.0)"
"r_27","0","1000cp","2024Q1","0","32.3"
"r_27","0","1000cp","2024Q1","1","18.7"
"r_27","0","1000cp","2024Q1","2","13.6"
"r_27","15 - 64","1000cp","2024Q1","0","30.8"
"r_27","15 - 64","1000cp","2024Q1","1","17.8"
"r_27","15 - 64","1000cp","2024Q1","2","12.9"
"r_27","15 - 24","1000cp","2024Q1","0","6.8"
"r_27","15 - 24","1000cp","2024Q1","1","(4.8)"
"r_27","15 - 24","1000cp","2024Q1","2","(2.0)"
"r_27","25 - 34","1000cp","2024Q1","0","(5.2)"
"r_27","25 - 34","1000cp","2024Q1","1","(3.3)"
"r_27","25 - 34","1000cp","2024Q1","2","(1.9)"
"r_27","35 - 44","1000cp","2024Q1","0","(6.1)"
"r_27","35 - 44","1000cp","2024Q1","1","(4.9)"
"r_27","35 - 44","1000cp","2024Q1","2","(1.2)"
"r_27","45 - 54","1000cp","2024Q1","0","(4.4)"
"r_27","45 - 54","1000cp","2024Q1","1","(1.7)"
"r_27","45 - 54","1000cp","2024Q1","2","(2.7)"
"r_27","55+","1000cp","2024Q1","0","9.8"
"r_27","55+","1000cp","2024Q1","1","(4.0)"
"r_27","55+","1000cp","2024Q1","2","(5.8)"
"r_30","0","1000cp","2021Q3","0","51.3"
"r_30","0","1000cp","2021Q3","1","26.4"
"r_30","0","1000cp","2021Q3","2","25"
"r_30","15 - 64","1000cp","2021Q3","0","48.8"
"r_30","15 - 64","1000cp","2021Q3","1","24.8"
"r_30","15 - 64","1000cp","2021Q3","2","23.9"
"r_30","15 - 24","1000cp","2021Q3","0","8.3"
"r_30","15 - 24","1000cp","2021Q3","1","(4.1)"
"r_30","15 - 24","1000cp","2021Q3","2","(4.2)"
"r_30","25 - 34","1000cp","2021Q3","0","9.9"
"r_30","25 - 34","1000cp","2021Q3","1","(4.1)"
"r_30","25 - 34","1000cp","2021Q3","2","5.9"
"r_30","35 - 44","1000cp","2021Q3","0","10.4"
"r_30","35 - 44","1000cp","2021Q3","1","5.9"
"r_30","35 - 44","1000cp","2021Q3","2","(4.5)"
"r_30","45 - 54","1000cp","2021Q3","0","10.3"
"r_30","45 - 54","1000cp","2021Q3","1","5.4"
"r_30","45 - 54","1000cp","2021Q3","2","(4.9)"
"r_30","55+","1000cp","2021Q3","0","12.4"
"r_30","55+","1000cp","2021Q3","1","6.9"
"r_30","55+","1000cp","2021Q3","2","5.5"
"r_32","0","1000cp","2024Q2","0","21.8"
"r_32","0","1000cp","2024Q2","1","12.4"
"r_32","0","1000cp","2024Q2","2","9.4"
"r_32","15 - 64","1000cp","2024Q2","0","20.8"
"r_32","15 - 64","1000cp","2024Q2","1","11.8"
"r_32","15 - 64","1000cp","2024Q2","2","9"
"r_32","15 - 24","1000cp","2024Q2","0","(4)"
"r_32","15 - 24","1000cp","2024Q2","1","(2.2)"
"r_32","15 - 24","1000cp","2024Q2","2","(1.7)"
"r_32","25 - 34","1000cp","2024Q2","0","(4.4)"
"r_32","25 - 34","1000cp","2024Q2","1","(2.6)"
"r_32","25 - 34","1000cp","2024Q2","2","(1.8)"
"r_32","35 - 44","1000cp","2024Q2","0","(4.4)"
"r_32","35 - 44","1000cp","2024Q2","1","(2.8)"
"r_32","35 - 44","1000cp","2024Q2","2","(1.6)"
"r_32","45 - 54","1000cp","2024Q2","0","(3.2)"
"r_32","45 - 54","1000cp","2024Q2","1","(1.4)"
"r_32","45 - 54","1000cp","2024Q2","2","(1.8)"
"r_32","55+","1000cp","2024Q2","0","(5.9)"
"r_32","55+","1000cp","2024Q2","1","(3.4)"
"r_32","55+","1000cp","2024Q2","2","(2.5)"
"r_33","0","1000cp","2024Q3","0","19.8"
"r_33","0","1000cp","2024Q3","1","12.3"
"r_33","0","1000cp","2024Q3","2","7.6"
"r_33","15 - 64","1000cp","2024Q3","0","19"
"r_33","15 - 64","1000cp","2024Q3","1","11.8"
"r_33","15 - 64","1000cp","2024Q3","2","7.2"
"r_33","15 - 24","1000cp","2024Q3","0","(3.1)"
"r_33","15 - 24","1000cp","2024Q3","1","(2.1)"
"r_33","15 - 24","1000cp","2024Q3","2","(1)"
"r_33","25 - 34","1000cp","2024Q3","0","(3.6)"
"r_33","25 - 34","1000cp","2024Q3","1","(2.3)"
"r_33","25 - 34","1000cp","2024Q3","2","(1.3)"
"r_33","35 - 44","1000cp","2024Q3","0","(4.3)"
"r_33","35 - 44","1000cp","2024Q3","1","(3)"
"r_33","35 - 44","1000cp","2024Q3","2","(1.3)"
"r_33","45 - 54","1000cp","2024Q3","0","(3)"
"r_33","45 - 54","1000cp","2024Q3","1","(1.4)"
"r_33","45 - 54","1000cp","2024Q3","2","(1.6)"
"r_33","55+","1000cp","2024Q3","0","(5.8)"
"r_33","55+","1000cp","2024Q3","1","(3.4)"
"r_33","55+","1000cp","2024Q3","2","(2.4)"
"r_34","0","1000cp","2024Q4","0","22.8"
"r_34","0","1000cp","2024Q4","1","12.4"
"r_34","0","1000cp","2024Q4","2","10.4"
"r_34","15 - 64","1000cp","2024Q4","0","22.3"
"r_34","15 - 64","1000cp","2024Q4","1","12.4"
"r_34","15 - 64","1000cp","2024Q4","2","9.9"
"r_34","15 - 24","1000cp","2024Q4","0","4.4"
"r_34","15 - 24","1000cp","2024Q4","1","3.5"
"r_34","15 - 24","1000cp","2024Q4","2","0.9"
"r_34","25 - 34","1000cp","2024Q4","0","4.1"
"r_34","25 - 34","1000cp","2024Q4","1","2.4"
"r_34","25 - 34","1000cp","2024Q4","2","1.7"
"r_34","35 - 44","1000cp","2024Q4","0","4.8"
"r_34","35 - 44","1000cp","2024Q4","1","2.5"
"r_34","35 - 44","1000cp","2024Q4","2","2.3"
"r_34","45 - 54","1000cp","2024Q4","0","5.6"
"r_34","45 - 54","1000cp","2024Q4","1","2"
"r_34","45 - 54","1000cp","2024Q4","2","3.6"
"r_34","55+","1000cp","2024Q4","0","3.9"
"r_34","55+","1000cp","2024Q4","1","2.1"
"r_34","55+","1000cp","2024Q4","2","1.8"
"r_35","0","1000cp","2025Q1","0","15.3"
"r_35","0","1000cp","2025Q1","1","9"
"r_35","0","1000cp","2025Q1","2","6.2"
"r_35","15 - 64","1000cp","2025Q1","0","14.2"
"r_35","15 - 64","1000cp","2025Q1","1","8.5"
"r_35","15 - 64","1000cp","2025Q1","2","5.7"
"r_35","15 - 24","1000cp","2025Q1","0","(2.1)"
"r_35","15 - 24","1000cp","2025Q1","1","(1.7)"
"r_35","15 - 24","1000cp","2025Q1","2","(0.4)"
"r_35","25 - 34","1000cp","2025Q1","0","(4.2)"
"r_35","25 - 34","1000cp","2025Q1","1","(2.4)"
"r_35","25 - 34","1000cp","2025Q1","2","(1.8)"
"r_35","35 - 44","1000cp","2025Q1","0","(2.1)"
"r_35","35 - 44","1000cp","2025Q1","1","(1.5)"
"r_35","35 - 44","1000cp","2025Q1","2","(0.7)"
"r_35","45 - 54","1000cp","2025Q1","0","(3.9)"
"r_35","45 - 54","1000cp","2025Q1","1","(1.7)"
"r_35","45 - 54","1000cp","2025Q1","2","(2.2)"
"r_35","55+","1000cp","2025Q1","0","(2.8)"
"r_35","55+","1000cp","2025Q1","1","(1.8)"
"r_35","55+","1000cp","2025Q1","2","(1.1)"
"r_36","0","1000cp","2025Q2","0","16.1"
"r_36","0","1000cp","2025Q2","1","10.8"
"r_36","0","1000cp","2025Q2","2","(5.3)"
"r_36","15 - 64","1000cp","2025Q2","0","15.5"
"r_36","15 - 64","1000cp","2025Q2","1","10.4"
"r_36","15 - 64","1000cp","2025Q2","2","(5.1)"
"r_36","15 - 24","1000cp","2025Q2","0","3.1"
"r_36","15 - 24","1000cp","2025Q2","1","2.8"
"r_36","15 - 24","1000cp","2025Q2","2","0.3"
"r_36","25 - 34","1000cp","2025Q2","0","3.7"
"r_36","25 - 34","1000cp","2025Q2","1","2.1"
"r_36","25 - 34","1000cp","2025Q2","2","1.5"
"r_36","35 - 44","1000cp","2025Q2","0","(2.4)"
"r_36","35 - 44","1000cp","2025Q2","1","2.1"
"r_36","35 - 44","1000cp","2025Q2","2","0.3"
"r_36","45 - 54","1000cp","2025Q2","0","(2.9)"
"r_36","45 - 54","1000cp","2025Q2","1","1.8"
"r_36","45 - 54","1000cp","2025Q2","2","1.1"
"r_36","55+","1000cp","2025Q2","0","4.1"
"r_36","55+","1000cp","2025Q2","1","2"
"r_36","55+","1000cp","2025Q2","2","2.1"
"r_37","0","1000cp","2025Q3","0","17.1"
"r_37","0","1000cp","2025Q3","1","9.6"
"r_37","0","1000cp","2025Q3","2","7.5"
"r_37","15 - 64","1000cp","2025Q3","0","16.6"
"r_37","15 - 64","1000cp","2025Q3","1","9.1"
"r_37","15 - 64","1000cp","2025Q3","2","7.5"
"r_37","15 - 24","1000cp","2025Q3","0","2.4"
"r_37","15 - 24","1000cp","2025Q3","1","2.4"
"r_37","15 - 24","1000cp","2025Q3","2","0"
"r_37","25 - 34","1000cp","2025Q3","0","3.8"
"r_37","25 - 34","1000cp","2025Q3","1","1.6"
"r_37","25 - 34","1000cp","2025Q3","2","2.2"
"r_37","35 - 44","1000cp","2025Q3","0","3.2"
"r_37","35 - 44","1000cp","2025Q3","1","1.6"
"r_37","35 - 44","1000cp","2025Q3","2","1.6"
"r_37","45 - 54","1000cp","2025Q3","0","3.2"
"r_37","45 - 54","1000cp","2025Q3","1","1.8"
"r_37","45 - 54","1000cp","2025Q3","2","1.4"
"r_37","55+","1000cp","2025Q3","0","4.5"
"r_37","55+","1000cp","2025Q3","1","2.3"
"r_37","55+","1000cp","2025Q3","2","2.2"
"r_29","0","1000cp","2021Q2","0","57.5"
"r_29","0","1000cp","2021Q2","1","35.3"
"r_29","0","1000cp","2021Q2","2","22.2"
"r_29","15 - 64","1000cp","2021Q2","0","54.3"
"r_29","15 - 64","1000cp","2021Q2","1","33.1"
"r_29","15 - 64","1000cp","2021Q2","2","21.2"
"r_29","15 - 24","1000cp","2021Q2","0","9.1"
"r_29","15 - 24","1000cp","2021Q2","1","6.1"
"r_29","15 - 24","1000cp","2021Q2","2","(2.9)"
"r_29","25 - 34","1000cp","2021Q2","0","13.1"
"r_29","25 - 34","1000cp","2021Q2","1","8.0"
"r_29","25 - 34","1000cp","2021Q2","2","(5.1)"
"r_29","35 - 44","1000cp","2021Q2","0","11.8"
"r_29","35 - 44","1000cp","2021Q2","1","7.5"
"r_29","35 - 44","1000cp","2021Q2","2","(4.3)"
"r_29","45 - 54","1000cp","2021Q2","0","10.4"
"r_29","45 - 54","1000cp","2021Q2","1","5.8"
"r_29","45 - 54","1000cp","2021Q2","2","(4.6)"
"r_29","55+","1000cp","2021Q2","0","13.1"
"r_29","55+","1000cp","2021Q2","1","7.8"
"r_29","55+","1000cp","2021Q2","2","5.3"
"r_31","0","1000cp","2021Q4","0","53.6"
"r_31","0","1000cp","2021Q4","1","28"
"r_31","0","1000cp","2021Q4","2","25.6"
"r_31","15 - 64","1000cp","2021Q4","0","51.5"
"r_31","15 - 64","1000cp","2021Q4","1","26.3"
"r_31","15 - 64","1000cp","2021Q4","2","25.1"
"r_31","15 - 24","1000cp","2021Q4","0","7.1"
"r_31","15 - 24","1000cp","2021Q4","1","(3.0)"
"r_31","15 - 24","1000cp","2021Q4","2","(4.1)"
"r_31","25 - 34","1000cp","2021Q4","0","11.2"
"r_31","25 - 34","1000cp","2021Q4","1","6.6"
"r_31","25 - 34","1000cp","2021Q4","2","(4.6)"
"r_31","35 - 44","1000cp","2021Q4","0","11.7"
"r_31","35 - 44","1000cp","2021Q4","1","6.4"
"r_31","35 - 44","1000cp","2021Q4","2","5.3"
"r_31","45 - 54","1000cp","2021Q4","0","12.1"
"r_31","45 - 54","1000cp","2021Q4","1","6.9"
"r_31","45 - 54","1000cp","2021Q4","2","5.2"
"r_31","55+","1000cp","2021Q4","0","11.5"
"r_31","55+","1000cp","2021Q4","1","5.2"
"r_31","55+","1000cp","2021Q4","2","6.3"
"r_28","0","1000cp","2021Q1","0","57.6"
"r_28","0","1000cp","2021Q1","1","32.6"
"r_28","0","1000cp","2021Q1","2","25"
"r_28","15 - 64","1000cp","2021Q1","0","55.4"
"r_28","15 - 64","1000cp","2021Q1","1","31.2"
"r_28","15 - 64","1000cp","2021Q1","2","24.2"
"r_28","15 - 24","1000cp","2021Q1","0","9.9"
"r_28","15 - 24","1000cp","2021Q1","1","6.3"
"r_28","15 - 24","1000cp","2021Q1","2","(3.6)"
"r_28","25 - 34","1000cp","2021Q1","0","12.9"
"r_28","25 - 34","1000cp","2021Q1","1","7.6"
"r_28","25 - 34","1000cp","2021Q1","2","(5.4)"
"r_28","35 - 44","1000cp","2021Q1","0","12.6"
"r_28","35 - 44","1000cp","2021Q1","1","6.6"
"r_28","35 - 44","1000cp","2021Q1","2","6.0"
"r_28","45 - 54","1000cp","2021Q1","0","10.5"
"r_28","45 - 54","1000cp","2021Q1","1","6.2"
"r_28","45 - 54","1000cp","2021Q1","2","(4.2)"
"r_28","55+","1000cp","2021Q1","0","11.6"
"r_28","55+","1000cp","2021Q1","1","5.8"
"r_28","55+","1000cp","2021Q1","2","5.8"