RevisionColumn,periods,Units,NUTS,Muz_Measure,ValueColumn
"r_1","2002","num","BG","1","220"
"r_1","2002","num","BG","2","3554515"
"r_1","2002","num","BG","3","5766707"
"r_1","2002","num","BG3","1","132"
"r_1","2002","num","BG3","2","1997464"
"r_1","2002","num","BG3","3","3363241"
"r_1","2002","num","BG31","1","33"
"r_1","2002","num","BG31","2","569107"
"r_1","2002","num","BG31","3","787070"
"r_1","2002","num","BG311","1","4"
"r_1","2002","num","BG311","2","51821"
"r_1","2002","num","BG311","3","73958"
"r_1","2002","num","BG313","1","4"
"r_1","2002","num","BG313","2","48328"
"r_1","2002","num","BG313","3","119120"
"r_1","2002","num","BG315","1","5"
"r_1","2002","num","BG315","2","49945"
"r_1","2002","num","BG315","3","217694"
"r_1","2002","num","BG312","1","7"
"r_1","2002","num","BG312","2","26270"
"r_1","2002","num","BG312","3","121133"
"r_1","2002","num","BG314","1","13"
"r_1","2002","num","BG314","2","392743"
"r_1","2002","num","BG314","3","255165"
"r_1","2002","num","BG32","1","34"
"r_1","2002","num","BG32","2","574364"
"r_1","2002","num","BG32","3","1162767"
"r_1","2002","num","BG321","1","14"
"r_1","2002","num","BG321","2","173230"
"r_1","2002","num","BG321","3","291919"
"r_1","2002","num","BG322","1","9"
"r_1","2002","num","BG322","2","294610"
"r_1","2002","num","BG322","3","563560"
"r_1","2002","num","BG324","1","3"
"r_1","2002","num","BG324","2","47150"
"r_1","2002","num","BG324","3","92956"
"r_1","2002","num","BG323","1","4"
"r_1","2002","num","BG323","2","43060"
"r_1","2002","num","BG323","3","165141"
"r_1","2002","num","BG325","1","4"
"r_1","2002","num","BG325","2","16314"
"r_1","2002","num","BG325","3","49191"
"r_1","2002","num","BG33","1","27"
"r_1","2002","num","BG33","2","328854"
"r_1","2002","num","BG33","3","715368"
"r_1","2002","num","BG331","1","8"
"r_1","2002","num","BG331","2","130575"
"r_1","2002","num","BG331","3","267051"
"r_1","2002","num","BG332","1","6"
"r_1","2002","num","BG332","2","84436"
"r_1","2002","num","BG332","3","211940"
"r_1","2002","num","BG334","1","4"
"r_1","2002","num","BG334","2","17082"
"r_1","2002","num","BG334","3","51895"
"r_1","2002","num","BG333","1","9"
"r_1","2002","num","BG333","2","96761"
"r_1","2002","num","BG333","3","184482"
"r_1","2002","num","BG34","1","38"
"r_1","2002","num","BG34","2","525139"
"r_1","2002","num","BG34","3","698036"
"r_1","2002","num","BG341","1","9"
"r_1","2002","num","BG341","2","172515"
"r_1","2002","num","BG341","3","99418"
"r_1","2002","num","BG342","1","12"
"r_1","2002","num","BG342","2","84292"
"r_1","2002","num","BG342","3","158812"
"r_1","2002","num","BG344","1","14"
"r_1","2002","num","BG344","2","242747"
"r_1","2002","num","BG344","3","318313"
"r_1","2002","num","BG343","1","3"
"r_1","2002","num","BG343","2","25585"
"r_1","2002","num","BG343","3","121493"
"r_1","2002","num","BG4","1","88"
"r_1","2002","num","BG4","2","1557051"
"r_1","2002","num","BG4","3","2403466"
"r_1","2002","num","BG41","1","53"
"r_1","2002","num","BG41","2","1211587"
"r_1","2002","num","BG41","3","1648304"
"r_1","2002","num","BG413","1","6"
"r_1","2002","num","BG413","2","33290"
"r_1","2002","num","BG413","3","112673"
"r_1","2002","num","BG415","1","5"
"r_1","2002","num","BG415","2","142251"
"r_1","2002","num","BG415","3","119542"
"r_1","2002","num","BG414","1","2"
"r_1","2002","num","BG414","2","14004"
"r_1","2002","num","BG414","3","56996"
"r_1","2002","num","BG412","1","13"
"r_1","2002","num","BG412","2","197044"
"r_1","2002","num","BG412","3","84705"
"r_1","2002","num","BG411","1","27"
"r_1","2002","num","BG411","2","824998"
"r_1","2002","num","BG411","3","1274388"
"r_1","2002","num","BG42","1","35"
"r_1","2002","num","BG42","2","345464"
"r_1","2002","num","BG42","3","755162"
"r_1","2002","num","BG425","1","2"
"r_1","2002","num","BG425","2","11654"
"r_1","2002","num","BG425","3","39095"
"r_1","2002","num","BG423","1","9"
"r_1","2002","num","BG423","2","130895"
"r_1","2002","num","BG423","3","158957"
"r_1","2002","num","BG421","1","14"
"r_1","2002","num","BG421","2","168072"
"r_1","2002","num","BG421","3","298846"
"r_1","2002","num","BG424","1","4"
"r_1","2002","num","BG424","2","11039"
"r_1","2002","num","BG424","3","93115"
"r_1","2002","num","BG422","1","6"
"r_1","2002","num","BG422","2","23804"
"r_1","2002","num","BG422","3","165149"
"r_1","2005","num","BG","1","229"
"r_1","2005","num","BG","2","3925178"
"r_1","2005","num","BG","3","7111967"
"r_1","2005","num","BG3","1","131"
"r_1","2005","num","BG3","2","2214338"
"r_1","2005","num","BG3","3","3511727"
"r_1","2005","num","BG31","1","34"
"r_1","2005","num","BG31","2","500139"
"r_1","2005","num","BG31","3","939390"
"r_1","2005","num","BG311","1","4"
"r_1","2005","num","BG311","2","72594"
"r_1","2005","num","BG311","3","74153"
"r_1","2005","num","BG313","1","3"
"r_1","2005","num","BG313","2","27661"
"r_1","2005","num","BG313","3","125515"
"r_1","2005","num","BG315","1","5"
"r_1","2005","num","BG315","2","46679"
"r_1","2005","num","BG315","3","221257"
"r_1","2005","num","BG312","1","8"
"r_1","2005","num","BG312","2","24870"
"r_1","2005","num","BG312","3","125439"
"r_1","2005","num","BG314","1","14"
"r_1","2005","num","BG314","2","328335"
"r_1","2005","num","BG314","3","393026"
"r_1","2005","num","BG32","1","34"
"r_1","2005","num","BG32","2","661728"
"r_1","2005","num","BG32","3","1177964"
"r_1","2005","num","BG321","1","14"
"r_1","2005","num","BG321","2","277416"
"r_1","2005","num","BG321","3","295370"
"r_1","2005","num","BG322","1","9"
"r_1","2005","num","BG322","2","303531"
"r_1","2005","num","BG322","3","569057"
"r_1","2005","num","BG324","1","3"
"r_1","2005","num","BG324","2","29673"
"r_1","2005","num","BG324","3","94950"
"r_1","2005","num","BG323","1","4"
"r_1","2005","num","BG323","2","38409"
"r_1","2005","num","BG323","3","167766"
"r_1","2005","num","BG325","1","4"
"r_1","2005","num","BG325","2","12699"
"r_1","2005","num","BG325","3","50821"
"r_1","2005","num","BG33","1","28"
"r_1","2005","num","BG33","2","439177"
"r_1","2005","num","BG33","3","768686"
"r_1","2005","num","BG331","1","8"
"r_1","2005","num","BG331","2","214227"
"r_1","2005","num","BG331","3","277502"
"r_1","2005","num","BG332","1","6"
"r_1","2005","num","BG332","2","107428"
"r_1","2005","num","BG332","3","248755"
"r_1","2005","num","BG334","1","4"
"r_1","2005","num","BG334","2","17112"
"r_1","2005","num","BG334","3","56257"
"r_1","2005","num","BG333","1","10"
"r_1","2005","num","BG333","2","100410"
"r_1","2005","num","BG333","3","186172"
"r_1","2005","num","BG34","1","35"
"r_1","2005","num","BG34","2","613294"
"r_1","2005","num","BG34","3","625687"
"r_1","2005","num","BG341","1","11"
"r_1","2005","num","BG341","2","205316"
"r_1","2005","num","BG341","3","105031"
"r_1","2005","num","BG342","1","7"
"r_1","2005","num","BG342","2","124203"
"r_1","2005","num","BG342","3","165269"
"r_1","2005","num","BG344","1","14"
"r_1","2005","num","BG344","2","254537"
"r_1","2005","num","BG344","3","232087"
"r_1","2005","num","BG343","1","3"
"r_1","2005","num","BG343","2","29238"
"r_1","2005","num","BG343","3","123300"
"r_1","2005","num","BG4","1","98"
"r_1","2005","num","BG4","2","1710840"
"r_1","2005","num","BG4","3","3600240"
"r_1","2005","num","BG41","1","63"
"r_1","2005","num","BG41","2","1314514"
"r_1","2005","num","BG41","3","2823224"
"r_1","2005","num","BG413","1","10"
"r_1","2005","num","BG413","2","46064"
"r_1","2005","num","BG413","3","122344"
"r_1","2005","num","BG415","1","5"
"r_1","2005","num","BG415","2","155156"
"r_1","2005","num","BG415","3","142795"
"r_1","2005","num","BG414","1","6"
"r_1","2005","num","BG414","2","22137"
"r_1","2005","num","BG414","3","66762"
"r_1","2005","num","BG412","1","13"
"r_1","2005","num","BG412","2","225119"
"r_1","2005","num","BG412","3","86939"
"r_1","2005","num","BG411","1","29"
"r_1","2005","num","BG411","2","866038"
"r_1","2005","num","BG411","3","2404384"
"r_1","2005","num","BG42","1","35"
"r_1","2005","num","BG42","2","396326"
"r_1","2005","num","BG42","3","777016"
"r_1","2005","num","BG425","1","2"
"r_1","2005","num","BG425","2","28540"
"r_1","2005","num","BG425","3","40057"
"r_1","2005","num","BG423","1","10"
"r_1","2005","num","BG423","2","145308"
"r_1","2005","num","BG423","3","163841"
"r_1","2005","num","BG421","1","13"
"r_1","2005","num","BG421","2","194459"
"r_1","2005","num","BG421","3","308405"
"r_1","2005","num","BG424","1","4"
"r_1","2005","num","BG424","2","16973"
"r_1","2005","num","BG424","3","85679"
"r_1","2005","num","BG422","1","6"
"r_1","2005","num","BG422","2","11046"
"r_1","2005","num","BG422","3","179034"
"r_1","2007","num","BG","1","227"
"r_1","2007","num","BG","2","4059799"
"r_1","2007","num","BG","3","6985731"
"r_1","2007","num","BG3","1","133"
"r_1","2007","num","BG3","2","2384029"
"r_1","2007","num","BG3","3","3222359"
"r_1","2007","num","BG31","1","35"
"r_1","2007","num","BG31","2","583120"
"r_1","2007","num","BG31","3","850840"
"r_1","2007","num","BG311","1","4"
"r_1","2007","num","BG311","2","104268"
"r_1","2007","num","BG311","3","76408"
"r_1","2007","num","BG313","1","3"
"r_1","2007","num","BG313","2","25261"
"r_1","2007","num","BG313","3","128531"
"r_1","2007","num","BG315","1","6"
"r_1","2007","num","BG315","2","95512"
"r_1","2007","num","BG315","3","126746"
"r_1","2007","num","BG312","1","8"
"r_1","2007","num","BG312","2","35448"
"r_1","2007","num","BG312","3","122534"
"r_1","2007","num","BG314","1","14"
"r_1","2007","num","BG314","2","322631"
"r_1","2007","num","BG314","3","396621"
"r_1","2007","num","BG32","1","33"
"r_1","2007","num","BG32","2","764179"
"r_1","2007","num","BG32","3","1183429"
"r_1","2007","num","BG321","1","13"
"r_1","2007","num","BG321","2","350993"
"r_1","2007","num","BG321","3","283811"
"r_1","2007","num","BG322","1","9"
"r_1","2007","num","BG322","2","322136"
"r_1","2007","num","BG322","3","572494"
"r_1","2007","num","BG324","1","3"
"r_1","2007","num","BG324","2","27900"
"r_1","2007","num","BG324","3","101191"
"r_1","2007","num","BG323","1","4"
"r_1","2007","num","BG323","2","43469"
"r_1","2007","num","BG323","3","174335"
"r_1","2007","num","BG325","1","4"
"r_1","2007","num","BG325","2","19681"
"r_1","2007","num","BG325","3","51598"
"r_1","2007","num","BG33","1","32"
"r_1","2007","num","BG33","2","431904"
"r_1","2007","num","BG33","3","460454"
"r_1","2007","num","BG331","1","8"
"r_1","2007","num","BG331","2","166115"
"r_1","2007","num","BG331","3","160957"
"r_1","2007","num","BG332","1","6"
"r_1","2007","num","BG332","2","136546"
"r_1","2007","num","BG332","3","50350"
"r_1","2007","num","BG334","1","4"
"r_1","2007","num","BG334","2","17988"
"r_1","2007","num","BG334","3","58002"
"r_1","2007","num","BG333","1","14"
"r_1","2007","num","BG333","2","111255"
"r_1","2007","num","BG333","3","191145"
"r_1","2007","num","BG34","1","33"
"r_1","2007","num","BG34","2","604826"
"r_1","2007","num","BG34","3","727636"
"r_1","2007","num","BG341","1","11"
"r_1","2007","num","BG341","2","166691"
"r_1","2007","num","BG341","3","107096"
"r_1","2007","num","BG342","1","5"
"r_1","2007","num","BG342","2","101420"
"r_1","2007","num","BG342","3","181390"
"r_1","2007","num","BG344","1","14"
"r_1","2007","num","BG344","2","305630"
"r_1","2007","num","BG344","3","315142"
"r_1","2007","num","BG343","1","3"
"r_1","2007","num","BG343","2","31085"
"r_1","2007","num","BG343","3","124008"
"r_1","2007","num","BG4","1","94"
"r_1","2007","num","BG4","2","1675770"
"r_1","2007","num","BG4","3","3763372"
"r_1","2007","num","BG41","1","61"
"r_1","2007","num","BG41","2","1232232"
"r_1","2007","num","BG41","3","2938764"
"r_1","2007","num","BG413","1","10"
"r_1","2007","num","BG413","2","52479"
"r_1","2007","num","BG413","3","136979"
"r_1","2007","num","BG415","1","5"
"r_1","2007","num","BG415","2","75198"
"r_1","2007","num","BG415","3","136652"
"r_1","2007","num","BG414","1","4"
"r_1","2007","num","BG414","2","31700"
"r_1","2007","num","BG414","3","43069"
"r_1","2007","num","BG412","1","13"
"r_1","2007","num","BG412","2","208239"
"r_1","2007","num","BG412","3","72293"
"r_1","2007","num","BG411","1","29"
"r_1","2007","num","BG411","2","864616"
"r_1","2007","num","BG411","3","2549771"
"r_1","2007","num","BG42","1","33"
"r_1","2007","num","BG42","2","443538"
"r_1","2007","num","BG42","3","824608"
"r_1","2007","num","BG425","1","2"
"r_1","2007","num","BG425","2","34677"
"r_1","2007","num","BG425","3","41560"
"r_1","2007","num","BG423","1","10"
"r_1","2007","num","BG423","2","181767"
"r_1","2007","num","BG423","3","168661"
"r_1","2007","num","BG421","1","13"
"r_1","2007","num","BG421","2","196109"
"r_1","2007","num","BG421","3","314305"
"r_1","2007","num","BG424","1","4"
"r_1","2007","num","BG424","2","16106"
"r_1","2007","num","BG424","3","138924"
"r_1","2007","num","BG422","1","4"
"r_1","2007","num","BG422","2","14879"
"r_1","2007","num","BG422","3","161158"
"r_1","2008","num","BG","1","222"
"r_1","2008","num","BG","2","4398738"
"r_1","2008","num","BG","3","7052050"
"r_1","2008","num","BG3","1","127"
"r_1","2008","num","BG3","2","2578020"
"r_1","2008","num","BG3","3","3124588"
"r_1","2008","num","BG31","1","34"
"r_1","2008","num","BG31","2","466679"
"r_1","2008","num","BG31","3","726830"
"r_1","2008","num","BG311","1","4"
"r_1","2008","num","BG311","2","137297"
"r_1","2008","num","BG311","3","77046"
"r_1","2008","num","BG313","1","3"
"r_1","2008","num","BG313","2","26745"
"r_1","2008","num","BG313","3","127743"
"r_1","2008","num","BG315","1","6"
"r_1","2008","num","BG315","2","92856"
"r_1","2008","num","BG315","3","129412"
"r_1","2008","num","BG312","1","8"
"r_1","2008","num","BG312","2","33548"
"r_1","2008","num","BG312","3","124401"
"r_1","2008","num","BG314","1","13"
"r_1","2008","num","BG314","2","176233"
"r_1","2008","num","BG314","3","268228"
"r_1","2008","num","BG32","1","32"
"r_1","2008","num","BG32","2","875439"
"r_1","2008","num","BG32","3","1206962"
"r_1","2008","num","BG321","1","12"
"r_1","2008","num","BG321","2","438165"
"r_1","2008","num","BG321","3","301155"
"r_1","2008","num","BG322","1","9"
"r_1","2008","num","BG322","2","335695"
"r_1","2008","num","BG322","3","575355"
"r_1","2008","num","BG324","1","3"
"r_1","2008","num","BG324","2","32469"
"r_1","2008","num","BG324","3","105278"
"r_1","2008","num","BG323","1","4"
"r_1","2008","num","BG323","2","50690"
"r_1","2008","num","BG323","3","173131"
"r_1","2008","num","BG325","1","4"
"r_1","2008","num","BG325","2","18420"
"r_1","2008","num","BG325","3","52043"
"r_1","2008","num","BG33","1","28"
"r_1","2008","num","BG33","2","613441"
"r_1","2008","num","BG33","3","468342"
"r_1","2008","num","BG331","1","6"
"r_1","2008","num","BG331","2","206271"
"r_1","2008","num","BG331","3","162699"
"r_1","2008","num","BG332","1","6"
"r_1","2008","num","BG332","2","279357"
"r_1","2008","num","BG332","3","54294"
"r_1","2008","num","BG334","1","4"
"r_1","2008","num","BG334","2","18524"
"r_1","2008","num","BG334","3","59246"
"r_1","2008","num","BG333","1","12"
"r_1","2008","num","BG333","2","109289"
"r_1","2008","num","BG333","3","192103"
"r_1","2008","num","BG34","1","33"
"r_1","2008","num","BG34","2","622461"
"r_1","2008","num","BG34","3","722454"
"r_1","2008","num","BG341","1","12"
"r_1","2008","num","BG341","2","174403"
"r_1","2008","num","BG341","3","111070"
"r_1","2008","num","BG342","1","5"
"r_1","2008","num","BG342","2","86225"
"r_1","2008","num","BG342","3","172626"
"r_1","2008","num","BG344","1","13"
"r_1","2008","num","BG344","2","334777"
"r_1","2008","num","BG344","3","314177"
"r_1","2008","num","BG343","1","3"
"r_1","2008","num","BG343","2","27056"
"r_1","2008","num","BG343","3","124581"
"r_1","2008","num","BG4","1","95"
"r_1","2008","num","BG4","2","1820718"
"r_1","2008","num","BG4","3","3927462"
"r_1","2008","num","BG41","1","62"
"r_1","2008","num","BG41","2","1299479"
"r_1","2008","num","BG41","3","3090644"
"r_1","2008","num","BG413","1","11"
"r_1","2008","num","BG413","2","88279"
"r_1","2008","num","BG413","3","138263"
"r_1","2008","num","BG415","1","5"
"r_1","2008","num","BG415","2","95242"
"r_1","2008","num","BG415","3","145150"
"r_1","2008","num","BG414","1","4"
"r_1","2008","num","BG414","2","29968"
"r_1","2008","num","BG414","3","44003"
"r_1","2008","num","BG412","1","13"
"r_1","2008","num","BG412","2","240893"
"r_1","2008","num","BG412","3","72879"
"r_1","2008","num","BG411","1","29"
"r_1","2008","num","BG411","2","845097"
"r_1","2008","num","BG411","3","2690349"
"r_1","2008","num","BG42","1","33"
"r_1","2008","num","BG42","2","521239"
"r_1","2008","num","BG42","3","836818"
"r_1","2008","num","BG425","1","2"
"r_1","2008","num","BG425","2","54055"
"r_1","2008","num","BG425","3","41645"
"r_1","2008","num","BG423","1","10"
"r_1","2008","num","BG423","2","172371"
"r_1","2008","num","BG423","3","172416"
"r_1","2008","num","BG421","1","13"
"r_1","2008","num","BG421","2","258848"
"r_1","2008","num","BG421","3","318295"
"r_1","2008","num","BG424","1","4"
"r_1","2008","num","BG424","2","14099"
"r_1","2008","num","BG424","3","139513"
"r_1","2008","num","BG422","1","4"
"r_1","2008","num","BG422","2","21866"
"r_1","2008","num","BG422","3","164949"
"r_1","2009","num","BG","1","231"
"r_1","2009","num","BG","2","4372665"
"r_1","2009","num","BG","3","7591866"
"r_1","2009","num","BG3","1","131"
"r_1","2009","num","BG3","2","2716122"
"r_1","2009","num","BG3","3","3459862"
"r_1","2009","num","BG31","1","34"
"r_1","2009","num","BG31","2","638006"
"r_1","2009","num","BG31","3","731050"
"r_1","2009","num","BG311","1","4"
"r_1","2009","num","BG311","2","258016"
"r_1","2009","num","BG311","3","77417"
"r_1","2009","num","BG313","1","3"
"r_1","2009","num","BG313","2","25137"
"r_1","2009","num","BG313","3","128254"
"r_1","2009","num","BG315","1","6"
"r_1","2009","num","BG315","2","114467"
"r_1","2009","num","BG315","3","131534"
"r_1","2009","num","BG312","1","8"
"r_1","2009","num","BG312","2","48981"
"r_1","2009","num","BG312","3","126331"
"r_1","2009","num","BG314","1","13"
"r_1","2009","num","BG314","2","191405"
"r_1","2009","num","BG314","3","267514"
"r_1","2009","num","BG32","1","32"
"r_1","2009","num","BG32","2","811702"
"r_1","2009","num","BG32","3","1223220"
"r_1","2009","num","BG321","1","12"
"r_1","2009","num","BG321","2","405264"
"r_1","2009","num","BG321","3","306261"
"r_1","2009","num","BG322","1","9"
"r_1","2009","num","BG322","2","310431"
"r_1","2009","num","BG322","3","579193"
"r_1","2009","num","BG324","1","3"
"r_1","2009","num","BG324","2","28923"
"r_1","2009","num","BG324","3","107999"
"r_1","2009","num","BG323","1","4"
"r_1","2009","num","BG323","2","45512"
"r_1","2009","num","BG323","3","174351"
"r_1","2009","num","BG325","1","4"
"r_1","2009","num","BG325","2","21572"
"r_1","2009","num","BG325","3","55416"
"r_1","2009","num","BG33","1","32"
"r_1","2009","num","BG33","2","635213"
"r_1","2009","num","BG33","3","780694"
"r_1","2009","num","BG331","1","10"
"r_1","2009","num","BG331","2","193055"
"r_1","2009","num","BG331","3","276535"
"r_1","2009","num","BG332","1","6"
"r_1","2009","num","BG332","2","275137"
"r_1","2009","num","BG332","3","239199"
"r_1","2009","num","BG334","1","4"
"r_1","2009","num","BG334","2","28407"
"r_1","2009","num","BG334","3","61727"
"r_1","2009","num","BG333","1","12"
"r_1","2009","num","BG333","2","138614"
"r_1","2009","num","BG333","3","203233"
"r_1","2009","num","BG34","1","33"
"r_1","2009","num","BG34","2","631201"
"r_1","2009","num","BG34","3","724898"
"r_1","2009","num","BG341","1","12"
"r_1","2009","num","BG341","2","167376"
"r_1","2009","num","BG341","3","108881"
"r_1","2009","num","BG342","1","5"
"r_1","2009","num","BG342","2","94605"
"r_1","2009","num","BG342","3","173677"
"r_1","2009","num","BG344","1","13"
"r_1","2009","num","BG344","2","340209"
"r_1","2009","num","BG344","3","316626"
"r_1","2009","num","BG343","1","3"
"r_1","2009","num","BG343","2","29011"
"r_1","2009","num","BG343","3","125714"
"r_1","2009","num","BG4","1","100"
"r_1","2009","num","BG4","2","1656543"
"r_1","2009","num","BG4","3","4132004"
"r_1","2009","num","BG41","1","65"
"r_1","2009","num","BG41","2","1099897"
"r_1","2009","num","BG41","3","3278462"
"r_1","2009","num","BG413","1","11"
"r_1","2009","num","BG413","2","86283"
"r_1","2009","num","BG413","3","140864"
"r_1","2009","num","BG415","1","5"
"r_1","2009","num","BG415","2","87954"
"r_1","2009","num","BG415","3","146813"
"r_1","2009","num","BG414","1","4"
"r_1","2009","num","BG414","2","23376"
"r_1","2009","num","BG414","3","44776"
"r_1","2009","num","BG412","1","14"
"r_1","2009","num","BG412","2","248227"
"r_1","2009","num","BG412","3","74900"
"r_1","2009","num","BG411","1","31"
"r_1","2009","num","BG411","2","654057"
"r_1","2009","num","BG411","3","2871109"
"r_1","2009","num","BG42","1","35"
"r_1","2009","num","BG42","2","556646"
"r_1","2009","num","BG42","3","853542"
"r_1","2009","num","BG425","1","2"
"r_1","2009","num","BG425","2","42607"
"r_1","2009","num","BG425","3","41854"
"r_1","2009","num","BG423","1","12"
"r_1","2009","num","BG423","2","193622"
"r_1","2009","num","BG423","3","177040"
"r_1","2009","num","BG421","1","14"
"r_1","2009","num","BG421","2","280992"
"r_1","2009","num","BG421","3","326763"
"r_1","2009","num","BG424","1","3"
"r_1","2009","num","BG424","2","15349"
"r_1","2009","num","BG424","3","139258"
"r_1","2009","num","BG422","1","4"
"r_1","2009","num","BG422","2","24076"
"r_1","2009","num","BG422","3","168627"
"r_1","2010","num","BG","1","201"
"r_1","2010","num","BG","2","4252993"
"r_1","2010","num","BG","3","6320253"
"r_1","2010","num","BG3","1","114"
"r_1","2010","num","BG3","2","2598362"
"r_1","2010","num","BG3","3","3477696"
"r_1","2010","num","BG31","1","23"
"r_1","2010","num","BG31","2","672816"
"r_1","2010","num","BG31","3","863187"
"r_1","2010","num","BG311","1","3"
"r_1","2010","num","BG311","2","145749"
"r_1","2010","num","BG311","3","77441"
"r_1","2010","num","BG313","1","3"
"r_1","2010","num","BG313","2","27644"
"r_1","2010","num","BG313","3","129721"
"r_1","2010","num","BG315","1","6"
"r_1","2010","num","BG315","2","291332"
"r_1","2010","num","BG315","3","132052"
"r_1","2010","num","BG312","1","7"
"r_1","2010","num","BG312","2","35979"
"r_1","2010","num","BG312","3","126355"
"r_1","2010","num","BG314","1","4"
"r_1","2010","num","BG314","2","172112"
"r_1","2010","num","BG314","3","397618"
"r_1","2010","num","BG32","1","32"
"r_1","2010","num","BG32","2","744913"
"r_1","2010","num","BG32","3","1213577"
"r_1","2010","num","BG321","1","12"
"r_1","2010","num","BG321","2","369200"
"r_1","2010","num","BG321","3","310591"
"r_1","2010","num","BG322","1","9"
"r_1","2010","num","BG322","2","281462"
"r_1","2010","num","BG322","3","579103"
"r_1","2010","num","BG324","1","3"
"r_1","2010","num","BG324","2","29122"
"r_1","2010","num","BG324","3","109397"
"r_1","2010","num","BG323","1","4"
"r_1","2010","num","BG323","2","45583"
"r_1","2010","num","BG323","3","171902"
"r_1","2010","num","BG325","1","4"
"r_1","2010","num","BG325","2","19546"
"r_1","2010","num","BG325","3","42584"
"r_1","2010","num","BG33","1","29"
"r_1","2010","num","BG33","2","570514"
"r_1","2010","num","BG33","3","670327"
"r_1","2010","num","BG331","1","7"
"r_1","2010","num","BG331","2","217307"
"r_1","2010","num","BG331","3","166270"
"r_1","2010","num","BG332","1","6"
"r_1","2010","num","BG332","2","212221"
"r_1","2010","num","BG332","3","239876"
"r_1","2010","num","BG334","1","4"
"r_1","2010","num","BG334","2","18946"
"r_1","2010","num","BG334","3","59822"
"r_1","2010","num","BG333","1","12"
"r_1","2010","num","BG333","2","122040"
"r_1","2010","num","BG333","3","204359"
"r_1","2010","num","BG34","1","30"
"r_1","2010","num","BG34","2","610119"
"r_1","2010","num","BG34","3","730605"
"r_1","2010","num","BG341","1","10"
"r_1","2010","num","BG341","2","172495"
"r_1","2010","num","BG341","3","108899"
"r_1","2010","num","BG342","1","5"
"r_1","2010","num","BG342","2","81946"
"r_1","2010","num","BG342","3","175886"
"r_1","2010","num","BG344","1","12"
"r_1","2010","num","BG344","2","325090"
"r_1","2010","num","BG344","3","319731"
"r_1","2010","num","BG343","1","3"
"r_1","2010","num","BG343","2","30588"
"r_1","2010","num","BG343","3","126089"
"r_1","2010","num","BG4","1","87"
"r_1","2010","num","BG4","2","1654631"
"r_1","2010","num","BG4","3","2842557"
"r_1","2010","num","BG41","1","55"
"r_1","2010","num","BG41","2","1121584"
"r_1","2010","num","BG41","3","1993196"
"r_1","2010","num","BG413","1","10"
"r_1","2010","num","BG413","2","80348"
"r_1","2010","num","BG413","3","137096"
"r_1","2010","num","BG415","1","5"
"r_1","2010","num","BG415","2","94502"
"r_1","2010","num","BG415","3","147380"
"r_1","2010","num","BG414","1","4"
"r_1","2010","num","BG414","2","29938"
"r_1","2010","num","BG414","3","45492"
"r_1","2010","num","BG412","1","8"
"r_1","2010","num","BG412","2","246086"
"r_1","2010","num","BG412","3","75244"
"r_1","2010","num","BG411","1","28"
"r_1","2010","num","BG411","2","670710"
"r_1","2010","num","BG411","3","1587984"
"r_1","2010","num","BG42","1","32"
"r_1","2010","num","BG42","2","533047"
"r_1","2010","num","BG42","3","849361"
"r_1","2010","num","BG425","1","2"
"r_1","2010","num","BG425","2","45350"
"r_1","2010","num","BG425","3","42071"
"r_1","2010","num","BG423","1","10"
"r_1","2010","num","BG423","2","210661"
"r_1","2010","num","BG423","3","177353"
"r_1","2010","num","BG421","1","13"
"r_1","2010","num","BG421","2","228108"
"r_1","2010","num","BG421","3","315958"
"r_1","2010","num","BG424","1","3"
"r_1","2010","num","BG424","2","18898"
"r_1","2010","num","BG424","3","139782"
"r_1","2010","num","BG422","1","4"
"r_1","2010","num","BG422","2","30030"
"r_1","2010","num","BG422","3","174197"
"r_1","2011","num","BG","1","197"
"r_1","2011","num","BG","2","4210660"
"r_1","2011","num","BG","3","7438516"
"r_1","2011","num","BG3","1","114"
"r_1","2011","num","BG3","2","2450540"
"r_1","2011","num","BG3","3","3458594"
"r_1","2011","num","BG31","1","22"
"r_1","2011","num","BG31","2","480182"
"r_1","2011","num","BG31","3","869662"
"r_1","2011","num","BG311","1","3"
"r_1","2011","num","BG311","2","111473"
"r_1","2011","num","BG311","3","77487"
"r_1","2011","num","BG313","1","3"
"r_1","2011","num","BG313","2","34252"
"r_1","2011","num","BG313","3","131197"
"r_1","2011","num","BG315","1","6"
"r_1","2011","num","BG315","2","114197"
"r_1","2011","num","BG315","3","133110"
"r_1","2011","num","BG312","1","6"
"r_1","2011","num","BG312","2","33371"
"r_1","2011","num","BG312","3","128627"
"r_1","2011","num","BG314","1","4"
"r_1","2011","num","BG314","2","186889"
"r_1","2011","num","BG314","3","399241"
"r_1","2011","num","BG32","1","31"
"r_1","2011","num","BG32","2","804475"
"r_1","2011","num","BG32","3","1216712"
"r_1","2011","num","BG321","1","10"
"r_1","2011","num","BG321","2","406952"
"r_1","2011","num","BG321","3","311149"
"r_1","2011","num","BG322","1","9"
"r_1","2011","num","BG322","2","291374"
"r_1","2011","num","BG322","3","580095"
"r_1","2011","num","BG324","1","3"
"r_1","2011","num","BG324","2","35018"
"r_1","2011","num","BG324","3","111447"
"r_1","2011","num","BG323","1","4"
"r_1","2011","num","BG323","2","52998"
"r_1","2011","num","BG323","3","169180"
"r_1","2011","num","BG325","1","5"
"r_1","2011","num","BG325","2","18133"
"r_1","2011","num","BG325","3","44841"
"r_1","2011","num","BG33","1","29"
"r_1","2011","num","BG33","2","526214"
"r_1","2011","num","BG33","3","659952"
"r_1","2011","num","BG331","1","8"
"r_1","2011","num","BG331","2","164070"
"r_1","2011","num","BG331","3","167272"
"r_1","2011","num","BG332","1","6"
"r_1","2011","num","BG332","2","209694"
"r_1","2011","num","BG332","3","227488"
"r_1","2011","num","BG334","1","4"
"r_1","2011","num","BG334","2","18644"
"r_1","2011","num","BG334","3","60311"
"r_1","2011","num","BG333","1","11"
"r_1","2011","num","BG333","2","133806"
"r_1","2011","num","BG333","3","204881"
"r_1","2011","num","BG34","1","32"
"r_1","2011","num","BG34","2","639669"
"r_1","2011","num","BG34","3","712268"
"r_1","2011","num","BG341","1","11"
"r_1","2011","num","BG341","2","195806"
"r_1","2011","num","BG341","3","117865"
"r_1","2011","num","BG342","1","5"
"r_1","2011","num","BG342","2","84152"
"r_1","2011","num","BG342","3","176684"
"r_1","2011","num","BG344","1","12"
"r_1","2011","num","BG344","2","330503"
"r_1","2011","num","BG344","3","289933"
"r_1","2011","num","BG343","1","4"
"r_1","2011","num","BG343","2","29208"
"r_1","2011","num","BG343","3","127786"
"r_1","2011","num","BG4","1","83"
"r_1","2011","num","BG4","2","1760120"
"r_1","2011","num","BG4","3","3979922"
"r_1","2011","num","BG41","1","50"
"r_1","2011","num","BG41","2","1208319"
"r_1","2011","num","BG41","3","3129094"
"r_1","2011","num","BG413","1","7"
"r_1","2011","num","BG413","2","86868"
"r_1","2011","num","BG413","3","152834"
"r_1","2011","num","BG415","1","5"
"r_1","2011","num","BG415","2","85232"
"r_1","2011","num","BG415","3","147740"
"r_1","2011","num","BG414","1","4"
"r_1","2011","num","BG414","2","41690"
"r_1","2011","num","BG414","3","45485"
"r_1","2011","num","BG412","1","7"
"r_1","2011","num","BG412","2","259173"
"r_1","2011","num","BG412","3","72164"
"r_1","2011","num","BG411","1","27"
"r_1","2011","num","BG411","2","735356"
"r_1","2011","num","BG411","3","2710871"
"r_1","2011","num","BG42","1","33"
"r_1","2011","num","BG42","2","551801"
"r_1","2011","num","BG42","3","850828"
"r_1","2011","num","BG425","1","2"
"r_1","2011","num","BG425","2","47169"
"r_1","2011","num","BG425","3","42181"
"r_1","2011","num","BG423","1","9"
"r_1","2011","num","BG423","2","171401"
"r_1","2011","num","BG423","3","178559"
"r_1","2011","num","BG421","1","14"
"r_1","2011","num","BG421","2","276178"
"r_1","2011","num","BG421","3","320376"
"r_1","2011","num","BG424","1","3"
"r_1","2011","num","BG424","2","21931"
"r_1","2011","num","BG424","3","137496"
"r_1","2011","num","BG422","1","5"
"r_1","2011","num","BG422","2","35122"
"r_1","2011","num","BG422","3","172216"
"r_1","2012","num","BG","1","188"
"r_1","2012","num","BG","2","4105948"
"r_1","2012","num","BG","3","7599516"
"r_1","2012","num","BG3","1","105"
"r_1","2012","num","BG3","2","2479354"
"r_1","2012","num","BG3","3","3591945"
"r_1","2012","num","BG31","1","21"
"r_1","2012","num","BG31","2","453911"
"r_1","2012","num","BG31","3","1007098"
"r_1","2012","num","BG311","1","2"
"r_1","2012","num","BG311","2","106532"
"r_1","2012","num","BG311","3","88427"
"r_1","2012","num","BG313","1","3"
"r_1","2012","num","BG313","2","34573"
"r_1","2012","num","BG313","3","257405"
"r_1","2012","num","BG315","1","6"
"r_1","2012","num","BG315","2","110287"
"r_1","2012","num","BG315","3","133682"
"r_1","2012","num","BG312","1","6"
"r_1","2012","num","BG312","2","32688"
"r_1","2012","num","BG312","3","130945"
"r_1","2012","num","BG314","1","4"
"r_1","2012","num","BG314","2","169831"
"r_1","2012","num","BG314","3","396639"
"r_1","2012","num","BG32","1","30"
"r_1","2012","num","BG32","2","774677"
"r_1","2012","num","BG32","3","1219175"
"r_1","2012","num","BG321","1","9"
"r_1","2012","num","BG321","2","363753"
"r_1","2012","num","BG321","3","317707"
"r_1","2012","num","BG322","1","9"
"r_1","2012","num","BG322","2","303552"
"r_1","2012","num","BG322","3","580991"
"r_1","2012","num","BG324","1","3"
"r_1","2012","num","BG324","2","34906"
"r_1","2012","num","BG324","3","113155"
"r_1","2012","num","BG323","1","4"
"r_1","2012","num","BG323","2","54964"
"r_1","2012","num","BG323","3","163151"
"r_1","2012","num","BG325","1","5"
"r_1","2012","num","BG325","2","17502"
"r_1","2012","num","BG325","3","44171"
"r_1","2012","num","BG33","1","24"
"r_1","2012","num","BG33","2","602086"
"r_1","2012","num","BG33","3","657093"
"r_1","2012","num","BG331","1","8"
"r_1","2012","num","BG331","2","233454"
"r_1","2012","num","BG331","3","167567"
"r_1","2012","num","BG332","1","6"
"r_1","2012","num","BG332","2","231590"
"r_1","2012","num","BG332","3","231925"
"r_1","2012","num","BG334","1","4"
"r_1","2012","num","BG334","2","19305"
"r_1","2012","num","BG334","3","61978"
"r_1","2012","num","BG333","1","6"
"r_1","2012","num","BG333","2","117737"
"r_1","2012","num","BG333","3","195623"
"r_1","2012","num","BG34","1","30"
"r_1","2012","num","BG34","2","648680"
"r_1","2012","num","BG34","3","708579"
"r_1","2012","num","BG341","1","10"
"r_1","2012","num","BG341","2","177537"
"r_1","2012","num","BG341","3","116404"
"r_1","2012","num","BG342","1","5"
"r_1","2012","num","BG342","2","85510"
"r_1","2012","num","BG342","3","177588"
"r_1","2012","num","BG344","1","11"
"r_1","2012","num","BG344","2","354359"
"r_1","2012","num","BG344","3","285857"
"r_1","2012","num","BG343","1","4"
"r_1","2012","num","BG343","2","31274"
"r_1","2012","num","BG343","3","128730"
"r_1","2012","num","BG4","1","83"
"r_1","2012","num","BG4","2","1626594"
"r_1","2012","num","BG4","3","4007571"
"r_1","2012","num","BG41","1","50"
"r_1","2012","num","BG41","2","1131514"
"r_1","2012","num","BG41","3","3150740"
"r_1","2012","num","BG413","1","7"
"r_1","2012","num","BG413","2","73028"
"r_1","2012","num","BG413","3","153551"
"r_1","2012","num","BG415","1","5"
"r_1","2012","num","BG415","2","87261"
"r_1","2012","num","BG415","3","148419"
"r_1","2012","num","BG414","1","4"
"r_1","2012","num","BG414","2","30413"
"r_1","2012","num","BG414","3","46747"
"r_1","2012","num","BG412","1","7"
"r_1","2012","num","BG412","2","238959"
"r_1","2012","num","BG412","3","72720"
"r_1","2012","num","BG411","1","27"
"r_1","2012","num","BG411","2","701853"
"r_1","2012","num","BG411","3","2729303"
"r_1","2012","num","BG42","1","33"
"r_1","2012","num","BG42","2","495080"
"r_1","2012","num","BG42","3","856831"
"r_1","2012","num","BG425","1","2"
"r_1","2012","num","BG425","2","54367"
"r_1","2012","num","BG425","3","42441"
"r_1","2012","num","BG423","1","9"
"r_1","2012","num","BG423","2","146745"
"r_1","2012","num","BG423","3","179110"
"r_1","2012","num","BG421","1","14"
"r_1","2012","num","BG421","2","239304"
"r_1","2012","num","BG421","3","322570"
"r_1","2012","num","BG424","1","3"
"r_1","2012","num","BG424","2","24770"
"r_1","2012","num","BG424","3","137264"
"r_1","2012","num","BG422","1","5"
"r_1","2012","num","BG422","2","29894"
"r_1","2012","num","BG422","3","175446"
"r_1","2013","num","BG","1","187"
"r_1","2013","num","BG","2","4643600"
"r_1","2013","num","BG","3","7456330"
"r_1","2013","num","BG3","1","106"
"r_1","2013","num","BG3","2","2627611"
"r_1","2013","num","BG3","3","3456448"
"r_1","2013","num","BG31","1","21"
"r_1","2013","num","BG31","2","466989"
"r_1","2013","num","BG31","3","891078"
"r_1","2013","num","BG311","1","2"
"r_1","2013","num","BG311","2","121671"
"r_1","2013","num","BG311","3","91590"
"r_1","2013","num","BG313","1","3"
"r_1","2013","num","BG313","2","42162"
"r_1","2013","num","BG313","3","136134"
"r_1","2013","num","BG315","1","6"
"r_1","2013","num","BG315","2","110436"
"r_1","2013","num","BG315","3","134270"
"r_1","2013","num","BG312","1","6"
"r_1","2013","num","BG312","2","30872"
"r_1","2013","num","BG312","3","131990"
"r_1","2013","num","BG314","1","4"
"r_1","2013","num","BG314","2","161848"
"r_1","2013","num","BG314","3","397094"
"r_1","2013","num","BG32","1","30"
"r_1","2013","num","BG32","2","929901"
"r_1","2013","num","BG32","3","1206258"
"r_1","2013","num","BG321","1","9"
"r_1","2013","num","BG321","2","515900"
"r_1","2013","num","BG321","3","297868"
"r_1","2013","num","BG322","1","9"
"r_1","2013","num","BG322","2","298020"
"r_1","2013","num","BG322","3","584939"
"r_1","2013","num","BG324","1","3"
"r_1","2013","num","BG324","2","37602"
"r_1","2013","num","BG324","3","115032"
"r_1","2013","num","BG323","1","4"
"r_1","2013","num","BG323","2","61841"
"r_1","2013","num","BG323","3","163595"
"r_1","2013","num","BG325","1","5"
"r_1","2013","num","BG325","2","16538"
"r_1","2013","num","BG325","3","44824"
"r_1","2013","num","BG33","1","25"
"r_1","2013","num","BG33","2","521625"
"r_1","2013","num","BG33","3","680624"
"r_1","2013","num","BG331","1","8"
"r_1","2013","num","BG331","2","154916"
"r_1","2013","num","BG331","3","169032"
"r_1","2013","num","BG332","1","7"
"r_1","2013","num","BG332","2","212976"
"r_1","2013","num","BG332","3","239272"
"r_1","2013","num","BG334","1","4"
"r_1","2013","num","BG334","2","17803"
"r_1","2013","num","BG334","3","67415"
"r_1","2013","num","BG333","1","6"
"r_1","2013","num","BG333","2","135930"
"r_1","2013","num","BG333","3","204905"
"r_1","2013","num","BG34","1","30"
"r_1","2013","num","BG34","2","709096"
"r_1","2013","num","BG34","3","678488"
"r_1","2013","num","BG341","1","11"
"r_1","2013","num","BG341","2","226372"
"r_1","2013","num","BG341","3","115963"
"r_1","2013","num","BG342","1","5"
"r_1","2013","num","BG342","2","94856"
"r_1","2013","num","BG342","3","178463"
"r_1","2013","num","BG344","1","9"
"r_1","2013","num","BG344","2","354608"
"r_1","2013","num","BG344","3","276664"
"r_1","2013","num","BG343","1","5"
"r_1","2013","num","BG343","2","33260"
"r_1","2013","num","BG343","3","107398"
"r_1","2013","num","BG4","1","81"
"r_1","2013","num","BG4","2","2015989"
"r_1","2013","num","BG4","3","3999882"
"r_1","2013","num","BG41","1","48"
"r_1","2013","num","BG41","2","1416299"
"r_1","2013","num","BG41","3","3143780"
"r_1","2013","num","BG413","1","6"
"r_1","2013","num","BG413","2","65816"
"r_1","2013","num","BG413","3","148812"
"r_1","2013","num","BG415","1","5"
"r_1","2013","num","BG415","2","82046"
"r_1","2013","num","BG415","3","148632"
"r_1","2013","num","BG414","1","4"
"r_1","2013","num","BG414","2","34443"
"r_1","2013","num","BG414","3","47537"
"r_1","2013","num","BG412","1","7"
"r_1","2013","num","BG412","2","356825"
"r_1","2013","num","BG412","3","76107"
"r_1","2013","num","BG411","1","26"
"r_1","2013","num","BG411","2","877169"
"r_1","2013","num","BG411","3","2722692"
"r_1","2013","num","BG42","1","33"
"r_1","2013","num","BG42","2","599690"
"r_1","2013","num","BG42","3","856102"
"r_1","2013","num","BG425","1","2"
"r_1","2013","num","BG425","2","55764"
"r_1","2013","num","BG425","3","42444"
"r_1","2013","num","BG423","1","10"
"r_1","2013","num","BG423","2","185770"
"r_1","2013","num","BG423","3","182224"
"r_1","2013","num","BG421","1","13"
"r_1","2013","num","BG421","2","288727"
"r_1","2013","num","BG421","3","315978"
"r_1","2013","num","BG424","1","3"
"r_1","2013","num","BG424","2","41069"
"r_1","2013","num","BG424","3","137966"
"r_1","2013","num","BG422","1","5"
"r_1","2013","num","BG422","2","28360"
"r_1","2013","num","BG422","3","177490"
"r_1","2014","num","BG","1","204"
"r_1","2014","num","BG","2","4781368"
"r_1","2014","num","BG","3","7599966"
"r_1","2014","num","BG3","1","119"
"r_1","2014","num","BG3","2","2630982"
"r_1","2014","num","BG3","3","3540697"
"r_1","2014","num","BG31","1","23"
"r_1","2014","num","BG31","2","482507"
"r_1","2014","num","BG31","3","906399"
"r_1","2014","num","BG311","1","2"
"r_1","2014","num","BG311","2","110646"
"r_1","2014","num","BG311","3","92606"
"r_1","2014","num","BG313","1","4"
"r_1","2014","num","BG313","2","33884"
"r_1","2014","num","BG313","3","144525"
"r_1","2014","num","BG315","1","6"
"r_1","2014","num","BG315","2","115272"
"r_1","2014","num","BG315","3","135644"
"r_1","2014","num","BG312","1","6"
"r_1","2014","num","BG312","2","39718"
"r_1","2014","num","BG312","3","132385"
"r_1","2014","num","BG314","1","5"
"r_1","2014","num","BG314","2","182987"
"r_1","2014","num","BG314","3","401239"
"r_1","2014","num","BG32","1","31"
"r_1","2014","num","BG32","2","914647"
"r_1","2014","num","BG32","3","1227978"
"r_1","2014","num","BG321","1","10"
"r_1","2014","num","BG321","2","475073"
"r_1","2014","num","BG321","3","304112"
"r_1","2014","num","BG322","1","9"
"r_1","2014","num","BG322","2","296328"
"r_1","2014","num","BG322","3","597265"
"r_1","2014","num","BG324","1","3"
"r_1","2014","num","BG324","2","40733"
"r_1","2014","num","BG324","3","117538"
"r_1","2014","num","BG323","1","4"
"r_1","2014","num","BG323","2","81773"
"r_1","2014","num","BG323","3","164120"
"r_1","2014","num","BG325","1","5"
"r_1","2014","num","BG325","2","20740"
"r_1","2014","num","BG325","3","44943"
"r_1","2014","num","BG33","1","32"
"r_1","2014","num","BG33","2","532601"
"r_1","2014","num","BG33","3","697245"
"r_1","2014","num","BG331","1","9"
"r_1","2014","num","BG331","2","172796"
"r_1","2014","num","BG331","3","172029"
"r_1","2014","num","BG332","1","7"
"r_1","2014","num","BG332","2","197583"
"r_1","2014","num","BG332","3","240094"
"r_1","2014","num","BG334","1","4"
"r_1","2014","num","BG334","2","20810"
"r_1","2014","num","BG334","3","81865"
"r_1","2014","num","BG333","1","12"
"r_1","2014","num","BG333","2","141412"
"r_1","2014","num","BG333","3","203257"
"r_1","2014","num","BG34","1","33"
"r_1","2014","num","BG34","2","701227"
"r_1","2014","num","BG34","3","709075"
"r_1","2014","num","BG341","1","12"
"r_1","2014","num","BG341","2","203352"
"r_1","2014","num","BG341","3","121833"
"r_1","2014","num","BG342","1","5"
"r_1","2014","num","BG342","2","94368"
"r_1","2014","num","BG342","3","178765"
"r_1","2014","num","BG344","1","11"
"r_1","2014","num","BG344","2","371764"
"r_1","2014","num","BG344","3","299922"
"r_1","2014","num","BG343","1","5"
"r_1","2014","num","BG343","2","31743"
"r_1","2014","num","BG343","3","108555"
"r_1","2014","num","BG4","1","85"
"r_1","2014","num","BG4","2","2150386"
"r_1","2014","num","BG4","3","4059269"
"r_1","2014","num","BG41","1","52"
"r_1","2014","num","BG41","2","1662676"
"r_1","2014","num","BG41","3","3190801"
"r_1","2014","num","BG413","1","7"
"r_1","2014","num","BG413","2","88307"
"r_1","2014","num","BG413","3","143315"
"r_1","2014","num","BG415","1","5"
"r_1","2014","num","BG415","2","107877"
"r_1","2014","num","BG415","3","148611"
"r_1","2014","num","BG414","1","5"
"r_1","2014","num","BG414","2","43739"
"r_1","2014","num","BG414","3","53952"
"r_1","2014","num","BG412","1","7"
"r_1","2014","num","BG412","2","500963"
"r_1","2014","num","BG412","3","77230"
"r_1","2014","num","BG411","1","28"
"r_1","2014","num","BG411","2","921790"
"r_1","2014","num","BG411","3","2767693"
"r_1","2014","num","BG42","1","33"
"r_1","2014","num","BG42","2","487710"
"r_1","2014","num","BG42","3","868468"
"r_1","2014","num","BG425","1","2"
"r_1","2014","num","BG425","2","14132"
"r_1","2014","num","BG425","3","42444"
"r_1","2014","num","BG423","1","9"
"r_1","2014","num","BG423","2","162332"
"r_1","2014","num","BG423","3","179328"
"r_1","2014","num","BG421","1","14"
"r_1","2014","num","BG421","2","237542"
"r_1","2014","num","BG421","3","329782"
"r_1","2014","num","BG424","1","3"
"r_1","2014","num","BG424","2","41567"
"r_1","2014","num","BG424","3","138106"
"r_1","2014","num","BG422","1","5"
"r_1","2014","num","BG422","2","32137"
"r_1","2014","num","BG422","3","178808"
"r_2","2015","num","BG","1","201"
"r_2","2015","num","BG","2","4763472"
"r_2","2015","num","BG","3","7539761"
"r_2","2015","num","BG3","1","118"
"r_2","2015","num","BG3","2","2594548"
"r_2","2015","num","BG3","3","3484369"
"r_2","2015","num","BG31","1","22"
"r_2","2015","num","BG31","2","501786"
"r_2","2015","num","BG31","3","905303"
"r_2","2015","num","BG311","1","2"
"r_2","2015","num","BG311","2","130134"
"r_2","2015","num","BG311","3","92857"
"r_2","2015","num","BG313","1","3"
"r_2","2015","num","BG313","2","25673"
"r_2","2015","num","BG313","3","140716"
"r_2","2015","num","BG315","1","6"
"r_2","2015","num","BG315","2","126536"
"r_2","2015","num","BG315","3","135896"
"r_2","2015","num","BG312","1","6"
"r_2","2015","num","BG312","2","37667"
"r_2","2015","num","BG312","3","132862"
"r_2","2015","num","BG314","1","5"
"r_2","2015","num","BG314","2","181776"
"r_2","2015","num","BG314","3","402972"
"r_2","2015","num","BG32","1","31"
"r_2","2015","num","BG32","2","1005105"
"r_2","2015","num","BG32","3","1225451"
"r_2","2015","num","BG321","1","10"
"r_2","2015","num","BG321","2","489729"
"r_2","2015","num","BG321","3","303550"
"r_2","2015","num","BG322","1","9"
"r_2","2015","num","BG322","2","343499"
"r_2","2015","num","BG322","3","598772"
"r_2","2015","num","BG324","1","3"
"r_2","2015","num","BG324","2","51965"
"r_2","2015","num","BG324","3","119756"
"r_2","2015","num","BG323","1","4"
"r_2","2015","num","BG323","2","97847"
"r_2","2015","num","BG323","3","158354"
"r_2","2015","num","BG325","1","5"
"r_2","2015","num","BG325","2","22065"
"r_2","2015","num","BG325","3","45019"
"r_2","2015","num","BG33","1","32"
"r_2","2015","num","BG33","2","509496"
"r_2","2015","num","BG33","3","698537"
"r_2","2015","num","BG331","1","9"
"r_2","2015","num","BG331","2","168050"
"r_2","2015","num","BG331","3","172915"
"r_2","2015","num","BG332","1","7"
"r_2","2015","num","BG332","2","136174"
"r_2","2015","num","BG332","3","240191"
"r_2","2015","num","BG334","1","4"
"r_2","2015","num","BG334","2","25799"
"r_2","2015","num","BG334","3","82984"
"r_2","2015","num","BG333","1","12"
"r_2","2015","num","BG333","2","179473"
"r_2","2015","num","BG333","3","202447"
"r_2","2015","num","BG34","1","33"
"r_2","2015","num","BG34","2","578161"
"r_2","2015","num","BG34","3","655078"
"r_2","2015","num","BG341","1","12"
"r_2","2015","num","BG341","2","167570"
"r_2","2015","num","BG341","3","109883"
"r_2","2015","num","BG342","1","5"
"r_2","2015","num","BG342","2","86208"
"r_2","2015","num","BG342","3","149169"
"r_2","2015","num","BG344","1","11"
"r_2","2015","num","BG344","2","290513"
"r_2","2015","num","BG344","3","286597"
"r_2","2015","num","BG343","1","5"
"r_2","2015","num","BG343","2","33870"
"r_2","2015","num","BG343","3","109429"
"r_2","2015","num","BG4","1","83"
"r_2","2015","num","BG4","2","2168924"
"r_2","2015","num","BG4","3","4055392"
"r_2","2015","num","BG41","1","51"
"r_2","2015","num","BG41","2","1579728"
"r_2","2015","num","BG41","3","3222410"
"r_2","2015","num","BG413","1","7"
"r_2","2015","num","BG413","2","82025"
"r_2","2015","num","BG413","3","141322"
"r_2","2015","num","BG415","1","5"
"r_2","2015","num","BG415","2","105557"
"r_2","2015","num","BG415","3","149078"
"r_2","2015","num","BG414","1","5"
"r_2","2015","num","BG414","2","58786"
"r_2","2015","num","BG414","3","55883"
"r_2","2015","num","BG412","1","7"
"r_2","2015","num","BG412","2","354308"
"r_2","2015","num","BG412","3","78458"
"r_2","2015","num","BG411","1","27"
"r_2","2015","num","BG411","2","979052"
"r_2","2015","num","BG411","3","2797669"
"r_2","2015","num","BG42","1","32"
"r_2","2015","num","BG42","2","589196"
"r_2","2015","num","BG42","3","832982"
"r_2","2015","num","BG425","1","1"
"r_2","2015","num","BG425","2","13423"
"r_2","2015","num","BG425","3","42444"
"r_2","2015","num","BG423","1","9"
"r_2","2015","num","BG423","2","175319"
"r_2","2015","num","BG423","3","184201"
"r_2","2015","num","BG421","1","14"
"r_2","2015","num","BG421","2","332798"
"r_2","2015","num","BG421","3","281908"
"r_2","2015","num","BG424","1","3"
"r_2","2015","num","BG424","2","26457"
"r_2","2015","num","BG424","3","142963"
"r_2","2015","num","BG422","1","5"
"r_2","2015","num","BG422","2","41199"
"r_2","2015","num","BG422","3","181466"
"r_3","2016","num","BG","1","195"
"r_3","2016","num","BG","2","5229606"
"r_3","2016","num","BG","3","7359746"
"r_3","2016","num","BG3","1","111"
"r_3","2016","num","BG3","2","2931861"
"r_3","2016","num","BG3","3","3501122"
"r_3","2016","num","BG31","1","18"
"r_3","2016","num","BG31","2","540499"
"r_3","2016","num","BG31","3","901810"
"r_3","2016","num","BG311","1","2"
"r_3","2016","num","BG311","2","152345"
"r_3","2016","num","BG311","3","93032"
"r_3","2016","num","BG313","1","3"
"r_3","2016","num","BG313","2","32421"
"r_3","2016","num","BG313","3","141600"
"r_3","2016","num","BG315","1","5"
"r_3","2016","num","BG315","2","104921"
"r_3","2016","num","BG315","3","130735"
"r_3","2016","num","BG312","1","4"
"r_3","2016","num","BG312","2","28038"
"r_3","2016","num","BG312","3","133180"
"r_3","2016","num","BG314","1","4"
"r_3","2016","num","BG314","2","222774"
"r_3","2016","num","BG314","3","403263"
"r_3","2016","num","BG32","1","32"
"r_3","2016","num","BG32","2","1033669"
"r_3","2016","num","BG32","3","1240742"
"r_3","2016","num","BG321","1","10"
"r_3","2016","num","BG321","2","473941"
"r_3","2016","num","BG321","3","316074"
"r_3","2016","num","BG322","1","10"
"r_3","2016","num","BG322","2","384675"
"r_3","2016","num","BG322","3","598311"
"r_3","2016","num","BG324","1","3"
"r_3","2016","num","BG324","2","59591"
"r_3","2016","num","BG324","3","122167"
"r_3","2016","num","BG323","1","4"
"r_3","2016","num","BG323","2","90762"
"r_3","2016","num","BG323","3","158638"
"r_3","2016","num","BG325","1","5"
"r_3","2016","num","BG325","2","24700"
"r_3","2016","num","BG325","3","45552"
"r_3","2016","num","BG33","1","28"
"r_3","2016","num","BG33","2","708887"
"r_3","2016","num","BG33","3","700355"
"r_3","2016","num","BG331","1","8"
"r_3","2016","num","BG331","2","231760"
"r_3","2016","num","BG331","3","178007"
"r_3","2016","num","BG332","1","6"
"r_3","2016","num","BG332","2","264918"
"r_3","2016","num","BG332","3","236748"
"r_3","2016","num","BG334","1","4"
"r_3","2016","num","BG334","2","20151"
"r_3","2016","num","BG334","3","82448"
"r_3","2016","num","BG333","1","10"
"r_3","2016","num","BG333","2","192058"
"r_3","2016","num","BG333","3","203152"
"r_3","2016","num","BG34","1","33"
"r_3","2016","num","BG34","2","648806"
"r_3","2016","num","BG34","3","658215"
"r_3","2016","num","BG341","1","12"
"r_3","2016","num","BG341","2","208542"
"r_3","2016","num","BG341","3","103276"
"r_3","2016","num","BG342","1","5"
"r_3","2016","num","BG342","2","98152"
"r_3","2016","num","BG342","3","149299"
"r_3","2016","num","BG344","1","11"
"r_3","2016","num","BG344","2","305500"
"r_3","2016","num","BG344","3","295556"
"r_3","2016","num","BG343","1","5"
"r_3","2016","num","BG343","2","36612"
"r_3","2016","num","BG343","3","110084"
"r_3","2016","num","BG4","1","84"
"r_3","2016","num","BG4","2","2297745"
"r_3","2016","num","BG4","3","3858624"
"r_3","2016","num","BG41","1","49"
"r_3","2016","num","BG41","2","1716839"
"r_3","2016","num","BG41","3","3015131"
"r_3","2016","num","BG413","1","7"
"r_3","2016","num","BG413","2","115265"
"r_3","2016","num","BG413","3","141281"
"r_3","2016","num","BG415","1","5"
"r_3","2016","num","BG415","2","110830"
"r_3","2016","num","BG415","3","149216"
"r_3","2016","num","BG414","1","5"
"r_3","2016","num","BG414","2","59499"
"r_3","2016","num","BG414","3","56561"
"r_3","2016","num","BG412","1","7"
"r_3","2016","num","BG412","2","345954"
"r_3","2016","num","BG412","3","82229"
"r_3","2016","num","BG411","1","25"
"r_3","2016","num","BG411","2","1085291"
"r_3","2016","num","BG411","3","2585844"
"r_3","2016","num","BG42","1","35"
"r_3","2016","num","BG42","2","580906"
"r_3","2016","num","BG42","3","843493"
"r_3","2016","num","BG425","1","2"
"r_3","2016","num","BG425","2","15801"
"r_3","2016","num","BG425","3","42647"
"r_3","2016","num","BG423","1","9"
"r_3","2016","num","BG423","2","205259"
"r_3","2016","num","BG423","3","186926"
"r_3","2016","num","BG421","1","14"
"r_3","2016","num","BG421","2","293509"
"r_3","2016","num","BG421","3","283098"
"r_3","2016","num","BG424","1","3"
"r_3","2016","num","BG424","2","26111"
"r_3","2016","num","BG424","3","143338"
"r_3","2016","num","BG422","1","7"
"r_3","2016","num","BG422","2","40226"
"r_3","2016","num","BG422","3","187484"
"r_4","2017","num","BG","1","191"
"r_4","2017","num","BG","2","5109135"
"r_4","2017","num","BG","3","7406222"
"r_4","2017","num","BG3","1","109"
"r_4","2017","num","BG3","2","2899336"
"r_4","2017","num","BG3","3","3542744"
"r_4","2017","num","BG31","1","18"
"r_4","2017","num","BG31","2","525729"
"r_4","2017","num","BG31","3","902768"
"r_4","2017","num","BG311","1","2"
"r_4","2017","num","BG311","2","156146"
"r_4","2017","num","BG311","3","92907"
"r_4","2017","num","BG313","1","3"
"r_4","2017","num","BG313","2","26062"
"r_4","2017","num","BG313","3","140564"
"r_4","2017","num","BG315","1","5"
"r_4","2017","num","BG315","2","119005"
"r_4","2017","num","BG315","3","131325"
"r_4","2017","num","BG312","1","4"
"r_4","2017","num","BG312","2","24841"
"r_4","2017","num","BG312","3","133640"
"r_4","2017","num","BG314","1","4"
"r_4","2017","num","BG314","2","199675"
"r_4","2017","num","BG314","3","404332"
"r_4","2017","num","BG32","1","32"
"r_4","2017","num","BG32","2","1050677"
"r_4","2017","num","BG32","3","1274068"
"r_4","2017","num","BG321","1","10"
"r_4","2017","num","BG321","2","495110"
"r_4","2017","num","BG321","3","306652"
"r_4","2017","num","BG322","1","10"
"r_4","2017","num","BG322","2","379010"
"r_4","2017","num","BG322","3","617352"
"r_4","2017","num","BG324","1","3"
"r_4","2017","num","BG324","2","69974"
"r_4","2017","num","BG324","3","124262"
"r_4","2017","num","BG323","1","4"
"r_4","2017","num","BG323","2","80609"
"r_4","2017","num","BG323","3","179726"
"r_4","2017","num","BG325","1","5"
"r_4","2017","num","BG325","2","25974"
"r_4","2017","num","BG325","3","46076"
"r_4","2017","num","BG33","1","27"
"r_4","2017","num","BG33","2","670837"
"r_4","2017","num","BG33","3","697355"
"r_4","2017","num","BG331","1","7"
"r_4","2017","num","BG331","2","244705"
"r_4","2017","num","BG331","3","171046"
"r_4","2017","num","BG332","1","6"
"r_4","2017","num","BG332","2","212176"
"r_4","2017","num","BG332","3","240981"
"r_4","2017","num","BG334","1","4"
"r_4","2017","num","BG334","2","19361"
"r_4","2017","num","BG334","3","81183"
"r_4","2017","num","BG333","1","10"
"r_4","2017","num","BG333","2","194595"
"r_4","2017","num","BG333","3","204145"
"r_4","2017","num","BG34","1","32"
"r_4","2017","num","BG34","2","652093"
"r_4","2017","num","BG34","3","668553"
"r_4","2017","num","BG341","1","12"
"r_4","2017","num","BG341","2","230172"
"r_4","2017","num","BG341","3","103666"
"r_4","2017","num","BG342","1","5"
"r_4","2017","num","BG342","2","86501"
"r_4","2017","num","BG342","3","163721"
"r_4","2017","num","BG344","1","10"
"r_4","2017","num","BG344","2","301703"
"r_4","2017","num","BG344","3","290507"
"r_4","2017","num","BG343","1","5"
"r_4","2017","num","BG343","2","33717"
"r_4","2017","num","BG343","3","110659"
"r_4","2017","num","BG4","1","82"
"r_4","2017","num","BG4","2","2209799"
"r_4","2017","num","BG4","3","3863478"
"r_4","2017","num","BG41","1","47"
"r_4","2017","num","BG41","2","1635070"
"r_4","2017","num","BG41","3","3010500"
"r_4","2017","num","BG413","1","7"
"r_4","2017","num","BG413","2","130265"
"r_4","2017","num","BG413","3","141869"
"r_4","2017","num","BG415","1","5"
"r_4","2017","num","BG415","2","128576"
"r_4","2017","num","BG415","3","149725"
"r_4","2017","num","BG414","1","4"
"r_4","2017","num","BG414","2","37705"
"r_4","2017","num","BG414","3","56980"
"r_4","2017","num","BG412","1","7"
"r_4","2017","num","BG412","2","299100"
"r_4","2017","num","BG412","3","83582"
"r_4","2017","num","BG411","1","24"
"r_4","2017","num","BG411","2","1039424"
"r_4","2017","num","BG411","3","2578344"
"r_4","2017","num","BG42","1","35"
"r_4","2017","num","BG42","2","574729"
"r_4","2017","num","BG42","3","852978"
"r_4","2017","num","BG425","1","2"
"r_4","2017","num","BG425","2","14751"
"r_4","2017","num","BG425","3","42682"
"r_4","2017","num","BG423","1","9"
"r_4","2017","num","BG423","2","202373"
"r_4","2017","num","BG423","3","192353"
"r_4","2017","num","BG421","1","14"
"r_4","2017","num","BG421","2","291379"
"r_4","2017","num","BG421","3","285436"
"r_4","2017","num","BG424","1","3"
"r_4","2017","num","BG424","2","17746"
"r_4","2017","num","BG424","3","143635"
"r_4","2017","num","BG422","1","7"
"r_4","2017","num","BG422","2","48480"
"r_4","2017","num","BG422","3","188872"
"r_5","2018","num","BG","1","174"
"r_5","2018","num","BG","2","5084386.999999998"
"r_5","2018","num","BG","3","7418929.999999995"
"r_5","2018","num","BG3","1","101"
"r_5","2018","num","BG3","2","2944251"
"r_5","2018","num","BG3","3","3518093"
"r_5","2018","num","BG31","1","18"
"r_5","2018","num","BG31","2","531932"
"r_5","2018","num","BG31","3","902117"
"r_5","2018","num","BG311","1","2"
"r_5","2018","num","BG311","2","183935"
"r_5","2018","num","BG311","3","88466"
"r_5","2018","num","BG313","1","3"
"r_5","2018","num","BG313","2","22976"
"r_5","2018","num","BG313","3","143098"
"r_5","2018","num","BG315","1","5"
"r_5","2018","num","BG315","2","114048"
"r_5","2018","num","BG315","3","131270"
"r_5","2018","num","BG312","1","4"
"r_5","2018","num","BG312","2","18088"
"r_5","2018","num","BG312","3","134171"
"r_5","2018","num","BG314","1","4"
"r_5","2018","num","BG314","2","192885"
"r_5","2018","num","BG314","3","405112"
"r_5","2018","num","BG32","1","31"
"r_5","2018","num","BG32","2","1067477"
"r_5","2018","num","BG32","3","1246121"
"r_5","2018","num","BG321","1","9"
"r_5","2018","num","BG321","2","507819"
"r_5","2018","num","BG321","3","308042"
"r_5","2018","num","BG322","1","10"
"r_5","2018","num","BG322","2","388492.99999999994"
"r_5","2018","num","BG322","3","620039.0000000001"
"r_5","2018","num","BG324","1","3"
"r_5","2018","num","BG324","2","58804"
"r_5","2018","num","BG324","3","126192.99999999999"
"r_5","2018","num","BG323","1","4"
"r_5","2018","num","BG323","2","86061"
"r_5","2018","num","BG323","3","144579"
"r_5","2018","num","BG325","1","5"
"r_5","2018","num","BG325","2","26300"
"r_5","2018","num","BG325","3","47268"
"r_5","2018","num","BG33","1","20"
"r_5","2018","num","BG33","2","688945"
"r_5","2018","num","BG33","3","702853"
"r_5","2018","num","BG331","1","6"
"r_5","2018","num","BG331","2","287335"
"r_5","2018","num","BG331","3","171734"
"r_5","2018","num","BG332","1","6"
"r_5","2018","num","BG332","2","198537"
"r_5","2018","num","BG332","3","242908.99999999997"
"r_5","2018","num","BG334","1","4"
"r_5","2018","num","BG334","2","18054"
"r_5","2018","num","BG334","3","82541"
"r_5","2018","num","BG333","1","4"
"r_5","2018","num","BG333","2","185019"
"r_5","2018","num","BG333","3","205668.99999999997"
"r_5","2018","num","BG34","1","32"
"r_5","2018","num","BG34","2","655897"
"r_5","2018","num","BG34","3","667002"
"r_5","2018","num","BG341","1","12"
"r_5","2018","num","BG341","2","252811.00000000003"
"r_5","2018","num","BG341","3","100047"
"r_5","2018","num","BG342","1","5"
"r_5","2018","num","BG342","2","93135"
"r_5","2018","num","BG342","3","164368"
"r_5","2018","num","BG344","1","10"
"r_5","2018","num","BG344","2","274950.99999999994"
"r_5","2018","num","BG344","3","291639.00000000006"
"r_5","2018","num","BG343","1","5"
"r_5","2018","num","BG343","2","35000"
"r_5","2018","num","BG343","3","110948"
"r_5","2018","num","BG4","1","73"
"r_5","2018","num","BG4","2","2140136"
"r_5","2018","num","BG4","3","3900836.999999999"
"r_5","2018","num","BG41","1","39"
"r_5","2018","num","BG41","2","1548873.0000000002"
"r_5","2018","num","BG41","3","3030781.999999999"
"r_5","2018","num","BG413","1","6"
"r_5","2018","num","BG413","2","129500.99999999999"
"r_5","2018","num","BG413","3","142648.99999999997"
"r_5","2018","num","BG415","1","4"
"r_5","2018","num","BG415","2","117580.99999999999"
"r_5","2018","num","BG415","3","149678"
"r_5","2018","num","BG414","1","4"
"r_5","2018","num","BG414","2","38539"
"r_5","2018","num","BG414","3","57086"
"r_5","2018","num","BG412","1","6"
"r_5","2018","num","BG412","2","271190"
"r_5","2018","num","BG412","3","83973"
"r_5","2018","num","BG411","1","19"
"r_5","2018","num","BG411","2","992062.0000000002"
"r_5","2018","num","BG411","3","2597395.999999999"
"r_5","2018","num","BG42","1","34"
"r_5","2018","num","BG42","2","591263"
"r_5","2018","num","BG42","3","870055"
"r_5","2018","num","BG425","1","2"
"r_5","2018","num","BG425","2","15776"
"r_5","2018","num","BG425","3","42724"
"r_5","2018","num","BG423","1","9"
"r_5","2018","num","BG423","2","210781"
"r_5","2018","num","BG423","3","193988"
"r_5","2018","num","BG421","1","14"
"r_5","2018","num","BG421","2","299440"
"r_5","2018","num","BG421","3","302786"
"r_5","2018","num","BG424","1","2"
"r_5","2018","num","BG424","2","13753"
"r_5","2018","num","BG424","3","140188"
"r_5","2018","num","BG422","1","7"
"r_5","2018","num","BG422","2","51513"
"r_5","2018","num","BG422","3","190369"
"r_7","2020","num","BG","1","182"
"r_7","2020","num","BG","2","2236031"
"r_7","2020","num","BG","3","7549769"
"r_7","2020","num","BG3","1","106"
"r_7","2020","num","BG3","2","1353728"
"r_7","2020","num","BG3","3","3540923"
"r_7","2020","num","BG31","1","18"
"r_7","2020","num","BG31","2","260018"
"r_7","2020","num","BG31","3","892545"
"r_7","2020","num","BG311","1","2"
"r_7","2020","num","BG311","2","93453"
"r_7","2020","num","BG311","3","89394"
"r_7","2020","num","BG313","1","3"
"r_7","2020","num","BG313","2","7178"
"r_7","2020","num","BG313","3","144705"
"r_7","2020","num","BG315","1","5"
"r_7","2020","num","BG315","2","69909"
"r_7","2020","num","BG315","3","114525"
"r_7","2020","num","BG312","1","4"
"r_7","2020","num","BG312","2","8443"
"r_7","2020","num","BG312","3","137697"
"r_7","2020","num","BG314","1","4"
"r_7","2020","num","BG314","2","81035"
"r_7","2020","num","BG314","3","406224"
"r_7","2020","num","BG32","1","31"
"r_7","2020","num","BG32","2","483787"
"r_7","2020","num","BG32","3","1257733"
"r_7","2020","num","BG321","1","9"
"r_7","2020","num","BG321","2","196806"
"r_7","2020","num","BG321","3","310376"
"r_7","2020","num","BG322","1","10"
"r_7","2020","num","BG322","2","191187"
"r_7","2020","num","BG322","3","624796"
"r_7","2020","num","BG324","1","3"
"r_7","2020","num","BG324","2","19095"
"r_7","2020","num","BG324","3","123684"
"r_7","2020","num","BG323","1","4"
"r_7","2020","num","BG323","2","59283"
"r_7","2020","num","BG323","3","147484"
"r_7","2020","num","BG325","1","5"
"r_7","2020","num","BG325","2","17416"
"r_7","2020","num","BG325","3","51393"
"r_7","2020","num","BG33","1","21"
"r_7","2020","num","BG33","2","334144"
"r_7","2020","num","BG33","3","707782"
"r_7","2020","num","BG331","1","8"
"r_7","2020","num","BG331","2","84674"
"r_7","2020","num","BG331","3","182701"
"r_7","2020","num","BG332","1","6"
"r_7","2020","num","BG332","2","136866"
"r_7","2020","num","BG332","3","249041"
"r_7","2020","num","BG334","1","4"
"r_7","2020","num","BG334","2","5371"
"r_7","2020","num","BG334","3","83437"
"r_7","2020","num","BG333","1","3"
"r_7","2020","num","BG333","2","107233"
"r_7","2020","num","BG333","3","192603"
"r_7","2020","num","BG34","1","36"
"r_7","2020","num","BG34","2","275779"
"r_7","2020","num","BG34","3","682863"
"r_7","2020","num","BG341","1","12"
"r_7","2020","num","BG341","2","81116"
"r_7","2020","num","BG341","3","103589"
"r_7","2020","num","BG342","1","6"
"r_7","2020","num","BG342","2","51287"
"r_7","2020","num","BG342","3","165377"
"r_7","2020","num","BG344","1","13"
"r_7","2020","num","BG344","2","126656"
"r_7","2020","num","BG344","3","302324"
"r_7","2020","num","BG343","1","5"
"r_7","2020","num","BG343","2","16720"
"r_7","2020","num","BG343","3","111573"
"r_7","2020","num","BG4","1","76"
"r_7","2020","num","BG4","2","882303"
"r_7","2020","num","BG4","3","4008846"
"r_7","2020","num","BG41","1","40"
"r_7","2020","num","BG41","2","559599"
"r_7","2020","num","BG41","3","3120476"
"r_7","2020","num","BG413","1","6"
"r_7","2020","num","BG413","2","61178"
"r_7","2020","num","BG413","3","144967"
"r_7","2020","num","BG415","1","4"
"r_7","2020","num","BG415","2","36405"
"r_7","2020","num","BG415","3","149832"
"r_7","2020","num","BG414","1","4"
"r_7","2020","num","BG414","2","18724"
"r_7","2020","num","BG414","3","59236"
"r_7","2020","num","BG412","1","8"
"r_7","2020","num","BG412","2","170133"
"r_7","2020","num","BG412","3","86915"
"r_7","2020","num","BG411","1","18"
"r_7","2020","num","BG411","2","273159"
"r_7","2020","num","BG411","3","2679526"
"r_7","2020","num","BG42","1","36"
"r_7","2020","num","BG42","2","322704"
"r_7","2020","num","BG42","3","888370"
"r_7","2020","num","BG425","1","2"
"r_7","2020","num","BG425","2","6190"
"r_7","2020","num","BG425","3","42988"
"r_7","2020","num","BG423","1","10"
"r_7","2020","num","BG423","2","91042"
"r_7","2020","num","BG423","3","203240"
"r_7","2020","num","BG421","1","14"
"r_7","2020","num","BG421","2","199167"
"r_7","2020","num","BG421","3","305474"
"r_7","2020","num","BG424","1","3"
"r_7","2020","num","BG424","2","9812"
"r_7","2020","num","BG424","3","144545"
"r_7","2020","num","BG422","1","7"
"r_7","2020","num","BG422","2","16493"
"r_7","2020","num","BG422","3","192123"
"r_6","2019","num","BG","1","179"
"r_6","2019","num","BG","2","5354794"
"r_6","2019","num","BG","3","7528966"
"r_6","2019","num","BG3","1","104"
"r_6","2019","num","BG3","2","3169408"
"r_6","2019","num","BG3","3","3552555"
"r_6","2019","num","BG31","1","18"
"r_6","2019","num","BG31","2","579559"
"r_6","2019","num","BG31","3","906616"
"r_6","2019","num","BG311","1","2"
"r_6","2019","num","BG311","2","210864"
"r_6","2019","num","BG311","3","89378"
"r_6","2019","num","BG313","1","3"
"r_6","2019","num","BG313","2","20948"
"r_6","2019","num","BG313","3","143871"
"r_6","2019","num","BG315","1","5"
"r_6","2019","num","BG315","2","126320"
"r_6","2019","num","BG315","3","132985"
"r_6","2019","num","BG312","1","4"
"r_6","2019","num","BG312","2","19647"
"r_6","2019","num","BG312","3","134759"
"r_6","2019","num","BG314","1","4"
"r_6","2019","num","BG314","2","201780"
"r_6","2019","num","BG314","3","405623"
"r_6","2019","num","BG32","1","31"
"r_6","2019","num","BG32","2","1169429"
"r_6","2019","num","BG32","3","1253163"
"r_6","2019","num","BG321","1","9"
"r_6","2019","num","BG321","2","545491"
"r_6","2019","num","BG321","3","309237"
"r_6","2019","num","BG322","1","10"
"r_6","2019","num","BG322","2","406393"
"r_6","2019","num","BG322","3","622195"
"r_6","2019","num","BG324","1","3"
"r_6","2019","num","BG324","2","62370"
"r_6","2019","num","BG324","3","128719"
"r_6","2019","num","BG323","1","4"
"r_6","2019","num","BG323","2","121816"
"r_6","2019","num","BG323","3","145533"
"r_6","2019","num","BG325","1","5"
"r_6","2019","num","BG325","2","33359"
"r_6","2019","num","BG325","3","47479"
"r_6","2019","num","BG33","1","20"
"r_6","2019","num","BG33","2","715604"
"r_6","2019","num","BG33","3","714250"
"r_6","2019","num","BG331","1","7"
"r_6","2019","num","BG331","2","303868"
"r_6","2019","num","BG331","3","180536"
"r_6","2019","num","BG332","1","6"
"r_6","2019","num","BG332","2","192241"
"r_6","2019","num","BG332","3","244464"
"r_6","2019","num","BG334","1","4"
"r_6","2019","num","BG334","2","19361"
"r_6","2019","num","BG334","3","83463"
"r_6","2019","num","BG333","1","3"
"r_6","2019","num","BG333","2","200134"
"r_6","2019","num","BG333","3","205787"
"r_6","2019","num","BG34","1","35"
"r_6","2019","num","BG34","2","704816"
"r_6","2019","num","BG34","3","678526"
"r_6","2019","num","BG341","1","12"
"r_6","2019","num","BG341","2","244708"
"r_6","2019","num","BG341","3","101296"
"r_6","2019","num","BG342","1","5"
"r_6","2019","num","BG342","2","89252"
"r_6","2019","num","BG342","3","164849"
"r_6","2019","num","BG344","1","13"
"r_6","2019","num","BG344","2","332311"
"r_6","2019","num","BG344","3","301096"
"r_6","2019","num","BG343","1","5"
"r_6","2019","num","BG343","2","38545"
"r_6","2019","num","BG343","3","111285"
"r_6","2019","num","BG4","1","75"
"r_6","2019","num","BG4","2","2185386"
"r_6","2019","num","BG4","3","3976411"
"r_6","2019","num","BG41","1","40"
"r_6","2019","num","BG41","2","1495143"
"r_6","2019","num","BG41","3","3098199"
"r_6","2019","num","BG413","1","6"
"r_6","2019","num","BG413","2","138231"
"r_6","2019","num","BG413","3","143350"
"r_6","2019","num","BG415","1","4"
"r_6","2019","num","BG415","2","127858"
"r_6","2019","num","BG415","3","150174"
"r_6","2019","num","BG414","1","4"
"r_6","2019","num","BG414","2","37919"
"r_6","2019","num","BG414","3","58304"
"r_6","2019","num","BG412","1","8"
"r_6","2019","num","BG412","2","324179"
"r_6","2019","num","BG412","3","84826"
"r_6","2019","num","BG411","1","18"
"r_6","2019","num","BG411","2","866956"
"r_6","2019","num","BG411","3","2661545"
"r_6","2019","num","BG42","1","35"
"r_6","2019","num","BG42","2","690243"
"r_6","2019","num","BG42","3","878212"
"r_6","2019","num","BG425","1","2"
"r_6","2019","num","BG425","2","15882"
"r_6","2019","num","BG425","3","42787"
"r_6","2019","num","BG423","1","9"
"r_6","2019","num","BG423","2","218514"
"r_6","2019","num","BG423","3","195315"
"r_6","2019","num","BG421","1","14"
"r_6","2019","num","BG421","2","383400"
"r_6","2019","num","BG421","3","304176"
"r_6","2019","num","BG424","1","3"
"r_6","2019","num","BG424","2","15911"
"r_6","2019","num","BG424","3","144478"
"r_6","2019","num","BG422","1","7"
"r_6","2019","num","BG422","2","56536"
"r_6","2019","num","BG422","3","191456"
"r_8","2021","num","BG","1","184"
"r_8","2021","num","BG","2","2915125"
"r_8","2021","num","BG","3","7624159"
"r_8","2021","num","BG3","1","107"
"r_8","2021","num","BG3","2","1744194"
"r_8","2021","num","BG3","3","3601809"
"r_8","2021","num","BG31","1","18"
"r_8","2021","num","BG31","2","256324"
"r_8","2021","num","BG31","3","903467"
"r_8","2021","num","BG311","1","2"
"r_8","2021","num","BG311","2","42943"
"r_8","2021","num","BG311","3","89462"
"r_8","2021","num","BG313","1","3"
"r_8","2021","num","BG313","2","14227"
"r_8","2021","num","BG313","3","145990"
"r_8","2021","num","BG315","1","5"
"r_8","2021","num","BG315","2","88430"
"r_8","2021","num","BG315","3","124133"
"r_8","2021","num","BG312","1","4"
"r_8","2021","num","BG312","2","9697"
"r_8","2021","num","BG312","3","138050"
"r_8","2021","num","BG314","1","4"
"r_8","2021","num","BG314","2","101027"
"r_8","2021","num","BG314","3","405832"
"r_8","2021","num","BG32","1","31"
"r_8","2021","num","BG32","2","647444"
"r_8","2021","num","BG32","3","1288799"
"r_8","2021","num","BG321","1","9"
"r_8","2021","num","BG321","2","265324"
"r_8","2021","num","BG321","3","311423"
"r_8","2021","num","BG322","1","10"
"r_8","2021","num","BG322","2","243699"
"r_8","2021","num","BG322","3","628590"
"r_8","2021","num","BG324","1","3"
"r_8","2021","num","BG324","2","37805"
"r_8","2021","num","BG324","3","124207"
"r_8","2021","num","BG323","1","4"
"r_8","2021","num","BG323","2","80229"
"r_8","2021","num","BG323","3","171657"
"r_8","2021","num","BG325","1","5"
"r_8","2021","num","BG325","2","20387"
"r_8","2021","num","BG325","3","52922"
"r_8","2021","num","BG33","1","22"
"r_8","2021","num","BG33","2","452874"
"r_8","2021","num","BG33","3","726405"
"r_8","2021","num","BG331","1","8"
"r_8","2021","num","BG331","2","134831"
"r_8","2021","num","BG331","3","183127"
"r_8","2021","num","BG332","1","6"
"r_8","2021","num","BG332","2","174780"
"r_8","2021","num","BG332","3","250014"
"r_8","2021","num","BG334","1","4"
"r_8","2021","num","BG334","2","8906"
"r_8","2021","num","BG334","3","85415"
"r_8","2021","num","BG333","1","4"
"r_8","2021","num","BG333","2","134357"
"r_8","2021","num","BG333","3","207849"
"r_8","2021","num","BG34","1","36"
"r_8","2021","num","BG34","2","387552"
"r_8","2021","num","BG34","3","683138"
"r_8","2021","num","BG341","1","12"
"r_8","2021","num","BG341","2","130992"
"r_8","2021","num","BG341","3","101316"
"r_8","2021","num","BG342","1","6"
"r_8","2021","num","BG342","2","64794"
"r_8","2021","num","BG342","3","165509"
"r_8","2021","num","BG344","1","13"
"r_8","2021","num","BG344","2","175192"
"r_8","2021","num","BG344","3","304120"
"r_8","2021","num","BG343","1","5"
"r_8","2021","num","BG343","2","16574"
"r_8","2021","num","BG343","3","112193"
"r_8","2021","num","BG4","1","77"
"r_8","2021","num","BG4","2","1170931"
"r_8","2021","num","BG4","3","4022350"
"r_8","2021","num","BG41","1","41"
"r_8","2021","num","BG41","2","787616"
"r_8","2021","num","BG41","3","3134649"
"r_8","2021","num","BG413","1","6"
"r_8","2021","num","BG413","2","95416"
"r_8","2021","num","BG413","3","141873"
"r_8","2021","num","BG415","1","5"
"r_8","2021","num","BG415","2","59114"
"r_8","2021","num","BG415","3","150592"
"r_8","2021","num","BG414","1","4"
"r_8","2021","num","BG414","2","31008"
"r_8","2021","num","BG414","3","61125"
"r_8","2021","num","BG412","1","8"
"r_8","2021","num","BG412","2","223116"
"r_8","2021","num","BG412","3","88862"
"r_8","2021","num","BG411","1","18"
"r_8","2021","num","BG411","2","378962"
"r_8","2021","num","BG411","3","2692197"
"r_8","2021","num","BG42","1","36"
"r_8","2021","num","BG42","2","383315"
"r_8","2021","num","BG42","3","887701"
"r_8","2021","num","BG425","1","2"
"r_8","2021","num","BG425","2","7924"
"r_8","2021","num","BG425","3","35108"
"r_8","2021","num","BG423","1","10"
"r_8","2021","num","BG423","2","101142"
"r_8","2021","num","BG423","3","206230"
"r_8","2021","num","BG421","1","14"
"r_8","2021","num","BG421","2","232669"
"r_8","2021","num","BG421","3","307995"
"r_8","2021","num","BG424","1","3"
"r_8","2021","num","BG424","2","17500"
"r_8","2021","num","BG424","3","144768"
"r_8","2021","num","BG422","1","7"
"r_8","2021","num","BG422","2","24080"
"r_8","2021","num","BG422","3","193600"
"r_9","2022","num","BG","1","186"
"r_9","2022","num","BG","2","4001306"
"r_9","2022","num","BG","3","7804667"
"r_9","2022","num","BG3","1","109"
"r_9","2022","num","BG3","2","2238218"
"r_9","2022","num","BG3","3","3621486"
"r_9","2022","num","BG31","1","18"
"r_9","2022","num","BG31","2","318233"
"r_9","2022","num","BG31","3","908485"
"r_9","2022","num","BG311","1","2"
"r_9","2022","num","BG311","2","39689"
"r_9","2022","num","BG311","3","91841"
"r_9","2022","num","BG313","1","3"
"r_9","2022","num","BG313","2","21516"
"r_9","2022","num","BG313","3","146530"
"r_9","2022","num","BG315","1","5"
"r_9","2022","num","BG315","2","106242"
"r_9","2022","num","BG315","3","124428"
"r_9","2022","num","BG312","1","4"
"r_9","2022","num","BG312","2","14999"
"r_9","2022","num","BG312","3","139054"
"r_9","2022","num","BG314","1","4"
"r_9","2022","num","BG314","2","135787"
"r_9","2022","num","BG314","3","406632"
"r_9","2022","num","BG32","1","31"
"r_9","2022","num","BG32","2","887194"
"r_9","2022","num","BG32","3","1295642"
"r_9","2022","num","BG321","1","9"
"r_9","2022","num","BG321","2","371829"
"r_9","2022","num","BG321","3","312614"
"r_9","2022","num","BG322","1","10"
"r_9","2022","num","BG322","2","322890"
"r_9","2022","num","BG322","3","630629"
"r_9","2022","num","BG324","1","3"
"r_9","2022","num","BG324","2","42188"
"r_9","2022","num","BG324","3","124876"
"r_9","2022","num","BG323","1","4"
"r_9","2022","num","BG323","2","117981"
"r_9","2022","num","BG323","3","173135"
"r_9","2022","num","BG325","1","5"
"r_9","2022","num","BG325","2","32306"
"r_9","2022","num","BG325","3","54388"
"r_9","2022","num","BG33","1","22"
"r_9","2022","num","BG33","2","479143"
"r_9","2022","num","BG33","3","729741"
"r_9","2022","num","BG331","1","8"
"r_9","2022","num","BG331","2","168000"
"r_9","2022","num","BG331","3","184070"
"r_9","2022","num","BG332","1","6"
"r_9","2022","num","BG332","2","146392"
"r_9","2022","num","BG332","3","251530"
"r_9","2022","num","BG334","1","4"
"r_9","2022","num","BG334","2","19832"
"r_9","2022","num","BG334","3","86219"
"r_9","2022","num","BG333","1","4"
"r_9","2022","num","BG333","2","144919"
"r_9","2022","num","BG333","3","207922"
"r_9","2022","num","BG34","1","38"
"r_9","2022","num","BG34","2","553648"
"r_9","2022","num","BG34","3","687618"
"r_9","2022","num","BG341","1","13"
"r_9","2022","num","BG341","2","225987"
"r_9","2022","num","BG341","3","101953"
"r_9","2022","num","BG342","1","7"
"r_9","2022","num","BG342","2","94198"
"r_9","2022","num","BG342","3","167267"
"r_9","2022","num","BG344","1","13"
"r_9","2022","num","BG344","2","220074"
"r_9","2022","num","BG344","3","305672"
"r_9","2022","num","BG343","1","5"
"r_9","2022","num","BG343","2","13389"
"r_9","2022","num","BG343","3","112726"
"r_9","2022","num","BG4","1","77"
"r_9","2022","num","BG4","2","1763088"
"r_9","2022","num","BG4","3","4183181"
"r_9","2022","num","BG41","1","41"
"r_9","2022","num","BG41","2","1128755"
"r_9","2022","num","BG41","3","3276662"
"r_9","2022","num","BG413","1","6"
"r_9","2022","num","BG413","2","131387"
"r_9","2022","num","BG413","3","145190"
"r_9","2022","num","BG415","1","5"
"r_9","2022","num","BG415","2","76590"
"r_9","2022","num","BG415","3","151134"
"r_9","2022","num","BG414","1","4"
"r_9","2022","num","BG414","2","44840"
"r_9","2022","num","BG414","3","63331"
"r_9","2022","num","BG412","1","8"
"r_9","2022","num","BG412","2","250441"
"r_9","2022","num","BG412","3","89657"
"r_9","2022","num","BG411","1","18"
"r_9","2022","num","BG411","2","625497"
"r_9","2022","num","BG411","3","2827350"
"r_9","2022","num","BG42","1","36"
"r_9","2022","num","BG42","2","634333"
"r_9","2022","num","BG42","3","906519"
"r_9","2022","num","BG425","1","2"
"r_9","2022","num","BG425","2","11588"
"r_9","2022","num","BG425","3","43099"
"r_9","2022","num","BG423","1","10"
"r_9","2022","num","BG423","2","159991"
"r_9","2022","num","BG423","3","211066"
"r_9","2022","num","BG421","1","14"
"r_9","2022","num","BG421","2","405910"
"r_9","2022","num","BG421","3","310637"
"r_9","2022","num","BG424","1","3"
"r_9","2022","num","BG424","2","25103"
"r_9","2022","num","BG424","3","144844"
"r_9","2022","num","BG422","1","7"
"r_9","2022","num","BG422","2","31741"
"r_9","2022","num","BG422","3","196873"
"r_10","2023","num","BG","1","189"
"r_10","2023","num","BG","2","4964948"
"r_10","2023","num","BG","3","7847733"
"r_10","2023","num","BG3","1","109"
"r_10","2023","num","BG3","2","2655656"
"r_10","2023","num","BG3","3","3647683"
"r_10","2023","num","BG31","1","18"
"r_10","2023","num","BG31","2","382196"
"r_10","2023","num","BG31","3","911393"
"r_10","2023","num","BG311","1","2"
"r_10","2023","num","BG311","2","46610"
"r_10","2023","num","BG311","3","92514"
"r_10","2023","num","BG313","1","3"
"r_10","2023","num","BG313","2","20455"
"r_10","2023","num","BG313","3","148589"
"r_10","2023","num","BG315","1","5"
"r_10","2023","num","BG315","2","126911"
"r_10","2023","num","BG315","3","123922"
"r_10","2023","num","BG312","1","4"
"r_10","2023","num","BG312","2","10990"
"r_10","2023","num","BG312","3","140054"
"r_10","2023","num","BG314","1","4"
"r_10","2023","num","BG314","2","177230"
"r_10","2023","num","BG314","3","406314"
"r_10","2023","num","BG32","1","32"
"r_10","2023","num","BG32","2","1033993"
"r_10","2023","num","BG32","3","1308718"
"r_10","2023","num","BG321","1","10"
"r_10","2023","num","BG321","2","466674"
"r_10","2023","num","BG321","3","314146"
"r_10","2023","num","BG322","1","10"
"r_10","2023","num","BG322","2","338140"
"r_10","2023","num","BG322","3","639458"
"r_10","2023","num","BG324","1","3"
"r_10","2023","num","BG324","2","53358"
"r_10","2023","num","BG324","3","125876"
"r_10","2023","num","BG323","1","4"
"r_10","2023","num","BG323","2","138339"
"r_10","2023","num","BG323","3","174781"
"r_10","2023","num","BG325","1","5"
"r_10","2023","num","BG325","2","37482"
"r_10","2023","num","BG325","3","54457"
"r_10","2023","num","BG33","1","21"
"r_10","2023","num","BG33","2","554585"
"r_10","2023","num","BG33","3","737587"
"r_10","2023","num","BG331","1","7"
"r_10","2023","num","BG331","2","205304"
"r_10","2023","num","BG331","3","188284"
"r_10","2023","num","BG332","1","6"
"r_10","2023","num","BG332","2","157179"
"r_10","2023","num","BG332","3","252390"
"r_10","2023","num","BG334","1","4"
"r_10","2023","num","BG334","2","21671"
"r_10","2023","num","BG334","3","88396"
"r_10","2023","num","BG333","1","4"
"r_10","2023","num","BG333","2","170431"
"r_10","2023","num","BG333","3","208517"
"r_10","2023","num","BG34","1","38"
"r_10","2023","num","BG34","2","684882"
"r_10","2023","num","BG34","3","689985"
"r_10","2023","num","BG341","1","13"
"r_10","2023","num","BG341","2","292777"
"r_10","2023","num","BG341","3","102286"
"r_10","2023","num","BG342","1","7"
"r_10","2023","num","BG342","2","77955"
"r_10","2023","num","BG342","3","167928"
"r_10","2023","num","BG344","1","13"
"r_10","2023","num","BG344","2","293903"
"r_10","2023","num","BG344","3","306670"
"r_10","2023","num","BG343","1","5"
"r_10","2023","num","BG343","2","20247"
"r_10","2023","num","BG343","3","113101"
"r_10","2023","num","BG4","1","80"
"r_10","2023","num","BG4","2","2309292"
"r_10","2023","num","BG4","3","4200050"
"r_10","2023","num","BG41","1","43"
"r_10","2023","num","BG41","2","1563021"
"r_10","2023","num","BG41","3","3286724"
"r_10","2023","num","BG413","1","6"
"r_10","2023","num","BG413","2","187277"
"r_10","2023","num","BG413","3","147002"
"r_10","2023","num","BG415","1","6"
"r_10","2023","num","BG415","2","114921"
"r_10","2023","num","BG415","3","134961"
"r_10","2023","num","BG414","1","4"
"r_10","2023","num","BG414","2","145207"
"r_10","2023","num","BG414","3","64228"
"r_10","2023","num","BG412","1","6"
"r_10","2023","num","BG412","2","232036"
"r_10","2023","num","BG412","3","92751"
"r_10","2023","num","BG411","1","21"
"r_10","2023","num","BG411","2","883580"
"r_10","2023","num","BG411","3","2847782"
"r_10","2023","num","BG42","1","37"
"r_10","2023","num","BG42","2","746271"
"r_10","2023","num","BG42","3","913326"
"r_10","2023","num","BG425","1","2"
"r_10","2023","num","BG425","2","12298"
"r_10","2023","num","BG425","3","43139"
"r_10","2023","num","BG423","1","10"
"r_10","2023","num","BG423","2","173497"
"r_10","2023","num","BG423","3","213918"
"r_10","2023","num","BG421","1","14"
"r_10","2023","num","BG421","2","480413"
"r_10","2023","num","BG421","3","313611"
"r_10","2023","num","BG424","1","4"
"r_10","2023","num","BG424","2","43606"
"r_10","2023","num","BG424","3","145121"
"r_10","2023","num","BG422","1","7"
"r_10","2023","num","BG422","2","36457"
"r_10","2023","num","BG422","3","197537"
"r_11","2024","num","BG","1","178"
"r_11","2024","num","BG","2","5070401"
"r_11","2024","num","BG","3","7733003"
"r_11","2024","num","BG3","1","102"
"r_11","2024","num","BG3","2","2743321"
"r_11","2024","num","BG3","3","3651211"
"r_11","2024","num","BG31","1","18"
"r_11","2024","num","BG31","2","438162"
"r_11","2024","num","BG31","3","915106"
"r_11","2024","num","BG311","1","2"
"r_11","2024","num","BG311","2","65346"
"r_11","2024","num","BG311","3","93452"
"r_11","2024","num","BG313","1","3"
"r_11","2024","num","BG313","2","27504"
"r_11","2024","num","BG313","3","149128"
"r_11","2024","num","BG315","1","5"
"r_11","2024","num","BG315","2","144948"
"r_11","2024","num","BG315","3","124413"
"r_11","2024","num","BG312","1","4"
"r_11","2024","num","BG312","2","18125"
"r_11","2024","num","BG312","3","141310"
"r_11","2024","num","BG314","1","4"
"r_11","2024","num","BG314","2","182239"
"r_11","2024","num","BG314","3","406803"
"r_11","2024","num","BG32","1","30"
"r_11","2024","num","BG32","2","1066711"
"r_11","2024","num","BG32","3","1306704"
"r_11","2024","num","BG321","1","10"
"r_11","2024","num","BG321","2","478234"
"r_11","2024","num","BG321","3","314804"
"r_11","2024","num","BG322","1","9"
"r_11","2024","num","BG322","2","352003"
"r_11","2024","num","BG322","3","637412"
"r_11","2024","num","BG324","1","3"
"r_11","2024","num","BG324","2","48152"
"r_11","2024","num","BG324","3","125883"
"r_11","2024","num","BG323","1","3"
"r_11","2024","num","BG323","2","140017"
"r_11","2024","num","BG323","3","173345"
"r_11","2024","num","BG325","1","5"
"r_11","2024","num","BG325","2","48305"
"r_11","2024","num","BG325","3","55260"
"r_11","2024","num","BG33","1","18"
"r_11","2024","num","BG33","2","558989"
"r_11","2024","num","BG33","3","733579"
"r_11","2024","num","BG331","1","5"
"r_11","2024","num","BG331","2","178999"
"r_11","2024","num","BG331","3","183321"
"r_11","2024","num","BG332","1","6"
"r_11","2024","num","BG332","2","157749"
"r_11","2024","num","BG332","3","252781"
"r_11","2024","num","BG334","1","4"
"r_11","2024","num","BG334","2","25767"
"r_11","2024","num","BG334","3","89624"
"r_11","2024","num","BG333","1","3"
"r_11","2024","num","BG333","2","196474"
"r_11","2024","num","BG333","3","207853"
"r_11","2024","num","BG34","1","36"
"r_11","2024","num","BG34","2","679459"
"r_11","2024","num","BG34","3","695822"
"r_11","2024","num","BG341","1","12"
"r_11","2024","num","BG341","2","269977"
"r_11","2024","num","BG341","3","102771"
"r_11","2024","num","BG342","1","6"
"r_11","2024","num","BG342","2","83885"
"r_11","2024","num","BG342","3","169907"
"r_11","2024","num","BG344","1","13"
"r_11","2024","num","BG344","2","307187"
"r_11","2024","num","BG344","3","308911"
"r_11","2024","num","BG343","1","5"
"r_11","2024","num","BG343","2","18410"
"r_11","2024","num","BG343","3","114233"
"r_11","2024","num","BG4","1","76"
"r_11","2024","num","BG4","2","2327080"
"r_11","2024","num","BG4","3","4081792"
"r_11","2024","num","BG41","1","40"
"r_11","2024","num","BG41","2","1523868"
"r_11","2024","num","BG41","3","3168344"
"r_11","2024","num","BG413","1","6"
"r_11","2024","num","BG413","2","211645"
"r_11","2024","num","BG413","3","148087"
"r_11","2024","num","BG415","1","5"
"r_11","2024","num","BG415","2","137919"
"r_11","2024","num","BG415","3","151651"
"r_11","2024","num","BG414","1","4"
"r_11","2024","num","BG414","2","44771"
"r_11","2024","num","BG414","3","64656"
"r_11","2024","num","BG412","1","6"
"r_11","2024","num","BG412","2","227447"
"r_11","2024","num","BG412","3","94591"
"r_11","2024","num","BG411","1","19"
"r_11","2024","num","BG411","2","902086"
"r_11","2024","num","BG411","3","2709359"
"r_11","2024","num","BG42","1","36"
"r_11","2024","num","BG42","2","803212"
"r_11","2024","num","BG42","3","913448"
"r_11","2024","num","BG425","1","2"
"r_11","2024","num","BG425","2","13784"
"r_11","2024","num","BG425","3","43214"
"r_11","2024","num","BG423","1","10"
"r_11","2024","num","BG423","2","176840"
"r_11","2024","num","BG423","3","216868"
"r_11","2024","num","BG421","1","14"
"r_11","2024","num","BG421","2","525874"
"r_11","2024","num","BG421","3","313921"
"r_11","2024","num","BG424","1","3"
"r_11","2024","num","BG424","2","36993"
"r_11","2024","num","BG424","3","141127"
"r_11","2024","num","BG422","1","7"
"r_11","2024","num","BG422","2","49721"
"r_11","2024","num","BG422","3","198318"