RevisionColumn,periods,Units,GenderID,LFS_ReasLeaveJob,LFS_EmplExpr_Unempl,ValueColumn
"r_2","2003Q1","1000cp","0","0","0","499.6"
"r_2","2003Q1","1000cp","1","0","0","277.8"
"r_2","2003Q1","1000cp","2","0","0","221.8"
"r_2","2003Q1","1000cp","0","0","1","394.9"
"r_2","2003Q1","1000cp","1","0","1","217.3"
"r_2","2003Q1","1000cp","2","0","1","177.6"
"r_2","2003Q1","1000cp","0","1","1","202.8"
"r_2","2003Q1","1000cp","1","1","1","107.5"
"r_2","2003Q1","1000cp","2","1","1","95.3"
"r_2","2003Q1","1000cp","0","2","1","58.1"
"r_2","2003Q1","1000cp","1","2","1","34.1"
"r_2","2003Q1","1000cp","2","2","1","24"
"r_2","2003Q1","1000cp","0","3","1","19.1"
"r_2","2003Q1","1000cp","1","3","1","11.3"
"r_2","2003Q1","1000cp","2","3","1","7.8"
"r_2","2003Q1","1000cp","0","5","1","52.6"
"r_2","2003Q1","1000cp","1","5","1","28.4"
"r_2","2003Q1","1000cp","2","5","1","24"
"r_2","2003Q1","1000cp","0","6","1","62.3"
"r_2","2003Q1","1000cp","1","6","1","36"
"r_2","2003Q1","1000cp","2","6","1","26.3"
"r_2","2003Q1","1000cp","0","0","2","104.7"
"r_2","2003Q1","1000cp","1","0","2","60.5"
"r_2","2003Q1","1000cp","2","0","2","44.2"
"r_2","2003Q2","1000cp","0","0","0","457.3"
"r_2","2003Q2","1000cp","1","0","0","252.1"
"r_2","2003Q2","1000cp","2","0","0","205.2"
"r_2","2003Q2","1000cp","0","0","1","357.3"
"r_2","2003Q2","1000cp","1","0","1","191.6"
"r_2","2003Q2","1000cp","2","0","1","165.7"
"r_2","2003Q2","1000cp","0","1","1","190.1"
"r_2","2003Q2","1000cp","1","1","1","100.2"
"r_2","2003Q2","1000cp","2","1","1","89.9"
"r_2","2003Q2","1000cp","0","2","1","40.5"
"r_2","2003Q2","1000cp","1","2","1","23.6"
"r_2","2003Q2","1000cp","2","2","1","17"
"r_2","2003Q2","1000cp","0","3","1","17.9"
"r_2","2003Q2","1000cp","1","3","1","10"
"r_2","2003Q2","1000cp","2","3","1","7.9"
"r_2","2003Q2","1000cp","0","5","1","45.2"
"r_2","2003Q2","1000cp","1","5","1","23.2"
"r_2","2003Q2","1000cp","2","5","1","20.3"
"r_2","2003Q2","1000cp","0","6","1","63.8"
"r_2","2003Q2","1000cp","1","6","1","34.6"
"r_2","2003Q2","1000cp","2","6","1","29.1"
"r_2","2003Q2","1000cp","0","0","2","100"
"r_2","2003Q2","1000cp","1","0","2","60.4"
"r_2","2003Q2","1000cp","2","0","2","39.5"
"r_2","2003Q3","1000cp","0","0","0","426.3"
"r_2","2003Q3","1000cp","1","0","0","228.5"
"r_2","2003Q3","1000cp","2","0","0","197.8"
"r_2","2003Q3","1000cp","0","0","1","326.2"
"r_2","2003Q3","1000cp","1","0","1","168.7"
"r_2","2003Q3","1000cp","2","0","1","157.5"
"r_2","2003Q3","1000cp","0","1","1","173.2"
"r_2","2003Q3","1000cp","1","1","1","87.8"
"r_2","2003Q3","1000cp","2","1","1","85.4"
"r_2","2003Q3","1000cp","0","2","1","41.4"
"r_2","2003Q3","1000cp","1","2","1","22.7"
"r_2","2003Q3","1000cp","2","2","1","18.7"
"r_2","2003Q3","1000cp","0","3","1","16.6"
"r_2","2003Q3","1000cp","1","3","1","9.6"
"r_2","2003Q3","1000cp","2","3","1","7"
"r_2","2003Q3","1000cp","0","5","1","42.5"
"r_2","2003Q3","1000cp","1","5","1","19.7"
"r_2","2003Q3","1000cp","2","5","1","22.8"
"r_2","2003Q3","1000cp","0","6","1","52.5"
"r_2","2003Q3","1000cp","1","6","1","28.8"
"r_2","2003Q3","1000cp","2","6","1","23.7"
"r_2","2003Q3","1000cp","0","0","2","100.1"
"r_2","2003Q3","1000cp","1","0","2","59.8"
"r_2","2003Q3","1000cp","2","0","2","40.2"
"r_2","2003Q4","1000cp","0","0","0","411.4"
"r_2","2003Q4","1000cp","1","0","0","223.2"
"r_2","2003Q4","1000cp","2","0","0","188.3"
"r_2","2003Q4","1000cp","0","0","1","317.6"
"r_2","2003Q4","1000cp","1","0","1","165.9"
"r_2","2003Q4","1000cp","2","0","1","151.7"
"r_2","2003Q4","1000cp","0","1","1","161.3"
"r_2","2003Q4","1000cp","1","1","1","80.5"
"r_2","2003Q4","1000cp","2","1","1","80.8"
"r_2","2003Q4","1000cp","0","2","1","48.8"
"r_2","2003Q4","1000cp","1","2","1","28.1"
"r_2","2003Q4","1000cp","2","2","1","20.7"
"r_2","2003Q4","1000cp","0","3","1","18.1"
"r_2","2003Q4","1000cp","1","3","1","11.7"
"r_2","2003Q4","1000cp","2","3","1","6.4"
"r_2","2003Q4","1000cp","0","5","1","38.7"
"r_2","2003Q4","1000cp","1","5","1","18.5"
"r_2","2003Q4","1000cp","2","5","1","20.2"
"r_2","2003Q4","1000cp","0","6","1","50.6"
"r_2","2003Q4","1000cp","1","6","1","27.1"
"r_2","2003Q4","1000cp","2","6","1","23.6"
"r_2","2003Q4","1000cp","0","0","2","93.8"
"r_2","2003Q4","1000cp","1","0","2","57.3"
"r_2","2003Q4","1000cp","2","0","2","36.5"
"r_2","2004Q1","1000cp","0","0","0","428.8"
"r_2","2004Q1","1000cp","1","0","0","237.8"
"r_2","2004Q1","1000cp","2","0","0","191"
"r_2","2004Q1","1000cp","0","0","1","340.2"
"r_2","2004Q1","1000cp","1","0","1","185.1"
"r_2","2004Q1","1000cp","2","0","1","155.1"
"r_2","2004Q1","1000cp","0","1","1","170.5"
"r_2","2004Q1","1000cp","1","1","1","93.7"
"r_2","2004Q1","1000cp","2","1","1","76.7"
"r_2","2004Q1","1000cp","0","2","1","59.7"
"r_2","2004Q1","1000cp","1","2","1","32.9"
"r_2","2004Q1","1000cp","2","2","1","26.8"
"r_2","2004Q1","1000cp","0","3","1","20.1"
"r_2","2004Q1","1000cp","1","3","1","10.9"
"r_2","2004Q1","1000cp","2","3","1","9.2"
"r_2","2004Q1","1000cp","0","5","1","35.8"
"r_2","2004Q1","1000cp","1","5","1","20.2"
"r_2","2004Q1","1000cp","2","5","1","15.6"
"r_2","2004Q1","1000cp","0","6","1","54.2"
"r_2","2004Q1","1000cp","1","6","1","27.4"
"r_2","2004Q1","1000cp","2","6","1","26.8"
"r_2","2004Q1","1000cp","0","0","2","88.5"
"r_2","2004Q1","1000cp","1","0","2","52.7"
"r_2","2004Q1","1000cp","2","0","2","35.9"
"r_2","2004Q2","1000cp","0","0","0","406.1"
"r_2","2004Q2","1000cp","1","0","0","222.7"
"r_2","2004Q2","1000cp","2","0","0","183.4"
"r_2","2004Q2","1000cp","0","0","1","322.5"
"r_2","2004Q2","1000cp","1","0","1","176.3"
"r_2","2004Q2","1000cp","2","0","1","146.2"
"r_2","2004Q2","1000cp","0","1","1","158.4"
"r_2","2004Q2","1000cp","1","1","1","83.4"
"r_2","2004Q2","1000cp","2","1","1","75.1"
"r_2","2004Q2","1000cp","0","2","1","54.6"
"r_2","2004Q2","1000cp","1","2","1","31.6"
"r_2","2004Q2","1000cp","2","2","1","23"
"r_2","2004Q2","1000cp","0","3","1","25.6"
"r_2","2004Q2","1000cp","1","3","1","16.4"
"r_2","2004Q2","1000cp","2","3","1","9.2"
"r_2","2004Q2","1000cp","0","5","1","33.2"
"r_2","2004Q2","1000cp","1","5","1","18.1"
"r_2","2004Q2","1000cp","2","5","1","15.1"
"r_2","2004Q2","1000cp","0","6","1","50.6"
"r_2","2004Q2","1000cp","1","6","1","26.8"
"r_2","2004Q2","1000cp","2","6","1","23.8"
"r_2","2004Q2","1000cp","0","0","2","83.7"
"r_2","2004Q2","1000cp","1","0","2","46.4"
"r_2","2004Q2","1000cp","2","0","2","37.2"
"r_2","2004Q3","1000cp","0","0","0","373"
"r_2","2004Q3","1000cp","1","0","0","207.3"
"r_2","2004Q3","1000cp","2","0","0","165.8"
"r_2","2004Q3","1000cp","0","0","1","284.8"
"r_2","2004Q3","1000cp","1","0","1","160.5"
"r_2","2004Q3","1000cp","2","0","1","124.3"
"r_2","2004Q3","1000cp","0","1","1","139.8"
"r_2","2004Q3","1000cp","1","1","1","79.1"
"r_2","2004Q3","1000cp","2","1","1","60.7"
"r_2","2004Q3","1000cp","0","2","1","44.5"
"r_2","2004Q3","1000cp","1","2","1","28.2"
"r_2","2004Q3","1000cp","2","2","1","16.3"
"r_2","2004Q3","1000cp","0","3","1","21.1"
"r_2","2004Q3","1000cp","1","3","1","13.1"
"r_2","2004Q3","1000cp","2","3","1","8"
"r_2","2004Q3","1000cp","0","5","1","32.4"
"r_2","2004Q3","1000cp","1","5","1","15.4"
"r_2","2004Q3","1000cp","2","5","1","17"
"r_2","2004Q3","1000cp","0","6","1","47"
"r_2","2004Q3","1000cp","1","6","1","24.6"
"r_2","2004Q3","1000cp","2","6","1","22.4"
"r_2","2004Q3","1000cp","0","0","2","88.2"
"r_2","2004Q3","1000cp","1","0","2","46.8"
"r_2","2004Q3","1000cp","2","0","2","41.4"
"r_2","2004Q4","1000cp","0","0","0","391"
"r_2","2004Q4","1000cp","1","0","0","220"
"r_2","2004Q4","1000cp","2","0","0","170.9"
"r_2","2004Q4","1000cp","0","0","1","301.3"
"r_2","2004Q4","1000cp","1","0","1","171.2"
"r_2","2004Q4","1000cp","2","0","1","130.1"
"r_2","2004Q4","1000cp","0","1","1","142.4"
"r_2","2004Q4","1000cp","1","1","1","78"
"r_2","2004Q4","1000cp","2","1","1","64.4"
"r_2","2004Q4","1000cp","0","2","1","58.4"
"r_2","2004Q4","1000cp","1","2","1","36.7"
"r_2","2004Q4","1000cp","2","2","1","21.7"
"r_2","2004Q4","1000cp","0","3","1","25.2"
"r_2","2004Q4","1000cp","1","3","1","15.3"
"r_2","2004Q4","1000cp","2","3","1","9.9"
"r_2","2004Q4","1000cp","0","5","1","31.5"
"r_2","2004Q4","1000cp","1","5","1","16.9"
"r_2","2004Q4","1000cp","2","5","1","14.7"
"r_2","2004Q4","1000cp","0","6","1","43.7"
"r_2","2004Q4","1000cp","1","6","1","24.3"
"r_2","2004Q4","1000cp","2","6","1","19.4"
"r_2","2004Q4","1000cp","0","0","2","89.7"
"r_2","2004Q4","1000cp","1","0","2","48.8"
"r_2","2004Q4","1000cp","2","0","2","40.9"
"r_2","2005Q1","1000cp","0","0","0","362.3"
"r_2","2005Q1","1000cp","1","0","0","200.2"
"r_2","2005Q1","1000cp","2","0","0","162.1"
"r_2","2005Q1","1000cp","0","0","1","290"
"r_2","2005Q1","1000cp","1","0","1","160.6"
"r_2","2005Q1","1000cp","2","0","1","129.4"
"r_2","2005Q1","1000cp","0","1","1","139.3"
"r_2","2005Q1","1000cp","1","1","1","74.8"
"r_2","2005Q1","1000cp","2","1","1","64.5"
"r_2","2005Q1","1000cp","0","2","1","61.4"
"r_2","2005Q1","1000cp","1","2","1","34.1"
"r_2","2005Q1","1000cp","2","2","1","27.3"
"r_2","2005Q1","1000cp","0","3","1","24.6"
"r_2","2005Q1","1000cp","1","3","1","16.1"
"r_2","2005Q1","1000cp","2","3","1","8.5"
"r_2","2005Q1","1000cp","0","5","1","27.4"
"r_2","2005Q1","1000cp","1","5","1","15.2"
"r_2","2005Q1","1000cp","2","5","1","12.2"
"r_2","2005Q1","1000cp","0","6","1","37.3"
"r_2","2005Q1","1000cp","1","6","1","20.3"
"r_2","2005Q1","1000cp","2","6","1","16.9"
"r_2","2005Q1","1000cp","0","0","2","72.3"
"r_2","2005Q1","1000cp","1","0","2","39.6"
"r_2","2005Q1","1000cp","2","0","2","32.7"
"r_2","2005Q2","1000cp","0","0","0","332.9"
"r_2","2005Q2","1000cp","1","0","0","183.8"
"r_2","2005Q2","1000cp","2","0","0","149.1"
"r_2","2005Q2","1000cp","0","0","1","255.7"
"r_2","2005Q2","1000cp","1","0","1","141.7"
"r_2","2005Q2","1000cp","2","0","1","114"
"r_2","2005Q2","1000cp","0","1","1","121.3"
"r_2","2005Q2","1000cp","1","1","1","66.2"
"r_2","2005Q2","1000cp","2","1","1","55.1"
"r_2","2005Q2","1000cp","0","2","1","50.1"
"r_2","2005Q2","1000cp","1","2","1","25.1"
"r_2","2005Q2","1000cp","2","2","1","25"
"r_2","2005Q2","1000cp","0","3","1","21"
"r_2","2005Q2","1000cp","1","3","1","15.7"
"r_2","2005Q2","1000cp","2","3","1","5.2"
"r_2","2005Q2","1000cp","0","5","1","25.700000000000003"
"r_2","2005Q2","1000cp","1","5","1","13.200000000000001"
"r_2","2005Q2","1000cp","2","5","1","12.5"
"r_2","2005Q2","1000cp","0","6","1","37.6"
"r_2","2005Q2","1000cp","1","6","1","21.5"
"r_2","2005Q2","1000cp","2","6","1","16.1"
"r_2","2005Q2","1000cp","0","0","2","77.2"
"r_2","2005Q2","1000cp","1","0","2","42.1"
"r_2","2005Q2","1000cp","2","0","2","35.2"
"r_2","2005Q3","1000cp","0","0","0","312.9"
"r_2","2005Q3","1000cp","1","0","0","167.8"
"r_2","2005Q3","1000cp","2","0","0","145.1"
"r_2","2005Q3","1000cp","0","0","1","241.1"
"r_2","2005Q3","1000cp","1","0","1","128.8"
"r_2","2005Q3","1000cp","2","0","1","112.4"
"r_2","2005Q3","1000cp","0","1","1","115.3"
"r_2","2005Q3","1000cp","1","1","1","61"
"r_2","2005Q3","1000cp","2","1","1","54.3"
"r_2","2005Q3","1000cp","0","2","1","46"
"r_2","2005Q3","1000cp","1","2","1","24.7"
"r_2","2005Q3","1000cp","2","2","1","21.3"
"r_2","2005Q3","1000cp","0","3","1","19.8"
"r_2","2005Q3","1000cp","1","3","1","12.3"
"r_2","2005Q3","1000cp","2","3","1","7.5"
"r_2","2005Q3","1000cp","0","5","1","23.5"
"r_2","2005Q3","1000cp","1","5","1","11.799999999999999"
"r_2","2005Q3","1000cp","2","5","1","11.7"
"r_2","2005Q3","1000cp","0","6","1","36.5"
"r_2","2005Q3","1000cp","1","6","1","19"
"r_2","2005Q3","1000cp","2","6","1","17.5"
"r_2","2005Q3","1000cp","0","0","2","71.8"
"r_2","2005Q3","1000cp","1","0","2","39"
"r_2","2005Q3","1000cp","2","0","2","32.8"
"r_2","2005Q4","1000cp","0","0","0","328.5"
"r_2","2005Q4","1000cp","1","0","0","179"
"r_2","2005Q4","1000cp","2","0","0","149.5"
"r_2","2005Q4","1000cp","0","0","1","253.1"
"r_2","2005Q4","1000cp","1","0","1","134.2"
"r_2","2005Q4","1000cp","2","0","1","118.9"
"r_2","2005Q4","1000cp","0","1","1","107"
"r_2","2005Q4","1000cp","1","1","1","55.9"
"r_2","2005Q4","1000cp","2","1","1","51.1"
"r_2","2005Q4","1000cp","0","2","1","55.8"
"r_2","2005Q4","1000cp","1","2","1","30.6"
"r_2","2005Q4","1000cp","2","2","1","25.2"
"r_2","2005Q4","1000cp","0","3","1","21.6"
"r_2","2005Q4","1000cp","1","3","1","12.3"
"r_2","2005Q4","1000cp","2","3","1","9.3"
"r_2","2005Q4","1000cp","0","5","1","29.5"
"r_2","2005Q4","1000cp","1","5","1","16.700000000000003"
"r_2","2005Q4","1000cp","2","5","1","12.7"
"r_2","2005Q4","1000cp","0","6","1","39.2"
"r_2","2005Q4","1000cp","1","6","1","18.6"
"r_2","2005Q4","1000cp","2","6","1","20.6"
"r_2","2005Q4","1000cp","0","0","2","75.5"
"r_2","2005Q4","1000cp","1","0","2","44.9"
"r_2","2005Q4","1000cp","2","0","2","30.6"
"r_2","2006Q1","1000cp","0","0","0","315.2"
"r_2","2006Q1","1000cp","1","0","0","164.7"
"r_2","2006Q1","1000cp","2","0","0","150.6"
"r_2","2006Q1","1000cp","0","0","1","251.5"
"r_2","2006Q1","1000cp","1","0","1","130.3"
"r_2","2006Q1","1000cp","2","0","1","121.2"
"r_2","2006Q1","1000cp","0","1","1","105.4"
"r_2","2006Q1","1000cp","1","1","1","53.5"
"r_2","2006Q1","1000cp","2","1","1","51.9"
"r_2","2006Q1","1000cp","0","2","1","59.3"
"r_2","2006Q1","1000cp","1","2","1","30.5"
"r_2","2006Q1","1000cp","2","2","1","28.8"
"r_2","2006Q1","1000cp","0","3","1","22.7"
"r_2","2006Q1","1000cp","1","3","1","13.5"
"r_2","2006Q1","1000cp","2","3","1","9.2"
"r_2","2006Q1","1000cp","0","5","1","28.7"
"r_2","2006Q1","1000cp","1","5","1","14.6"
"r_2","2006Q1","1000cp","2","5","1","14.100000000000001"
"r_2","2006Q1","1000cp","0","6","1","35.4"
"r_2","2006Q1","1000cp","1","6","1","18.2"
"r_2","2006Q1","1000cp","2","6","1","17.2"
"r_2","2006Q1","1000cp","0","0","2","63.7"
"r_2","2006Q1","1000cp","1","0","2","34.3"
"r_2","2006Q1","1000cp","2","0","2","29.4"
"r_2","2006Q2","1000cp","0","0","0","308.9"
"r_2","2006Q2","1000cp","1","0","0","159.3"
"r_2","2006Q2","1000cp","2","0","0","149.6"
"r_2","2006Q2","1000cp","0","0","1","243.4"
"r_2","2006Q2","1000cp","1","0","1","123.7"
"r_2","2006Q2","1000cp","2","0","1","119.7"
"r_2","2006Q2","1000cp","0","1","1","95.8"
"r_2","2006Q2","1000cp","1","1","1","49.2"
"r_2","2006Q2","1000cp","2","1","1","46.6"
"r_2","2006Q2","1000cp","0","2","1","57.8"
"r_2","2006Q2","1000cp","1","2","1","28.5"
"r_2","2006Q2","1000cp","2","2","1","29.3"
"r_2","2006Q2","1000cp","0","3","1","23.4"
"r_2","2006Q2","1000cp","1","3","1","11.6"
"r_2","2006Q2","1000cp","2","3","1","11.8"
"r_2","2006Q2","1000cp","0","5","1","29.6"
"r_2","2006Q2","1000cp","1","5","1","14.299999999999999"
"r_2","2006Q2","1000cp","2","5","1","15.4"
"r_2","2006Q2","1000cp","0","6","1","36.7"
"r_2","2006Q2","1000cp","1","6","1","20.1"
"r_2","2006Q2","1000cp","2","6","1","16.7"
"r_2","2006Q2","1000cp","0","0","2","65.5"
"r_2","2006Q2","1000cp","1","0","2","35.6"
"r_2","2006Q2","1000cp","2","0","2","29.9"
"r_2","2006Q3","1000cp","0","0","0","310.4"
"r_2","2006Q3","1000cp","1","0","0","153.8"
"r_2","2006Q3","1000cp","2","0","0","156.7"
"r_2","2006Q3","1000cp","0","0","1","237.3"
"r_2","2006Q3","1000cp","1","0","1","117.6"
"r_2","2006Q3","1000cp","2","0","1","119.7"
"r_2","2006Q3","1000cp","0","1","1","94.1"
"r_2","2006Q3","1000cp","1","1","1","43"
"r_2","2006Q3","1000cp","2","1","1","51"
"r_2","2006Q3","1000cp","0","2","1","50.4"
"r_2","2006Q3","1000cp","1","2","1","28.1"
"r_2","2006Q3","1000cp","2","2","1","22.2"
"r_2","2006Q3","1000cp","0","3","1","25.3"
"r_2","2006Q3","1000cp","1","3","1","14.9"
"r_2","2006Q3","1000cp","2","3","1","10.4"
"r_2","2006Q3","1000cp","0","5","1","28.799999999999997"
"r_2","2006Q3","1000cp","1","5","1","11.7"
"r_2","2006Q3","1000cp","2","5","1","17"
"r_2","2006Q3","1000cp","0","6","1","38.8"
"r_2","2006Q3","1000cp","1","6","1","19.8"
"r_2","2006Q3","1000cp","2","6","1","19"
"r_2","2006Q3","1000cp","0","0","2","73.1"
"r_2","2006Q3","1000cp","1","0","2","36.2"
"r_2","2006Q3","1000cp","2","0","2","37"
"r_2","2006Q4","1000cp","0","0","0","288.4"
"r_2","2006Q4","1000cp","1","0","0","147.8"
"r_2","2006Q4","1000cp","2","0","0","140.6"
"r_2","2006Q4","1000cp","0","0","1","227.1"
"r_2","2006Q4","1000cp","1","0","1","117.3"
"r_2","2006Q4","1000cp","2","0","1","109.8"
"r_2","2006Q4","1000cp","0","1","1","85.4"
"r_2","2006Q4","1000cp","1","1","1","41"
"r_2","2006Q4","1000cp","2","1","1","44.4"
"r_2","2006Q4","1000cp","0","2","1","52.1"
"r_2","2006Q4","1000cp","1","2","1","29.9"
"r_2","2006Q4","1000cp","2","2","1","22.1"
"r_2","2006Q4","1000cp","0","3","1","24.5"
"r_2","2006Q4","1000cp","1","3","1","14.4"
"r_2","2006Q4","1000cp","2","3","1","10.2"
"r_2","2006Q4","1000cp","0","5","1","26.6"
"r_2","2006Q4","1000cp","1","5","1","11.9"
"r_2","2006Q4","1000cp","2","5","1","14.7"
"r_2","2006Q4","1000cp","0","6","1","38.5"
"r_2","2006Q4","1000cp","1","6","1","20.1"
"r_2","2006Q4","1000cp","2","6","1","18.4"
"r_2","2006Q4","1000cp","0","0","2","61.3"
"r_2","2006Q4","1000cp","1","0","2","30.5"
"r_2","2006Q4","1000cp","2","0","2","30.8"
"r_2","2007Q1","1000cp","0","0","0","272.7"
"r_2","2007Q1","1000cp","1","0","0","138.5"
"r_2","2007Q1","1000cp","2","0","0","134.2"
"r_2","2007Q1","1000cp","0","0","1","221.5"
"r_2","2007Q1","1000cp","1","0","1","109.7"
"r_2","2007Q1","1000cp","2","0","1","111.8"
"r_2","2007Q1","1000cp","0","1","1","77.3"
"r_2","2007Q1","1000cp","1","1","1","36.2"
"r_2","2007Q1","1000cp","2","1","1","41.1"
"r_2","2007Q1","1000cp","0","2","1","51.5"
"r_2","2007Q1","1000cp","1","2","1","25.3"
"r_2","2007Q1","1000cp","2","2","1","26.2"
"r_2","2007Q1","1000cp","0","3","1","25.7"
"r_2","2007Q1","1000cp","1","3","1","16.2"
"r_2","2007Q1","1000cp","2","3","1","9.5"
"r_2","2007Q1","1000cp","0","5","1","26.9"
"r_2","2007Q1","1000cp","1","5","1","12.5"
"r_2","2007Q1","1000cp","2","5","1","14.3"
"r_2","2007Q1","1000cp","0","6","1","40.2"
"r_2","2007Q1","1000cp","1","6","1","19.5"
"r_2","2007Q1","1000cp","2","6","1","20.7"
"r_2","2007Q1","1000cp","0","0","2","51.2"
"r_2","2007Q1","1000cp","1","0","2","28.8"
"r_2","2007Q1","1000cp","2","0","2","22.4"
"r_2","2007Q2","1000cp","0","0","0","237.8"
"r_2","2007Q2","1000cp","1","0","0","125.3"
"r_2","2007Q2","1000cp","2","0","0","112.6"
"r_2","2007Q2","1000cp","0","0","1","190"
"r_2","2007Q2","1000cp","1","0","1","97.2"
"r_2","2007Q2","1000cp","2","0","1","92.8"
"r_2","2007Q2","1000cp","0","1","1","66.4"
"r_2","2007Q2","1000cp","1","1","1","30.5"
"r_2","2007Q2","1000cp","2","1","1","35.9"
"r_2","2007Q2","1000cp","0","2","1","45.1"
"r_2","2007Q2","1000cp","1","2","1","23.8"
"r_2","2007Q2","1000cp","2","2","1","21.3"
"r_2","2007Q2","1000cp","0","3","1","23.4"
"r_2","2007Q2","1000cp","1","3","1","14"
"r_2","2007Q2","1000cp","2","3","1","9.4"
"r_2","2007Q2","1000cp","0","5","1","20.2"
"r_2","2007Q2","1000cp","1","5","1","10"
"r_2","2007Q2","1000cp","2","5","1","10.3"
"r_2","2007Q2","1000cp","0","6","1","34.9"
"r_2","2007Q2","1000cp","1","6","1","18.9"
"r_2","2007Q2","1000cp","2","6","1","15.9"
"r_2","2007Q2","1000cp","0","0","2","47.9"
"r_2","2007Q2","1000cp","1","0","2","28.1"
"r_2","2007Q2","1000cp","2","0","2","19.8"
"r_2","2007Q3","1000cp","0","0","0","235.1"
"r_2","2007Q3","1000cp","1","0","0","113.5"
"r_2","2007Q3","1000cp","2","0","0","121.6"
"r_2","2007Q3","1000cp","0","0","1","173.5"
"r_2","2007Q3","1000cp","1","0","1","79.8"
"r_2","2007Q3","1000cp","2","0","1","93.7"
"r_2","2007Q3","1000cp","0","1","1","61.2"
"r_2","2007Q3","1000cp","1","1","1","23.4"
"r_2","2007Q3","1000cp","2","1","1","37.9"
"r_2","2007Q3","1000cp","0","2","1","39.2"
"r_2","2007Q3","1000cp","1","2","1","21"
"r_2","2007Q3","1000cp","2","2","1","18.2"
"r_2","2007Q3","1000cp","0","3","1","22.2"
"r_2","2007Q3","1000cp","1","3","1","13"
"r_2","2007Q3","1000cp","2","3","1","9.2"
"r_2","2007Q3","1000cp","0","5","1","18.5"
"r_2","2007Q3","1000cp","1","5","1","7.7"
"r_2","2007Q3","1000cp","2","5","1","10.8"
"r_2","2007Q3","1000cp","0","6","1","32.4"
"r_2","2007Q3","1000cp","1","6","1","14.8"
"r_2","2007Q3","1000cp","2","6","1","17.5"
"r_2","2007Q3","1000cp","0","0","2","61.6"
"r_2","2007Q3","1000cp","1","0","2","33.6"
"r_2","2007Q3","1000cp","2","0","2","27.9"
"r_2","2007Q4","1000cp","0","0","0","215.3"
"r_2","2007Q4","1000cp","1","0","0","105.5"
"r_2","2007Q4","1000cp","2","0","0","109.8"
"r_2","2007Q4","1000cp","0","0","1","163"
"r_2","2007Q4","1000cp","1","0","1","79"
"r_2","2007Q4","1000cp","2","0","1","84"
"r_2","2007Q4","1000cp","0","1","1","51.5"
"r_2","2007Q4","1000cp","1","1","1","22.7"
"r_2","2007Q4","1000cp","2","1","1","28.9"
"r_2","2007Q4","1000cp","0","2","1","35.5"
"r_2","2007Q4","1000cp","1","2","1","18"
"r_2","2007Q4","1000cp","2","2","1","17.5"
"r_2","2007Q4","1000cp","0","3","1","25"
"r_2","2007Q4","1000cp","1","3","1","13.2"
"r_2","2007Q4","1000cp","2","3","1","11.8"
"r_2","2007Q4","1000cp","0","5","1","19.1"
"r_2","2007Q4","1000cp","1","5","1","10.1"
"r_2","2007Q4","1000cp","2","5","1","9"
"r_2","2007Q4","1000cp","0","6","1","31.9"
"r_2","2007Q4","1000cp","1","6","1","15"
"r_2","2007Q4","1000cp","2","6","1","16.8"
"r_2","2007Q4","1000cp","0","0","2","52.4"
"r_2","2007Q4","1000cp","1","0","2","26.5"
"r_2","2007Q4","1000cp","2","0","2","25.9"
"r_2","2008Q1","1000cp","0","0","0","228.8"
"r_2","2008Q1","1000cp","1","0","0","119"
"r_2","2008Q1","1000cp","2","0","0","109.9"
"r_2","2008Q1","1000cp","0","0","1","183.1"
"r_2","2008Q1","1000cp","1","0","1","92.9"
"r_2","2008Q1","1000cp","2","0","1","90.1"
"r_2","2008Q1","1000cp","0","1","1","54.1"
"r_2","2008Q1","1000cp","1","1","1","25.4"
"r_2","2008Q1","1000cp","2","1","1","28.8"
"r_2","2008Q1","1000cp","0","2","1","52.6"
"r_2","2008Q1","1000cp","1","2","1","29.8"
"r_2","2008Q1","1000cp","2","2","1","22.8"
"r_2","2008Q1","1000cp","0","3","1","27.9"
"r_2","2008Q1","1000cp","1","3","1","14.5"
"r_2","2008Q1","1000cp","2","3","1","13.4"
"r_2","2008Q1","1000cp","0","5","1","19.9"
"r_2","2008Q1","1000cp","1","5","1","9.4"
"r_2","2008Q1","1000cp","2","5","1","10.5"
"r_2","2008Q1","1000cp","0","6","1","28.6"
"r_2","2008Q1","1000cp","1","6","1","13.8"
"r_2","2008Q1","1000cp","2","6","1","14.7"
"r_2","2008Q1","1000cp","0","0","2","45.8"
"r_2","2008Q1","1000cp","1","0","2","26"
"r_2","2008Q1","1000cp","2","0","2","19.7"
"r_2","2008Q2","1000cp","0","0","0","207.2"
"r_2","2008Q2","1000cp","1","0","0","106.6"
"r_2","2008Q2","1000cp","2","0","0","100.6"
"r_2","2008Q2","1000cp","0","0","1","160.1"
"r_2","2008Q2","1000cp","1","0","1","77.1"
"r_2","2008Q2","1000cp","2","0","1","83"
"r_2","2008Q2","1000cp","0","1","1","52.9"
"r_2","2008Q2","1000cp","1","1","1","22"
"r_2","2008Q2","1000cp","2","1","1","31"
"r_2","2008Q2","1000cp","0","2","1","45.4"
"r_2","2008Q2","1000cp","1","2","1","23.3"
"r_2","2008Q2","1000cp","2","2","1","22.1"
"r_2","2008Q2","1000cp","0","3","1","20.9"
"r_2","2008Q2","1000cp","1","3","1","11.4"
"r_2","2008Q2","1000cp","2","3","1","9.4"
"r_2","2008Q2","1000cp","0","5","1","15.5"
"r_2","2008Q2","1000cp","1","5","1","7.6"
"r_2","2008Q2","1000cp","2","5","1","7.8"
"r_2","2008Q2","1000cp","0","6","1","25.4"
"r_2","2008Q2","1000cp","1","6","1","12.8"
"r_2","2008Q2","1000cp","2","6","1","12.6"
"r_2","2008Q2","1000cp","0","0","2","47.1"
"r_2","2008Q2","1000cp","1","0","2","29.4"
"r_2","2008Q2","1000cp","2","0","2","17.7"
"r_2","2008Q3","1000cp","0","0","0","185.1"
"r_2","2008Q3","1000cp","1","0","0","96.8"
"r_2","2008Q3","1000cp","2","0","0","88.3"
"r_2","2008Q3","1000cp","0","0","1","146"
"r_2","2008Q3","1000cp","1","0","1","73.5"
"r_2","2008Q3","1000cp","2","0","1","72.4"
"r_2","2008Q3","1000cp","0","1","1","52.1"
"r_2","2008Q3","1000cp","1","1","1","21.3"
"r_2","2008Q3","1000cp","2","1","1","30.9"
"r_2","2008Q3","1000cp","0","2","1","36.3"
"r_2","2008Q3","1000cp","1","2","1","20.5"
"r_2","2008Q3","1000cp","2","2","1","15.8"
"r_2","2008Q3","1000cp","0","3","1","19.9"
"r_2","2008Q3","1000cp","1","3","1","13.2"
"r_2","2008Q3","1000cp","2","3","1","6.7"
"r_2","2008Q3","1000cp","0","5","1","12.7"
"r_2","2008Q3","1000cp","1","5","1","6.2"
"r_2","2008Q3","1000cp","2","5","1","6.6"
"r_2","2008Q3","1000cp","0","6","1","24.9"
"r_2","2008Q3","1000cp","1","6","1","12.5"
"r_2","2008Q3","1000cp","2","6","1","12.5"
"r_2","2008Q3","1000cp","0","0","2","39.1"
"r_2","2008Q3","1000cp","1","0","2","23.2"
"r_2","2008Q3","1000cp","2","0","2","15.9"
"r_2","2008Q4","1000cp","0","0","0","177.7"
"r_2","2008Q4","1000cp","1","0","0","93.4"
"r_2","2008Q4","1000cp","2","0","0","84.3"
"r_2","2008Q4","1000cp","0","0","1","142.8"
"r_2","2008Q4","1000cp","1","0","1","72.4"
"r_2","2008Q4","1000cp","2","0","1","70.5"
"r_2","2008Q4","1000cp","0","1","1","47.3"
"r_2","2008Q4","1000cp","1","1","1","19.8"
"r_2","2008Q4","1000cp","2","1","1","27.5"
"r_2","2008Q4","1000cp","0","2","1","37.3"
"r_2","2008Q4","1000cp","1","2","1","21.6"
"r_2","2008Q4","1000cp","2","2","1","15.6"
"r_2","2008Q4","1000cp","0","3","1","20.5"
"r_2","2008Q4","1000cp","1","3","1","13.9"
"r_2","2008Q4","1000cp","2","3","1","6.6"
"r_2","2008Q4","1000cp","0","5","1","15.899999999999999"
"r_2","2008Q4","1000cp","1","5","1","8"
"r_2","2008Q4","1000cp","2","5","1","7.9"
"r_2","2008Q4","1000cp","0","6","1","21.9"
"r_2","2008Q4","1000cp","1","6","1","9.1"
"r_2","2008Q4","1000cp","2","6","1","12.8"
"r_2","2008Q4","1000cp","0","0","2","34.9"
"r_2","2008Q4","1000cp","1","0","2","21"
"r_2","2008Q4","1000cp","2","0","2","13.9"
"r_2","2009Q1","1000cp","0","0","0","222.2"
"r_2","2009Q1","1000cp","1","0","0","121.8"
"r_2","2009Q1","1000cp","2","0","0","100.4"
"r_2","2009Q1","1000cp","0","0","1","189.5"
"r_2","2009Q1","1000cp","1","0","1","102.7"
"r_2","2009Q1","1000cp","2","0","1","86.8"
"r_2","2009Q1","1000cp","0","1","1","62.7"
"r_2","2009Q1","1000cp","1","1","1","32.7"
"r_2","2009Q1","1000cp","2","1","1","30"
"r_2","2009Q1","1000cp","0","2","1","57.9"
"r_2","2009Q1","1000cp","1","2","1","32.6"
"r_2","2009Q1","1000cp","2","2","1","25.2"
"r_2","2009Q1","1000cp","0","3","1","23.8"
"r_2","2009Q1","1000cp","1","3","1","14.9"
"r_2","2009Q1","1000cp","2","3","1","8.9"
"r_2","2009Q1","1000cp","0","5","1","16.4"
"r_2","2009Q1","1000cp","1","5","1","8.6"
"r_2","2009Q1","1000cp","2","5","1","7.8"
"r_2","2009Q1","1000cp","0","6","1","28.7"
"r_2","2009Q1","1000cp","1","6","1","13.8"
"r_2","2009Q1","1000cp","2","6","1","14.9"
"r_2","2009Q1","1000cp","0","0","2","32.7"
"r_2","2009Q1","1000cp","1","0","2","19.1"
"r_2","2009Q1","1000cp","2","0","2","13.6"
"r_2","2009Q2","1000cp","0","0","0","222.6"
"r_2","2009Q2","1000cp","1","0","0","117.3"
"r_2","2009Q2","1000cp","2","0","0","105.2"
"r_2","2009Q2","1000cp","0","0","1","189.1"
"r_2","2009Q2","1000cp","1","0","1","99.6"
"r_2","2009Q2","1000cp","2","0","1","89.6"
"r_2","2009Q2","1000cp","0","1","1","84.7"
"r_2","2009Q2","1000cp","1","1","1","44.7"
"r_2","2009Q2","1000cp","2","1","1","40.1"
"r_2","2009Q2","1000cp","0","2","1","44"
"r_2","2009Q2","1000cp","1","2","1","25.6"
"r_2","2009Q2","1000cp","2","2","1","18.5"
"r_2","2009Q2","1000cp","0","3","1","20.6"
"r_2","2009Q2","1000cp","1","3","1","10.7"
"r_2","2009Q2","1000cp","2","3","1","9.9"
"r_2","2009Q2","1000cp","0","5","1","13.1"
"r_2","2009Q2","1000cp","1","5","1","6"
"r_2","2009Q2","1000cp","2","5","1","7.1"
"r_2","2009Q2","1000cp","0","6","1","26.6"
"r_2","2009Q2","1000cp","1","6","1","12.6"
"r_2","2009Q2","1000cp","2","6","1","14"
"r_2","2009Q2","1000cp","0","0","2","33.4"
"r_2","2009Q2","1000cp","1","0","2","17.8"
"r_2","2009Q2","1000cp","2","0","2","15.7"
"r_2","2009Q3","1000cp","0","0","0","234.5"
"r_2","2009Q3","1000cp","1","0","0","127"
"r_2","2009Q3","1000cp","2","0","0","107.5"
"r_2","2009Q3","1000cp","0","0","1","194.7"
"r_2","2009Q3","1000cp","1","0","1","105.3"
"r_2","2009Q3","1000cp","2","0","1","89.4"
"r_2","2009Q3","1000cp","0","1","1","89.9"
"r_2","2009Q3","1000cp","1","1","1","46.6"
"r_2","2009Q3","1000cp","2","1","1","43.4"
"r_2","2009Q3","1000cp","0","2","1","39.5"
"r_2","2009Q3","1000cp","1","2","1","25.1"
"r_2","2009Q3","1000cp","2","2","1","14.5"
"r_2","2009Q3","1000cp","0","3","1","25.4"
"r_2","2009Q3","1000cp","1","3","1","14.2"
"r_2","2009Q3","1000cp","2","3","1","11.2"
"r_2","2009Q3","1000cp","0","5","1","15.9"
"r_2","2009Q3","1000cp","1","5","1","7.5"
"r_2","2009Q3","1000cp","2","5","1","8.4"
"r_2","2009Q3","1000cp","0","6","1","23.9"
"r_2","2009Q3","1000cp","1","6","1","11.9"
"r_2","2009Q3","1000cp","2","6","1","12"
"r_2","2009Q3","1000cp","0","0","2","39.8"
"r_2","2009Q3","1000cp","1","0","2","21.7"
"r_2","2009Q3","1000cp","2","0","2","18.1"
"r_2","2009Q4","1000cp","0","0","0","272.8"
"r_2","2009Q4","1000cp","1","0","0","154.2"
"r_2","2009Q4","1000cp","2","0","0","118.6"
"r_2","2009Q4","1000cp","0","0","1","230.7"
"r_2","2009Q4","1000cp","1","0","1","128.8"
"r_2","2009Q4","1000cp","2","0","1","101.9"
"r_2","2009Q4","1000cp","0","1","1","108.7"
"r_2","2009Q4","1000cp","1","1","1","61.4"
"r_2","2009Q4","1000cp","2","1","1","47.4"
"r_2","2009Q4","1000cp","0","2","1","52.5"
"r_2","2009Q4","1000cp","1","2","1","31.7"
"r_2","2009Q4","1000cp","2","2","1","20.9"
"r_2","2009Q4","1000cp","0","3","1","24.1"
"r_2","2009Q4","1000cp","1","3","1","14.7"
"r_2","2009Q4","1000cp","2","3","1","9.4"
"r_2","2009Q4","1000cp","0","5","1","19.9"
"r_2","2009Q4","1000cp","1","5","1","9.3"
"r_2","2009Q4","1000cp","2","5","1","10.7"
"r_2","2009Q4","1000cp","0","6","1","25.5"
"r_2","2009Q4","1000cp","1","6","1","11.8"
"r_2","2009Q4","1000cp","2","6","1","13.7"
"r_2","2009Q4","1000cp","0","0","2","42.1"
"r_2","2009Q4","1000cp","1","0","2","25.4"
"r_2","2009Q4","1000cp","2","0","2","16.7"
"r_2","2010Q1","1000cp","0","0","0","344.5"
"r_2","2010Q1","1000cp","1","0","0","196.1"
"r_2","2010Q1","1000cp","2","0","0","148.4"
"r_2","2010Q1","1000cp","0","0","1","296.6"
"r_2","2010Q1","1000cp","1","0","1","169.7"
"r_2","2010Q1","1000cp","2","0","1","126.9"
"r_2","2010Q1","1000cp","0","1","1","147.5"
"r_2","2010Q1","1000cp","1","1","1","83.5"
"r_2","2010Q1","1000cp","2","1","1","63.9"
"r_2","2010Q1","1000cp","0","2","1","75.8"
"r_2","2010Q1","1000cp","1","2","1","48.4"
"r_2","2010Q1","1000cp","2","2","1","27.5"
"r_2","2010Q1","1000cp","0","3","1","23.7"
"r_2","2010Q1","1000cp","1","3","1","13.5"
"r_2","2010Q1","1000cp","2","3","1","10.2"
"r_2","2010Q1","1000cp","0","5","1","24"
"r_2","2010Q1","1000cp","1","5","1","11.9"
"r_2","2010Q1","1000cp","2","5","1","12.1"
"r_2","2010Q1","1000cp","0","6","1","25.6"
"r_2","2010Q1","1000cp","1","6","1","12.4"
"r_2","2010Q1","1000cp","2","6","1","13.2"
"r_2","2010Q1","1000cp","0","0","2","47.9"
"r_2","2010Q1","1000cp","1","0","2","26.4"
"r_2","2010Q1","1000cp","2","0","2","21.5"
"r_2","2010Q2","1000cp","0","0","0","345"
"r_2","2010Q2","1000cp","1","0","0","194.4"
"r_2","2010Q2","1000cp","2","0","0","150.5"
"r_2","2010Q2","1000cp","0","0","1","294.8"
"r_2","2010Q2","1000cp","1","0","1","166"
"r_2","2010Q2","1000cp","2","0","1","128.8"
"r_2","2010Q2","1000cp","0","1","1","159.3"
"r_2","2010Q2","1000cp","1","1","1","86.7"
"r_2","2010Q2","1000cp","2","1","1","72.7"
"r_2","2010Q2","1000cp","0","2","1","60.9"
"r_2","2010Q2","1000cp","1","2","1","38.3"
"r_2","2010Q2","1000cp","2","2","1","22.6"
"r_2","2010Q2","1000cp","0","3","1","23.9"
"r_2","2010Q2","1000cp","1","3","1","13.2"
"r_2","2010Q2","1000cp","2","3","1","10.6"
"r_2","2010Q2","1000cp","0","5","1","22"
"r_2","2010Q2","1000cp","1","5","1","12.4"
"r_2","2010Q2","1000cp","2","5","1","9.6"
"r_2","2010Q2","1000cp","0","6","1","28.7"
"r_2","2010Q2","1000cp","1","6","1","15.4"
"r_2","2010Q2","1000cp","2","6","1","13.4"
"r_2","2010Q2","1000cp","0","0","2","50.1"
"r_2","2010Q2","1000cp","1","0","2","28.4"
"r_2","2010Q2","1000cp","2","0","2","21.7"
"r_2","2010Q3","1000cp","0","0","0","330.5"
"r_2","2010Q3","1000cp","1","0","0","186.9"
"r_2","2010Q3","1000cp","2","0","0","143.6"
"r_2","2010Q3","1000cp","0","0","1","278.2"
"r_2","2010Q3","1000cp","1","0","1","156.7"
"r_2","2010Q3","1000cp","2","0","1","121.5"
"r_2","2010Q3","1000cp","0","1","1","138.6"
"r_2","2010Q3","1000cp","1","1","1","76"
"r_2","2010Q3","1000cp","2","1","1","62.5"
"r_2","2010Q3","1000cp","0","2","1","60.8"
"r_2","2010Q3","1000cp","1","2","1","39.1"
"r_2","2010Q3","1000cp","2","2","1","21.7"
"r_2","2010Q3","1000cp","0","3","1","28.4"
"r_2","2010Q3","1000cp","1","3","1","15.1"
"r_2","2010Q3","1000cp","2","3","1","13.3"
"r_2","2010Q3","1000cp","0","5","1","25.4"
"r_2","2010Q3","1000cp","1","5","1","14.5"
"r_2","2010Q3","1000cp","2","5","1","11"
"r_2","2010Q3","1000cp","0","6","1","25"
"r_2","2010Q3","1000cp","1","6","1","12"
"r_2","2010Q3","1000cp","2","6","1","13"
"r_2","2010Q3","1000cp","0","0","2","52.3"
"r_2","2010Q3","1000cp","1","0","2","30.2"
"r_2","2010Q3","1000cp","2","0","2","22.1"
"r_2","2010Q4","1000cp","0","0","0","389.4"
"r_2","2010Q4","1000cp","1","0","0","221.7"
"r_2","2010Q4","1000cp","2","0","0","167.8"
"r_2","2010Q4","1000cp","0","0","1","327.7"
"r_2","2010Q4","1000cp","1","0","1","186.5"
"r_2","2010Q4","1000cp","2","0","1","141.2"
"r_2","2010Q4","1000cp","0","1","1","163.8"
"r_2","2010Q4","1000cp","1","1","1","94.3"
"r_2","2010Q4","1000cp","2","1","1","69.5"
"r_2","2010Q4","1000cp","0","2","1","72.7"
"r_2","2010Q4","1000cp","1","2","1","45"
"r_2","2010Q4","1000cp","2","2","1","27.7"
"r_2","2010Q4","1000cp","0","3","1","31.5"
"r_2","2010Q4","1000cp","1","3","1","19.1"
"r_2","2010Q4","1000cp","2","3","1","12.4"
"r_2","2010Q4","1000cp","0","5","1","30.1"
"r_2","2010Q4","1000cp","1","5","1","14.1"
"r_2","2010Q4","1000cp","2","5","1","16"
"r_2","2010Q4","1000cp","0","6","1","29.7"
"r_2","2010Q4","1000cp","1","6","1","14.1"
"r_2","2010Q4","1000cp","2","6","1","15.6"
"r_2","2010Q4","1000cp","0","0","2","61.8"
"r_2","2010Q4","1000cp","1","0","2","35.2"
"r_2","2010Q4","1000cp","2","0","2","26.6"
"r_2","2011Q1","1000cp","0","0","0","402"
"r_2","2011Q1","1000cp","1","0","0","234.1"
"r_2","2011Q1","1000cp","2","0","0","167.9"
"r_2","2011Q1","1000cp","0","0","1","337.5"
"r_2","2011Q1","1000cp","1","0","1","197.1"
"r_2","2011Q1","1000cp","2","0","1","140.4"
"r_2","2011Q1","1000cp","0","1","1","172.5"
"r_2","2011Q1","1000cp","1","1","1","103.7"
"r_2","2011Q1","1000cp","2","1","1","68.8"
"r_2","2011Q1","1000cp","0","2","1","79"
"r_2","2011Q1","1000cp","1","2","1","49.1"
"r_2","2011Q1","1000cp","2","2","1","29.9"
"r_2","2011Q1","1000cp","0","3","1","25.8"
"r_2","2011Q1","1000cp","1","3","1","15"
"r_2","2011Q1","1000cp","2","3","1","10.7"
"r_2","2011Q1","1000cp","0","5","1","25.4"
"r_2","2011Q1","1000cp","1","5","1","12.3"
"r_2","2011Q1","1000cp","2","5","1","13.2"
"r_2","2011Q1","1000cp","0","6","1","34.8"
"r_2","2011Q1","1000cp","1","6","1","17"
"r_2","2011Q1","1000cp","2","6","1","17.8"
"r_2","2011Q1","1000cp","0","0","2","64.5"
"r_2","2011Q1","1000cp","1","0","2","37"
"r_2","2011Q1","1000cp","2","0","2","27.5"
"r_2","2011Q2","1000cp","0","0","0","372.3"
"r_2","2011Q2","1000cp","1","0","0","215.9"
"r_2","2011Q2","1000cp","2","0","0","156.4"
"r_2","2011Q2","1000cp","0","0","1","307.7"
"r_2","2011Q2","1000cp","1","0","1","181.3"
"r_2","2011Q2","1000cp","2","0","1","126.4"
"r_2","2011Q2","1000cp","0","1","1","163.7"
"r_2","2011Q2","1000cp","1","1","1","98.3"
"r_2","2011Q2","1000cp","2","1","1","65.4"
"r_2","2011Q2","1000cp","0","2","1","71.4"
"r_2","2011Q2","1000cp","1","2","1","45.6"
"r_2","2011Q2","1000cp","2","2","1","25.8"
"r_2","2011Q2","1000cp","0","3","1","20.3"
"r_2","2011Q2","1000cp","1","3","1","12.1"
"r_2","2011Q2","1000cp","2","3","1","8.2"
"r_2","2011Q2","1000cp","0","5","1","22.7"
"r_2","2011Q2","1000cp","1","5","1","9.8"
"r_2","2011Q2","1000cp","2","5","1","12.9"
"r_2","2011Q2","1000cp","0","6","1","29.6"
"r_2","2011Q2","1000cp","1","6","1","15.5"
"r_2","2011Q2","1000cp","2","6","1","14.1"
"r_2","2011Q2","1000cp","0","0","2","64.6"
"r_2","2011Q2","1000cp","1","0","2","34.6"
"r_2","2011Q2","1000cp","2","0","2","29.9"
"r_2","2011Q3","1000cp","0","0","0","346.5"
"r_2","2011Q3","1000cp","1","0","0","199.3"
"r_2","2011Q3","1000cp","2","0","0","147.2"
"r_2","2011Q3","1000cp","0","0","1","281.9"
"r_2","2011Q3","1000cp","1","0","1","164"
"r_2","2011Q3","1000cp","2","0","1","117.8"
"r_2","2011Q3","1000cp","0","1","1","141.5"
"r_2","2011Q3","1000cp","1","1","1","84.3"
"r_2","2011Q3","1000cp","2","1","1","57.2"
"r_2","2011Q3","1000cp","0","2","1","57"
"r_2","2011Q3","1000cp","1","2","1","36.7"
"r_2","2011Q3","1000cp","2","2","1","20.3"
"r_2","2011Q3","1000cp","0","3","1","23.4"
"r_2","2011Q3","1000cp","1","3","1","15.5"
"r_2","2011Q3","1000cp","2","3","1","7.8"
"r_2","2011Q3","1000cp","0","5","1","24.3"
"r_2","2011Q3","1000cp","1","5","1","8.9"
"r_2","2011Q3","1000cp","2","5","1","15.4"
"r_2","2011Q3","1000cp","0","6","1","35.8"
"r_2","2011Q3","1000cp","1","6","1","18.7"
"r_2","2011Q3","1000cp","2","6","1","17.1"
"r_2","2011Q3","1000cp","0","0","2","64.6"
"r_2","2011Q3","1000cp","1","0","2","35.3"
"r_2","2011Q3","1000cp","2","0","2","29.3"
"r_2","2011Q4","1000cp","0","0","0","384.2"
"r_2","2011Q4","1000cp","1","0","0","226.8"
"r_2","2011Q4","1000cp","2","0","0","157.4"
"r_2","2011Q4","1000cp","0","0","1","313.2"
"r_2","2011Q4","1000cp","1","0","1","187"
"r_2","2011Q4","1000cp","2","0","1","126.2"
"r_2","2011Q4","1000cp","0","1","1","147.9"
"r_2","2011Q4","1000cp","1","1","1","91.1"
"r_2","2011Q4","1000cp","2","1","1","56.9"
"r_2","2011Q4","1000cp","0","2","1","75.6"
"r_2","2011Q4","1000cp","1","2","1","44.6"
"r_2","2011Q4","1000cp","2","2","1","31"
"r_2","2011Q4","1000cp","0","3","1","29.8"
"r_2","2011Q4","1000cp","1","3","1","19.1"
"r_2","2011Q4","1000cp","2","3","1","10.7"
"r_2","2011Q4","1000cp","0","5","1","24"
"r_2","2011Q4","1000cp","1","5","1","11.3"
"r_2","2011Q4","1000cp","2","5","1","12.7"
"r_2","2011Q4","1000cp","0","6","1","35.9"
"r_2","2011Q4","1000cp","1","6","1","20.9"
"r_2","2011Q4","1000cp","2","6","1","14.9"
"r_2","2011Q4","1000cp","0","0","2","71"
"r_2","2011Q4","1000cp","1","0","2","39.8"
"r_2","2011Q4","1000cp","2","0","2","31.2"
"r_2","2012Q1","1000cp","0","0","0","421.4"
"r_2","2012Q1","1000cp","1","0","0","252.3"
"r_2","2012Q1","1000cp","2","0","0","169"
"r_2","2012Q1","1000cp","0","0","1","350.6"
"r_2","2012Q1","1000cp","1","0","1","210.4"
"r_2","2012Q1","1000cp","2","0","1","140.2"
"r_2","2012Q1","1000cp","0","1","1","172.6"
"r_2","2012Q1","1000cp","1","1","1","106.4"
"r_2","2012Q1","1000cp","2","1","1","66.2"
"r_2","2012Q1","1000cp","0","2","1","91.1"
"r_2","2012Q1","1000cp","1","2","1","53.6"
"r_2","2012Q1","1000cp","2","2","1","37.5"
"r_2","2012Q1","1000cp","0","3","1","25.3"
"r_2","2012Q1","1000cp","1","3","1","15.2"
"r_2","2012Q1","1000cp","2","3","1","10.1"
"r_2","2012Q1","1000cp","0","5","1","24.1"
"r_2","2012Q1","1000cp","1","5","1","14"
"r_2","2012Q1","1000cp","2","5","1","10"
"r_2","2012Q1","1000cp","0","6","1","37.6"
"r_2","2012Q1","1000cp","1","6","1","21.2"
"r_2","2012Q1","1000cp","2","6","1","16.4"
"r_2","2012Q1","1000cp","0","0","2","70.8"
"r_2","2012Q1","1000cp","1","0","2","41.9"
"r_2","2012Q1","1000cp","2","0","2","28.8"
"r_2","2012Q2","1000cp","0","0","0","409.5"
"r_2","2012Q2","1000cp","1","0","0","242.7"
"r_2","2012Q2","1000cp","2","0","0","166.8"
"r_2","2012Q2","1000cp","0","0","1","338.5"
"r_2","2012Q2","1000cp","1","0","1","202.1"
"r_2","2012Q2","1000cp","2","0","1","136.4"
"r_2","2012Q2","1000cp","0","1","1","169"
"r_2","2012Q2","1000cp","1","1","1","102.1"
"r_2","2012Q2","1000cp","2","1","1","66.9"
"r_2","2012Q2","1000cp","0","2","1","84.7"
"r_2","2012Q2","1000cp","1","2","1","51.7"
"r_2","2012Q2","1000cp","2","2","1","33"
"r_2","2012Q2","1000cp","0","3","1","20"
"r_2","2012Q2","1000cp","1","3","1","12.4"
"r_2","2012Q2","1000cp","2","3","1","7.6"
"r_2","2012Q2","1000cp","0","5","1","24.4"
"r_2","2012Q2","1000cp","1","5","1","14.1"
"r_2","2012Q2","1000cp","2","5","1","10.4"
"r_2","2012Q2","1000cp","0","6","1","40.3"
"r_2","2012Q2","1000cp","1","6","1","21.9"
"r_2","2012Q2","1000cp","2","6","1","18.5"
"r_2","2012Q2","1000cp","0","0","2","71"
"r_2","2012Q2","1000cp","1","0","2","40.6"
"r_2","2012Q2","1000cp","2","0","2","30.4"
"r_2","2012Q3","1000cp","0","0","0","393.2"
"r_2","2012Q3","1000cp","1","0","0","231.5"
"r_2","2012Q3","1000cp","2","0","0","161.8"
"r_2","2012Q3","1000cp","0","0","1","323.3"
"r_2","2012Q3","1000cp","1","0","1","192.1"
"r_2","2012Q3","1000cp","2","0","1","131.1"
"r_2","2012Q3","1000cp","0","1","1","156.7"
"r_2","2012Q3","1000cp","1","1","1","90.5"
"r_2","2012Q3","1000cp","2","1","1","66.2"
"r_2","2012Q3","1000cp","0","2","1","78.5"
"r_2","2012Q3","1000cp","1","2","1","53.5"
"r_2","2012Q3","1000cp","2","2","1","25"
"r_2","2012Q3","1000cp","0","3","1","21.6"
"r_2","2012Q3","1000cp","1","3","1","13.5"
"r_2","2012Q3","1000cp","2","3","1","8.1"
"r_2","2012Q3","1000cp","0","5","1","25.1"
"r_2","2012Q3","1000cp","1","5","1","13.2"
"r_2","2012Q3","1000cp","2","5","1","12"
"r_2","2012Q3","1000cp","0","6","1","41.4"
"r_2","2012Q3","1000cp","1","6","1","21.5"
"r_2","2012Q3","1000cp","2","6","1","19.9"
"r_2","2012Q3","1000cp","0","0","2","70"
"r_2","2012Q3","1000cp","1","0","2","39.3"
"r_2","2012Q3","1000cp","2","0","2","30.6"
"r_2","2012Q4","1000cp","0","0","0","417.3"
"r_2","2012Q4","1000cp","1","0","0","237.8"
"r_2","2012Q4","1000cp","2","0","0","179.5"
"r_2","2012Q4","1000cp","0","0","1","347.7"
"r_2","2012Q4","1000cp","1","0","1","199.4"
"r_2","2012Q4","1000cp","2","0","1","148.3"
"r_2","2012Q4","1000cp","0","1","1","154.3"
"r_2","2012Q4","1000cp","1","1","1","88.1"
"r_2","2012Q4","1000cp","2","1","1","66.2"
"r_2","2012Q4","1000cp","0","2","1","94.8"
"r_2","2012Q4","1000cp","1","2","1","57.8"
"r_2","2012Q4","1000cp","2","2","1","37"
"r_2","2012Q4","1000cp","0","3","1","28.4"
"r_2","2012Q4","1000cp","1","3","1","18.7"
"r_2","2012Q4","1000cp","2","3","1","9.7"
"r_2","2012Q4","1000cp","0","5","1","33.4"
"r_2","2012Q4","1000cp","1","5","1","17.7"
"r_2","2012Q4","1000cp","2","5","1","15.7"
"r_2","2012Q4","1000cp","0","6","1","36.6"
"r_2","2012Q4","1000cp","1","6","1","17.1"
"r_2","2012Q4","1000cp","2","6","1","19.6"
"r_2","2012Q4","1000cp","0","0","2","69.6"
"r_2","2012Q4","1000cp","1","0","2","38.4"
"r_2","2012Q4","1000cp","2","0","2","31.2"
"r_2","2013Q1","1000cp","0","0","0","456.4"
"r_2","2013Q1","1000cp","1","0","0","267.5"
"r_2","2013Q1","1000cp","2","0","0","188.8"
"r_2","2013Q1","1000cp","0","0","1","384.2"
"r_2","2013Q1","1000cp","1","0","1","224.7"
"r_2","2013Q1","1000cp","2","0","1","159.5"
"r_2","2013Q1","1000cp","0","1","1","176.4"
"r_2","2013Q1","1000cp","1","1","1","104.1"
"r_2","2013Q1","1000cp","2","1","1","72.4"
"r_2","2013Q1","1000cp","0","2","1","105.1"
"r_2","2013Q1","1000cp","1","2","1","63.8"
"r_2","2013Q1","1000cp","2","2","1","41.4"
"r_2","2013Q1","1000cp","0","3","1","27"
"r_2","2013Q1","1000cp","1","3","1","18.3"
"r_2","2013Q1","1000cp","2","3","1","8.7"
"r_2","2013Q1","1000cp","0","5","1","35.7"
"r_2","2013Q1","1000cp","1","5","1","18"
"r_2","2013Q1","1000cp","2","5","1","17.7"
"r_2","2013Q1","1000cp","0","6","1","40"
"r_2","2013Q1","1000cp","1","6","1","20.6"
"r_2","2013Q1","1000cp","2","6","1","19.4"
"r_2","2013Q1","1000cp","0","0","2","72.1"
"r_2","2013Q1","1000cp","1","0","2","42.8"
"r_2","2013Q1","1000cp","2","0","2","29.3"
"r_2","2013Q2","1000cp","0","0","0","437.3"
"r_2","2013Q2","1000cp","1","0","0","251.7"
"r_2","2013Q2","1000cp","2","0","0","185.6"
"r_2","2013Q2","1000cp","0","0","1","373.1"
"r_2","2013Q2","1000cp","1","0","1","216.5"
"r_2","2013Q2","1000cp","2","0","1","156.5"
"r_2","2013Q2","1000cp","0","1","1","178.1"
"r_2","2013Q2","1000cp","1","1","1","102.4"
"r_2","2013Q2","1000cp","2","1","1","75.7"
"r_2","2013Q2","1000cp","0","2","1","90.6"
"r_2","2013Q2","1000cp","1","2","1","55.4"
"r_2","2013Q2","1000cp","2","2","1","35.2"
"r_2","2013Q2","1000cp","0","3","1","30.5"
"r_2","2013Q2","1000cp","1","3","1","21.6"
"r_2","2013Q2","1000cp","2","3","1","8.9"
"r_2","2013Q2","1000cp","0","5","1","30.2"
"r_2","2013Q2","1000cp","1","5","1","13.2"
"r_2","2013Q2","1000cp","2","5","1","17.1"
"r_2","2013Q2","1000cp","0","6","1","43.6"
"r_2","2013Q2","1000cp","1","6","1","24"
"r_2","2013Q2","1000cp","2","6","1","19.7"
"r_2","2013Q2","1000cp","0","0","2","64.2"
"r_2","2013Q2","1000cp","1","0","2","35.2"
"r_2","2013Q2","1000cp","2","0","2","29.1"
"r_2","2013Q3","1000cp","0","0","0","411.6"
"r_2","2013Q3","1000cp","1","0","0","230.3"
"r_2","2013Q3","1000cp","2","0","0","181.3"
"r_2","2013Q3","1000cp","0","0","1","345.5"
"r_2","2013Q3","1000cp","1","0","1","191"
"r_2","2013Q3","1000cp","2","0","1","154.5"
"r_2","2013Q3","1000cp","0","1","1","153"
"r_2","2013Q3","1000cp","1","1","1","82.6"
"r_2","2013Q3","1000cp","2","1","1","70.4"
"r_2","2013Q3","1000cp","0","2","1","86.9"
"r_2","2013Q3","1000cp","1","2","1","48"
"r_2","2013Q3","1000cp","2","2","1","38.9"
"r_2","2013Q3","1000cp","0","3","1","29.6"
"r_2","2013Q3","1000cp","1","3","1","20.2"
"r_2","2013Q3","1000cp","2","3","1","9.3"
"r_2","2013Q3","1000cp","0","5","1","29.2"
"r_2","2013Q3","1000cp","1","5","1","15.6"
"r_2","2013Q3","1000cp","2","5","1","13.6"
"r_2","2013Q3","1000cp","0","6","1","46.8"
"r_2","2013Q3","1000cp","1","6","1","24.7"
"r_2","2013Q3","1000cp","2","6","1","22.2"
"r_2","2013Q3","1000cp","0","0","2","66.1"
"r_2","2013Q3","1000cp","1","0","2","39.3"
"r_2","2013Q3","1000cp","2","0","2","26.8"
"r_2","2013Q4","1000cp","0","0","0","439.8"
"r_2","2013Q4","1000cp","1","0","0","249.5"
"r_2","2013Q4","1000cp","2","0","0","190.3"
"r_2","2013Q4","1000cp","0","0","1","371.8"
"r_2","2013Q4","1000cp","1","0","1","207.8"
"r_2","2013Q4","1000cp","2","0","1","164"
"r_2","2013Q4","1000cp","0","1","1","148.7"
"r_2","2013Q4","1000cp","1","1","1","81.6"
"r_2","2013Q4","1000cp","2","1","1","67"
"r_2","2013Q4","1000cp","0","2","1","120.7"
"r_2","2013Q4","1000cp","1","2","1","71.8"
"r_2","2013Q4","1000cp","2","2","1","48.9"
"r_2","2013Q4","1000cp","0","3","1","25.7"
"r_2","2013Q4","1000cp","1","3","1","16.4"
"r_2","2013Q4","1000cp","2","3","1","9.3"
"r_2","2013Q4","1000cp","0","5","1","30.9"
"r_2","2013Q4","1000cp","1","5","1","16.3"
"r_2","2013Q4","1000cp","2","5","1","14.6"
"r_2","2013Q4","1000cp","0","6","1","45.8"
"r_2","2013Q4","1000cp","1","6","1","21.6"
"r_2","2013Q4","1000cp","2","6","1","24.2"
"r_2","2013Q4","1000cp","0","0","2","68"
"r_2","2013Q4","1000cp","1","0","2","41.7"
"r_2","2013Q4","1000cp","2","0","2","26.3"
"r_2","2014Q1","1000cp","0","0","0","433"
"r_2","2014Q1","1000cp","1","0","0","247.1"
"r_2","2014Q1","1000cp","2","0","0","185.8"
"r_2","2014Q1","1000cp","0","0","1","374"
"r_2","2014Q1","1000cp","1","0","1","214.9"
"r_2","2014Q1","1000cp","2","0","1","159.1"
"r_2","2014Q1","1000cp","0","1","1","155.2"
"r_2","2014Q1","1000cp","1","1","1","87.8"
"r_2","2014Q1","1000cp","2","1","1","67.4"
"r_2","2014Q1","1000cp","0","2","1","123.4"
"r_2","2014Q1","1000cp","1","2","1","74.4"
"r_2","2014Q1","1000cp","2","2","1","48.9"
"r_2","2014Q1","1000cp","0","3","1","23.8"
"r_2","2014Q1","1000cp","1","3","1","16.2"
"r_2","2014Q1","1000cp","2","3","1","7.6"
"r_2","2014Q1","1000cp","0","5","1","28.1"
"r_2","2014Q1","1000cp","1","5","1","14.2"
"r_2","2014Q1","1000cp","2","5","1","13.9"
"r_2","2014Q1","1000cp","0","6","1","43.5"
"r_2","2014Q1","1000cp","1","6","1","22.3"
"r_2","2014Q1","1000cp","2","6","1","21.2"
"r_2","2014Q1","1000cp","0","0","2","59"
"r_2","2014Q1","1000cp","1","0","2","32.2"
"r_2","2014Q1","1000cp","2","0","2","26.8"
"r_2","2014Q2","1000cp","0","0","0","381.8"
"r_2","2014Q2","1000cp","1","0","0","224"
"r_2","2014Q2","1000cp","2","0","0","157.8"
"r_2","2014Q2","1000cp","0","0","1","327.7"
"r_2","2014Q2","1000cp","1","0","1","192"
"r_2","2014Q2","1000cp","2","0","1","135.7"
"r_2","2014Q2","1000cp","0","1","1","142.1"
"r_2","2014Q2","1000cp","1","1","1","83.1"
"r_2","2014Q2","1000cp","2","1","1","59"
"r_2","2014Q2","1000cp","0","2","1","101.4"
"r_2","2014Q2","1000cp","1","2","1","60.1"
"r_2","2014Q2","1000cp","2","2","1","41.3"
"r_2","2014Q2","1000cp","0","3","1","21.3"
"r_2","2014Q2","1000cp","1","3","1","14.4"
"r_2","2014Q2","1000cp","2","3","1","6.8"
"r_2","2014Q2","1000cp","0","5","1","23.1"
"r_2","2014Q2","1000cp","1","5","1","11.9"
"r_2","2014Q2","1000cp","2","5","1","11.2"
"r_2","2014Q2","1000cp","0","6","1","39.8"
"r_2","2014Q2","1000cp","1","6","1","22.5"
"r_2","2014Q2","1000cp","2","6","1","17.3"
"r_2","2014Q2","1000cp","0","0","2","54"
"r_2","2014Q2","1000cp","1","0","2","32"
"r_2","2014Q2","1000cp","2","0","2","22.1"
"r_2","2014Q3","1000cp","0","0","0","368.8"
"r_2","2014Q3","1000cp","1","0","0","211.6"
"r_2","2014Q3","1000cp","2","0","0","157.2"
"r_2","2014Q3","1000cp","0","0","1","312.8"
"r_2","2014Q3","1000cp","1","0","1","179.9"
"r_2","2014Q3","1000cp","2","0","1","132.9"
"r_2","2014Q3","1000cp","0","1","1","126.2"
"r_2","2014Q3","1000cp","1","1","1","69.7"
"r_2","2014Q3","1000cp","2","1","1","56.4"
"r_2","2014Q3","1000cp","0","2","1","94.9"
"r_2","2014Q3","1000cp","1","2","1","55.1"
"r_2","2014Q3","1000cp","2","2","1","39.9"
"r_2","2014Q3","1000cp","0","3","1","23"
"r_2","2014Q3","1000cp","1","3","1","14.2"
"r_2","2014Q3","1000cp","2","3","1","8.8"
"r_2","2014Q3","1000cp","0","5","1","26.9"
"r_2","2014Q3","1000cp","1","5","1","14.7"
"r_2","2014Q3","1000cp","2","5","1","12.3"
"r_2","2014Q3","1000cp","0","6","1","41.8"
"r_2","2014Q3","1000cp","1","6","1","26.2"
"r_2","2014Q3","1000cp","2","6","1","15.6"
"r_2","2014Q3","1000cp","0","0","2","56"
"r_2","2014Q3","1000cp","1","0","2","31.7"
"r_2","2014Q3","1000cp","2","0","2","24.3"
"r_2","2014Q4","1000cp","0","0","0","354.5"
"r_2","2014Q4","1000cp","1","0","0","203"
"r_2","2014Q4","1000cp","2","0","0","151.5"
"r_2","2014Q4","1000cp","0","0","1","297.6"
"r_2","2014Q4","1000cp","1","0","1","170"
"r_2","2014Q4","1000cp","2","0","1","127.6"
"r_2","2014Q4","1000cp","0","1","1","103.1"
"r_2","2014Q4","1000cp","1","1","1","56.4"
"r_2","2014Q4","1000cp","2","1","1","46.8"
"r_2","2014Q4","1000cp","0","2","1","101.5"
"r_2","2014Q4","1000cp","1","2","1","60.8"
"r_2","2014Q4","1000cp","2","2","1","40.7"
"r_2","2014Q4","1000cp","0","3","1","23.9"
"r_2","2014Q4","1000cp","1","3","1","15.2"
"r_2","2014Q4","1000cp","2","3","1","8.7"
"r_2","2014Q4","1000cp","0","5","1","27.7"
"r_2","2014Q4","1000cp","1","5","1","13.7"
"r_2","2014Q4","1000cp","2","5","1","14.1"
"r_2","2014Q4","1000cp","0","6","1","41.5"
"r_2","2014Q4","1000cp","1","6","1","24"
"r_2","2014Q4","1000cp","2","6","1","17.4"
"r_2","2014Q4","1000cp","0","0","2","56.9"
"r_2","2014Q4","1000cp","1","0","2","33"
"r_2","2014Q4","1000cp","2","0","2","23.9"
"r_2","2015Q1","1000cp","0","0","0","349.2"
"r_2","2015Q1","1000cp","1","0","0","200.4"
"r_2","2015Q1","1000cp","2","0","0","148.9"
"r_2","2015Q1","1000cp","0","0","1","299.6"
"r_2","2015Q1","1000cp","1","0","1","170.1"
"r_2","2015Q1","1000cp","2","0","1","129.5"
"r_2","2015Q1","1000cp","0","1","1","112.4"
"r_2","2015Q1","1000cp","1","1","1","61.6"
"r_2","2015Q1","1000cp","2","1","1","50.8"
"r_2","2015Q1","1000cp","0","2","1","109.7"
"r_2","2015Q1","1000cp","1","2","1","68"
"r_2","2015Q1","1000cp","2","2","1","41.7"
"r_2","2015Q1","1000cp","0","3","1","17.6"
"r_2","2015Q1","1000cp","1","3","1","11.3"
"r_2","2015Q1","1000cp","2","3","1","6.4"
"r_2","2015Q1","1000cp","0","5","1","24.5"
"r_2","2015Q1","1000cp","1","5","1","9.5"
"r_2","2015Q1","1000cp","2","5","1","15"
"r_2","2015Q1","1000cp","0","6","1","35.4"
"r_2","2015Q1","1000cp","1","6","1","19.8"
"r_2","2015Q1","1000cp","2","6","1","15.6"
"r_2","2015Q1","1000cp","0","0","2","49.7"
"r_2","2015Q1","1000cp","1","0","2","30.3"
"r_2","2015Q1","1000cp","2","0","2","19.4"
"r_2","2015Q2","1000cp","0","0","0","330.9"
"r_2","2015Q2","1000cp","1","0","0","195"
"r_2","2015Q2","1000cp","2","0","0","135.9"
"r_2","2015Q2","1000cp","0","0","1","282.2"
"r_2","2015Q2","1000cp","1","0","1","166.3"
"r_2","2015Q2","1000cp","2","0","1","116"
"r_2","2015Q2","1000cp","0","1","1","104.1"
"r_2","2015Q2","1000cp","1","1","1","65.1"
"r_2","2015Q2","1000cp","2","1","1","39"
"r_2","2015Q2","1000cp","0","2","1","93.8"
"r_2","2015Q2","1000cp","1","2","1","54.9"
"r_2","2015Q2","1000cp","2","2","1","38.9"
"r_2","2015Q2","1000cp","0","3","1","19.7"
"r_2","2015Q2","1000cp","1","3","1","12.9"
"r_2","2015Q2","1000cp","2","3","1","6.8"
"r_2","2015Q2","1000cp","0","5","1","30.3"
"r_2","2015Q2","1000cp","1","5","1","14.2"
"r_2","2015Q2","1000cp","2","5","1","16.1"
"r_2","2015Q2","1000cp","0","6","1","34.3"
"r_2","2015Q2","1000cp","1","6","1","19.2"
"r_2","2015Q2","1000cp","2","6","1","15.1"
"r_2","2015Q2","1000cp","0","0","2","48.6"
"r_2","2015Q2","1000cp","1","0","2","28.7"
"r_2","2015Q2","1000cp","2","0","2","19.9"
"r_2","2015Q3","1000cp","0","0","0","279.3"
"r_2","2015Q3","1000cp","1","0","0","159.1"
"r_2","2015Q3","1000cp","2","0","0","120.1"
"r_2","2015Q3","1000cp","0","0","1","229"
"r_2","2015Q3","1000cp","1","0","1","131.2"
"r_2","2015Q3","1000cp","2","0","1","97.8"
"r_2","2015Q3","1000cp","0","1","1","84.1"
"r_2","2015Q3","1000cp","1","1","1","52.8"
"r_2","2015Q3","1000cp","2","1","1","31.3"
"r_2","2015Q3","1000cp","0","2","1","67"
"r_2","2015Q3","1000cp","1","2","1","36.2"
"r_2","2015Q3","1000cp","2","2","1","30.8"
"r_2","2015Q3","1000cp","0","3","1","19.9"
"r_2","2015Q3","1000cp","1","3","1","13.4"
"r_2","2015Q3","1000cp","2","3","1","6.5"
"r_2","2015Q3","1000cp","0","5","1","24.2"
"r_2","2015Q3","1000cp","1","5","1","10.2"
"r_2","2015Q3","1000cp","2","5","1","14"
"r_2","2015Q3","1000cp","0","6","1","33.9"
"r_2","2015Q3","1000cp","1","6","1","18.6"
"r_2","2015Q3","1000cp","2","6","1","15.2"
"r_2","2015Q3","1000cp","0","0","2","50.2"
"r_2","2015Q3","1000cp","1","0","2","28"
"r_2","2015Q3","1000cp","2","0","2","22.3"
"r_2","2015Q4","1000cp","0","0","0","261"
"r_2","2015Q4","1000cp","1","0","0","142.4"
"r_2","2015Q4","1000cp","2","0","0","118.7"
"r_2","2015Q4","1000cp","0","0","1","216.1"
"r_2","2015Q4","1000cp","1","0","1","117.5"
"r_2","2015Q4","1000cp","2","0","1","98.6"
"r_2","2015Q4","1000cp","0","1","1","72.1"
"r_2","2015Q4","1000cp","1","1","1","39"
"r_2","2015Q4","1000cp","2","1","1","33"
"r_2","2015Q4","1000cp","0","2","1","76.2"
"r_2","2015Q4","1000cp","1","2","1","42.5"
"r_2","2015Q4","1000cp","2","2","1","33.8"
"r_2","2015Q4","1000cp","0","3","1","20.3"
"r_2","2015Q4","1000cp","1","3","1","12.4"
"r_2","2015Q4","1000cp","2","3","1","7.9"
"r_2","2015Q4","1000cp","0","5","1","16.1"
"r_2","2015Q4","1000cp","1","5","1","6.5"
"r_2","2015Q4","1000cp","2","5","1","9.6"
"r_2","2015Q4","1000cp","0","6","1","31.4"
"r_2","2015Q4","1000cp","1","6","1","17.1"
"r_2","2015Q4","1000cp","2","6","1","14.3"
"r_2","2015Q4","1000cp","0","0","2","44.9"
"r_2","2015Q4","1000cp","1","0","2","24.8"
"r_2","2015Q4","1000cp","2","0","2","20.1"
"r_3","2016Q1","1000cp","0","0","0","279.6"
"r_3","2016Q1","1000cp","1","0","0","162.7"
"r_3","2016Q1","1000cp","2","0","0","116.9"
"r_3","2016Q1","1000cp","0","0","1","238.9"
"r_3","2016Q1","1000cp","1","0","1","139"
"r_3","2016Q1","1000cp","2","0","1","99.9"
"r_3","2016Q1","1000cp","0","1","1","81.4"
"r_3","2016Q1","1000cp","1","1","1","44.5"
"r_3","2016Q1","1000cp","2","1","1","36.8"
"r_3","2016Q1","1000cp","0","2","1","84.7"
"r_3","2016Q1","1000cp","1","2","1","53.2"
"r_3","2016Q1","1000cp","2","2","1","31.5"
"r_3","2016Q1","1000cp","0","3","1","23.5"
"r_3","2016Q1","1000cp","1","3","1","15.6"
"r_3","2016Q1","1000cp","2","3","1","7.9"
"r_3","2016Q1","1000cp","0","5","1","17.9"
"r_3","2016Q1","1000cp","1","5","1","8.1"
"r_3","2016Q1","1000cp","2","5","1","9.9"
"r_3","2016Q1","1000cp","0","6","1","31.5"
"r_3","2016Q1","1000cp","1","6","1","17.6"
"r_3","2016Q1","1000cp","2","6","1","13.9"
"r_3","2016Q1","1000cp","0","0","2","40.6"
"r_3","2016Q1","1000cp","1","0","2","23.7"
"r_3","2016Q1","1000cp","2","0","2","16.9"
"r_4","2016Q2","1000cp","0","0","0","265.6"
"r_4","2016Q2","1000cp","1","0","0","155.7"
"r_4","2016Q2","1000cp","2","0","0","109.9"
"r_4","2016Q2","1000cp","0","0","1","227.6"
"r_4","2016Q2","1000cp","1","0","1","131"
"r_4","2016Q2","1000cp","2","0","1","96.7"
"r_4","2016Q2","1000cp","0","1","1","79.4"
"r_4","2016Q2","1000cp","1","1","1","46"
"r_4","2016Q2","1000cp","2","1","1","33.4"
"r_4","2016Q2","1000cp","0","2","1","71.8"
"r_4","2016Q2","1000cp","1","2","1","45.5"
"r_4","2016Q2","1000cp","2","2","1","26.3"
"r_4","2016Q2","1000cp","0","3","1","18.6"
"r_4","2016Q2","1000cp","1","3","1","10.6"
"r_4","2016Q2","1000cp","2","3","1","8"
"r_4","2016Q2","1000cp","0","5","1","21"
"r_4","2016Q2","1000cp","1","5","1","8.9"
"r_4","2016Q2","1000cp","2","5","1","12.1"
"r_4","2016Q2","1000cp","0","6","1","36.8"
"r_4","2016Q2","1000cp","1","6","1","20"
"r_4","2016Q2","1000cp","2","6","1","16.8"
"r_4","2016Q2","1000cp","0","0","2","37.9"
"r_4","2016Q2","1000cp","1","0","2","24.7"
"r_4","2016Q2","1000cp","2","0","2","13.2"
"r_5","2016Q3","1000cp","0","0","0","229"
"r_5","2016Q3","1000cp","1","0","0","130.1"
"r_5","2016Q3","1000cp","2","0","0","98.9"
"r_5","2016Q3","1000cp","0","0","1","187.9"
"r_5","2016Q3","1000cp","1","0","1","104.3"
"r_5","2016Q3","1000cp","2","0","1","83.6"
"r_5","2016Q3","1000cp","0","1","1","69.8"
"r_5","2016Q3","1000cp","1","1","1","39.9"
"r_5","2016Q3","1000cp","2","1","1","30"
"r_5","2016Q3","1000cp","0","2","1","48.1"
"r_5","2016Q3","1000cp","1","2","1","28.9"
"r_5","2016Q3","1000cp","2","2","1","19.1"
"r_5","2016Q3","1000cp","0","3","1","13.6"
"r_5","2016Q3","1000cp","1","3","1","7.5"
"r_5","2016Q3","1000cp","2","3","1","6.1"
"r_5","2016Q3","1000cp","0","5","1","20.6"
"r_5","2016Q3","1000cp","1","5","1","9.3"
"r_5","2016Q3","1000cp","2","5","1","11.3"
"r_5","2016Q3","1000cp","0","6","1","35.9"
"r_5","2016Q3","1000cp","1","6","1","18.7"
"r_5","2016Q3","1000cp","2","6","1","17.1"
"r_5","2016Q3","1000cp","0","0","2","41"
"r_5","2016Q3","1000cp","1","0","2","25.8"
"r_5","2016Q3","1000cp","2","0","2","15.3"
"r_7","2017Q1","1000cp","0","0","0","224.4"
"r_7","2017Q1","1000cp","1","0","0","119"
"r_7","2017Q1","1000cp","2","0","0","105.4"
"r_7","2017Q1","1000cp","0","0","1","191.4"
"r_7","2017Q1","1000cp","1","0","1","100.8"
"r_7","2017Q1","1000cp","2","0","1","90.6"
"r_7","2017Q1","1000cp","0","1","1","65.6"
"r_7","2017Q1","1000cp","1","1","1","34.6"
"r_7","2017Q1","1000cp","2","1","1","31"
"r_7","2017Q1","1000cp","0","2","1","64.3"
"r_7","2017Q1","1000cp","1","2","1","35.3"
"r_7","2017Q1","1000cp","2","2","1","29"
"r_7","2017Q1","1000cp","0","3","1","15.5"
"r_7","2017Q1","1000cp","1","3","1","8.9"
"r_7","2017Q1","1000cp","2","3","1","6.6"
"r_7","2017Q1","1000cp","0","5","1","18.8"
"r_7","2017Q1","1000cp","1","5","1","6.9"
"r_7","2017Q1","1000cp","2","5","1","11.9"
"r_7","2017Q1","1000cp","0","6","1","27.3"
"r_7","2017Q1","1000cp","1","6","1","15.1"
"r_7","2017Q1","1000cp","2","6","1","12.2"
"r_7","2017Q1","1000cp","0","0","2","33"
"r_7","2017Q1","1000cp","1","0","2","18.2"
"r_7","2017Q1","1000cp","2","0","2","14.8"
"r_8","2017Q2","1000cp","0","0","0","213.9"
"r_8","2017Q2","1000cp","1","0","0","123.9"
"r_8","2017Q2","1000cp","2","0","0","90"
"r_8","2017Q2","1000cp","0","0","1","177.7"
"r_8","2017Q2","1000cp","1","0","1","103.1"
"r_8","2017Q2","1000cp","2","0","1","74.6"
"r_8","2017Q2","1000cp","0","1","1","56.2"
"r_8","2017Q2","1000cp","1","1","1","32.8"
"r_8","2017Q2","1000cp","2","1","1","23.4"
"r_8","2017Q2","1000cp","0","2","1","51.2"
"r_8","2017Q2","1000cp","1","2","1","30.3"
"r_8","2017Q2","1000cp","2","2","1","21"
"r_8","2017Q2","1000cp","0","3","1","20.1"
"r_8","2017Q2","1000cp","1","3","1","12.9"
"r_8","2017Q2","1000cp","2","3","1","7.2"
"r_8","2017Q2","1000cp","0","5","1","19.4"
"r_8","2017Q2","1000cp","1","5","1","9.1"
"r_8","2017Q2","1000cp","2","5","1","10.3"
"r_8","2017Q2","1000cp","0","6","1","30.8"
"r_8","2017Q2","1000cp","1","6","1","18.1"
"r_8","2017Q2","1000cp","2","6","1","12.7"
"r_8","2017Q2","1000cp","0","0","2","36.2"
"r_8","2017Q2","1000cp","1","0","2","20.8"
"r_8","2017Q2","1000cp","2","0","2","15.4"
"r_9","2017Q3","1000cp","0","0","0","200.2"
"r_9","2017Q3","1000cp","1","0","0","112.4"
"r_9","2017Q3","1000cp","2","0","0","87.8"
"r_9","2017Q3","1000cp","0","0","1","162.8"
"r_9","2017Q3","1000cp","1","0","1","90.3"
"r_9","2017Q3","1000cp","2","0","1","72.4"
"r_9","2017Q3","1000cp","0","1","1","50.6"
"r_9","2017Q3","1000cp","1","1","1","27.3"
"r_9","2017Q3","1000cp","2","1","1","23.3"
"r_9","2017Q3","1000cp","0","2","1","43.7"
"r_9","2017Q3","1000cp","1","2","1","25.1"
"r_9","2017Q3","1000cp","2","2","1","18.6"
"r_9","2017Q3","1000cp","0","3","1","20.3"
"r_9","2017Q3","1000cp","1","3","1","13"
"r_9","2017Q3","1000cp","2","3","1","7.4"
"r_9","2017Q3","1000cp","0","5","1","22.5"
"r_9","2017Q3","1000cp","1","5","1","10.7"
"r_9","2017Q3","1000cp","2","5","1","11.8"
"r_9","2017Q3","1000cp","0","6","1","25.6"
"r_9","2017Q3","1000cp","1","6","1","14.3"
"r_9","2017Q3","1000cp","2","6","1","11.3"
"r_9","2017Q3","1000cp","0","0","2","37.4"
"r_9","2017Q3","1000cp","1","0","2","22.1"
"r_9","2017Q3","1000cp","2","0","2","15.3"
"r_10","2017Q4","1000cp","0","0","0","189.3"
"r_10","2017Q4","1000cp","1","0","0","101.4"
"r_10","2017Q4","1000cp","2","0","0","87.9"
"r_10","2017Q4","1000cp","0","0","1","156.1"
"r_10","2017Q4","1000cp","1","0","1","82.7"
"r_10","2017Q4","1000cp","2","0","1","73.5"
"r_10","2017Q4","1000cp","0","1","1","52.9"
"r_10","2017Q4","1000cp","1","1","1","28.2"
"r_10","2017Q4","1000cp","2","1","1","24.8"
"r_10","2017Q4","1000cp","0","2","1","52.4"
"r_10","2017Q4","1000cp","1","2","1","26.5"
"r_10","2017Q4","1000cp","2","2","1","25.9"
"r_10","2017Q4","1000cp","0","3","1","12.3"
"r_10","2017Q4","1000cp","1","3","1","6.8"
"r_10","2017Q4","1000cp","2","3","1","5.5"
"r_10","2017Q4","1000cp","0","5","1","16.1"
"r_10","2017Q4","1000cp","1","5","1","6.8"
"r_10","2017Q4","1000cp","2","5","1","9.3"
"r_10","2017Q4","1000cp","0","6","1","22.4"
"r_10","2017Q4","1000cp","1","6","1","14.3"
"r_10","2017Q4","1000cp","2","6","1","8.1"
"r_10","2017Q4","1000cp","0","0","2","33.2"
"r_10","2017Q4","1000cp","1","0","2","18.7"
"r_10","2017Q4","1000cp","2","0","2","14.4"
"r_12","2018Q2","1000cp","0","0","0","182.2"
"r_12","2018Q2","1000cp","1","0","0","109.8"
"r_12","2018Q2","1000cp","2","0","0","72.4"
"r_12","2018Q2","1000cp","0","0","1","147.1"
"r_12","2018Q2","1000cp","1","0","1","86.8"
"r_12","2018Q2","1000cp","2","0","1","60.3"
"r_12","2018Q2","1000cp","0","1","1","43.6"
"r_12","2018Q2","1000cp","1","1","1","23.7"
"r_12","2018Q2","1000cp","2","1","1","19.9"
"r_12","2018Q2","1000cp","0","2","1","42.3"
"r_12","2018Q2","1000cp","1","2","1","26.1"
"r_12","2018Q2","1000cp","2","2","1","16.2"
"r_12","2018Q2","1000cp","0","3","1","19.1"
"r_12","2018Q2","1000cp","1","3","1","12.5"
"r_12","2018Q2","1000cp","2","3","1","6.5"
"r_12","2018Q2","1000cp","0","5","1","15.1"
"r_12","2018Q2","1000cp","1","5","1","8.1"
"r_12","2018Q2","1000cp","2","5","1","7"
"r_12","2018Q2","1000cp","0","6","1","27"
"r_12","2018Q2","1000cp","1","6","1","16.3"
"r_12","2018Q2","1000cp","2","6","1","10.6"
"r_12","2018Q2","1000cp","0","0","2","35.1"
"r_12","2018Q2","1000cp","1","0","2","23"
"r_12","2018Q2","1000cp","2","0","2","12.1"
"r_13","2018Q3","1000cp","0","0","0","168.3"
"r_13","2018Q3","1000cp","1","0","0","97.2"
"r_13","2018Q3","1000cp","2","0","0","71.1"
"r_13","2018Q3","1000cp","0","0","1","135.3"
"r_13","2018Q3","1000cp","1","0","1","78.3"
"r_13","2018Q3","1000cp","2","0","1","57"
"r_13","2018Q3","1000cp","0","1","1","43.7"
"r_13","2018Q3","1000cp","1","1","1","24.8"
"r_13","2018Q3","1000cp","2","1","1","18.9"
"r_13","2018Q3","1000cp","0","2","1","37.4"
"r_13","2018Q3","1000cp","1","2","1","23.1"
"r_13","2018Q3","1000cp","2","2","1","14.2"
"r_13","2018Q3","1000cp","0","3","1","17.2"
"r_13","2018Q3","1000cp","1","3","1","10.5"
"r_13","2018Q3","1000cp","2","3","1","6.7"
"r_13","2018Q3","1000cp","0","5","1","15"
"r_13","2018Q3","1000cp","1","5","1","6.8"
"r_13","2018Q3","1000cp","2","5","1","8.2"
"r_13","2018Q3","1000cp","0","6","1","22"
"r_13","2018Q3","1000cp","1","6","1","13.1"
"r_13","2018Q3","1000cp","2","6","1","8.9"
"r_13","2018Q3","1000cp","0","0","2","33"
"r_13","2018Q3","1000cp","1","0","2","18.9"
"r_13","2018Q3","1000cp","2","0","2","14.1"
"r_15","2019Q1","1000cp","0","0","0","165.3"
"r_15","2019Q1","1000cp","1","0","0","95"
"r_15","2019Q1","1000cp","2","0","0","70.3"
"r_15","2019Q1","1000cp","0","0","1","138.8"
"r_15","2019Q1","1000cp","1","0","1","79.3"
"r_15","2019Q1","1000cp","2","0","1","59.5"
"r_15","2019Q1","1000cp","0","1","1","39.4"
"r_15","2019Q1","1000cp","1","1","1","21"
"r_15","2019Q1","1000cp","2","1","1","18.5"
"r_15","2019Q1","1000cp","0","2","1","52.5"
"r_15","2019Q1","1000cp","1","2","1","33.5"
"r_15","2019Q1","1000cp","2","2","1","19"
"r_15","2019Q1","1000cp","0","3","1","12.8"
"r_15","2019Q1","1000cp","1","3","1","7.4"
"r_15","2019Q1","1000cp","2","3","1","5.4"
"r_15","2019Q1","1000cp","0","5","1","11.4"
"r_15","2019Q1","1000cp","1","5","1","4"
"r_15","2019Q1","1000cp","2","5","1","7.4"
"r_15","2019Q1","1000cp","0","6","1","22.7"
"r_15","2019Q1","1000cp","1","6","1","13.5"
"r_15","2019Q1","1000cp","2","6","1","9.2"
"r_15","2019Q1","1000cp","0","0","2","26.5"
"r_15","2019Q1","1000cp","1","0","2","15.7"
"r_15","2019Q1","1000cp","2","0","2","10.8"
"r_16","2019Q2","1000cp","0","0","0","142"
"r_16","2019Q2","1000cp","1","0","0","82.7"
"r_16","2019Q2","1000cp","2","0","0","59.3"
"r_16","2019Q2","1000cp","0","0","1","116.9"
"r_16","2019Q2","1000cp","1","0","1","67.3"
"r_16","2019Q2","1000cp","2","0","1","49.5"
"r_16","2019Q2","1000cp","0","1","1","32.5"
"r_16","2019Q2","1000cp","1","1","1","16.9"
"r_16","2019Q2","1000cp","2","1","1","15.6"
"r_16","2019Q2","1000cp","0","2","1","31.4"
"r_16","2019Q2","1000cp","1","2","1","21.6"
"r_16","2019Q2","1000cp","2","2","1","9.7"
"r_16","2019Q2","1000cp","0","3","1","14.2"
"r_16","2019Q2","1000cp","1","3","1","9.1"
"r_16","2019Q2","1000cp","2","3","1","5.1"
"r_16","2019Q2","1000cp","0","5","1","15.4"
"r_16","2019Q2","1000cp","1","5","1","6.2"
"r_16","2019Q2","1000cp","2","5","1","9.3"
"r_16","2019Q2","1000cp","0","6","1","23.4"
"r_16","2019Q2","1000cp","1","6","1","13.5"
"r_16","2019Q2","1000cp","2","6","1","9.9"
"r_16","2019Q2","1000cp","0","0","2","25.1"
"r_16","2019Q2","1000cp","1","0","2","15.4"
"r_16","2019Q2","1000cp","2","0","2","9.7"
"r_17","2016Q4","1000cp","0","0","0","214.9"
"r_17","2016Q4","1000cp","1","0","0","118.3"
"r_17","2016Q4","1000cp","2","0","0","96.6"
"r_17","2016Q4","1000cp","0","0","1","180.6"
"r_17","2016Q4","1000cp","1","0","1","98.1"
"r_17","2016Q4","1000cp","2","0","1","82.4"
"r_17","2016Q4","1000cp","0","1","1","58.6"
"r_17","2016Q4","1000cp","1","1","1","31.8"
"r_17","2016Q4","1000cp","2","1","1","26.8"
"r_17","2016Q4","1000cp","0","2","1","62.6"
"r_17","2016Q4","1000cp","1","2","1","35.1"
"r_17","2016Q4","1000cp","2","2","1","27.5"
"r_17","2016Q4","1000cp","0","3","1","16.9"
"r_17","2016Q4","1000cp","1","3","1","10.9"
"r_17","2016Q4","1000cp","2","3","1","6"
"r_17","2016Q4","1000cp","0","5","1","15.6"
"r_17","2016Q4","1000cp","1","5","1","(5.6)"
"r_17","2016Q4","1000cp","2","5","1","10"
"r_17","2016Q4","1000cp","0","6","1","26.9"
"r_17","2016Q4","1000cp","1","6","1","14.7"
"r_17","2016Q4","1000cp","2","6","1","12.2"
"r_17","2016Q4","1000cp","0","0","2","34.3"
"r_17","2016Q4","1000cp","1","0","2","20.2"
"r_17","2016Q4","1000cp","2","0","2","14.1"
"r_18","2018Q1","1000cp","0","0","0","188.7"
"r_18","2018Q1","1000cp","1","0","0","111.7"
"r_18","2018Q1","1000cp","2","0","0","77.1"
"r_18","2018Q1","1000cp","0","0","1","159"
"r_18","2018Q1","1000cp","1","0","1","94.1"
"r_18","2018Q1","1000cp","2","0","1","64.9"
"r_18","2018Q1","1000cp","0","1","1","44.6"
"r_18","2018Q1","1000cp","1","1","1","27.4"
"r_18","2018Q1","1000cp","2","1","1","17.2"
"r_18","2018Q1","1000cp","0","2","1","54.2"
"r_18","2018Q1","1000cp","1","2","1","30.2"
"r_18","2018Q1","1000cp","2","2","1","24"
"r_18","2018Q1","1000cp","0","3","1","14.6"
"r_18","2018Q1","1000cp","1","3","1","9.7"
"r_18","2018Q1","1000cp","2","3","1","(4.9)"
"r_18","2018Q1","1000cp","0","5","1","16.8"
"r_18","2018Q1","1000cp","1","5","1","8.6"
"r_18","2018Q1","1000cp","2","5","1","8.3"
"r_18","2018Q1","1000cp","0","6","1","28.8"
"r_18","2018Q1","1000cp","1","6","1","18.3"
"r_18","2018Q1","1000cp","2","6","1","10.5"
"r_18","2018Q1","1000cp","0","0","2","29.7"
"r_18","2018Q1","1000cp","1","0","2","17.5"
"r_18","2018Q1","1000cp","2","0","2","12.2"
"r_19","2019Q3","1000cp","0","0","0","125.4"
"r_19","2019Q3","1000cp","1","0","0","70.9"
"r_19","2019Q3","1000cp","2","0","0","54.5"
"r_19","2019Q3","1000cp","0","0","1","103"
"r_19","2019Q3","1000cp","1","0","1","58.8"
"r_19","2019Q3","1000cp","2","0","1","44.2"
"r_19","2019Q3","1000cp","0","1","1","28.8"
"r_19","2019Q3","1000cp","1","1","1","15.8"
"r_19","2019Q3","1000cp","2","1","1","13.1"
"r_19","2019Q3","1000cp","0","2","1","28.5"
"r_19","2019Q3","1000cp","1","2","1","17.1"
"r_19","2019Q3","1000cp","2","2","1","11.5"
"r_19","2019Q3","1000cp","0","3","1","13"
"r_19","2019Q3","1000cp","1","3","1","7.2"
"r_19","2019Q3","1000cp","2","3","1","5.8"
"r_19","2019Q3","1000cp","0","5","1","14.7"
"r_19","2019Q3","1000cp","1","5","1","8.3"
"r_19","2019Q3","1000cp","2","5","1","6.4"
"r_19","2019Q3","1000cp","0","6","1","18"
"r_19","2019Q3","1000cp","1","6","1","10.5"
"r_19","2019Q3","1000cp","2","6","1","7.5"
"r_19","2019Q3","1000cp","0","0","2","22.3"
"r_19","2019Q3","1000cp","1","0","2","12"
"r_19","2019Q3","1000cp","2","0","2","10.3"
"r_20","2019Q4","1000cp","0","0","0","138.5"
"r_20","2019Q4","1000cp","1","0","0","80.6"
"r_20","2019Q4","1000cp","2","0","0","57.9"
"r_20","2019Q4","1000cp","0","0","1","113"
"r_20","2019Q4","1000cp","1","0","1","65.8"
"r_20","2019Q4","1000cp","2","0","1","47.2"
"r_20","2019Q4","1000cp","0","1","1","33.6"
"r_20","2019Q4","1000cp","1","1","1","18.8"
"r_20","2019Q4","1000cp","2","1","1","14.8"
"r_20","2019Q4","1000cp","0","2","1","39"
"r_20","2019Q4","1000cp","1","2","1","23.4"
"r_20","2019Q4","1000cp","2","2","1","15.7"
"r_20","2019Q4","1000cp","0","3","1","10.8"
"r_20","2019Q4","1000cp","1","3","1","6.6"
"r_20","2019Q4","1000cp","2","3","1","(4.1)"
"r_20","2019Q4","1000cp","0","5","1","10.6"
"r_20","2019Q4","1000cp","1","5","1","(5.9)"
"r_20","2019Q4","1000cp","2","5","1","(4.6)"
"r_20","2019Q4","1000cp","0","6","1","19"
"r_20","2019Q4","1000cp","1","6","1","11"
"r_20","2019Q4","1000cp","2","6","1","8"
"r_20","2019Q4","1000cp","0","0","2","25.5"
"r_20","2019Q4","1000cp","1","0","2","14.8"
"r_20","2019Q4","1000cp","2","0","2","10.8"
"r_21","2020Q1","1000cp","0","0","0","148.9"
"r_21","2020Q1","1000cp","1","0","0","86"
"r_21","2020Q1","1000cp","2","0","0","62.9"
"r_21","2020Q1","1000cp","0","0","1","125.4"
"r_21","2020Q1","1000cp","1","0","1","71"
"r_21","2020Q1","1000cp","2","0","1","54.4"
"r_21","2020Q1","1000cp","0","1","1","40.9"
"r_21","2020Q1","1000cp","1","1","1","20.9"
"r_21","2020Q1","1000cp","2","1","1","20"
"r_21","2020Q1","1000cp","0","2","1","42.2"
"r_21","2020Q1","1000cp","1","2","1","24.9"
"r_21","2020Q1","1000cp","2","2","1","17.2"
"r_21","2020Q1","1000cp","0","3","1","11.6"
"r_21","2020Q1","1000cp","1","3","1","9"
"r_21","2020Q1","1000cp","2","3","1","(2.6)"
"r_21","2020Q1","1000cp","0","5","1","12.5"
"r_21","2020Q1","1000cp","1","5","1","(4.7)"
"r_21","2020Q1","1000cp","2","5","1","7.8"
"r_21","2020Q1","1000cp","0","6","1","18.1"
"r_21","2020Q1","1000cp","1","6","1","11.4"
"r_21","2020Q1","1000cp","2","6","1","(6.7)"
"r_21","2020Q1","1000cp","0","0","2","23.5"
"r_21","2020Q1","1000cp","1","0","2","15"
"r_21","2020Q1","1000cp","2","0","2","8.5"
"r_22","2020Q2","1000cp","0","0","0","192.2"
"r_22","2020Q2","1000cp","1","0","0","108.1"
"r_22","2020Q2","1000cp","2","0","0","84.1"
"r_22","2020Q2","1000cp","0","0","1","172.7"
"r_22","2020Q2","1000cp","1","0","1","95.8"
"r_22","2020Q2","1000cp","2","0","1","76.8"
"r_22","2020Q2","1000cp","0","1","1","74.7"
"r_22","2020Q2","1000cp","1","1","1","34.3"
"r_22","2020Q2","1000cp","2","1","1","40.4"
"r_22","2020Q2","1000cp","0","2","1","47.2"
"r_22","2020Q2","1000cp","1","2","1","30.7"
"r_22","2020Q2","1000cp","2","2","1","16.5"
"r_22","2020Q2","1000cp","0","3","1","11.6"
"r_22","2020Q2","1000cp","1","3","1","8.7"
"r_22","2020Q2","1000cp","2","3","1","(3.0)"
"r_22","2020Q2","1000cp","0","5","1","19.6"
"r_22","2020Q2","1000cp","1","5","1","9.5"
"r_22","2020Q2","1000cp","2","5","1","10.1"
"r_22","2020Q2","1000cp","0","6","1","19.4"
"r_22","2020Q2","1000cp","1","6","1","12.6"
"r_22","2020Q2","1000cp","2","6","1","(6.8)"
"r_22","2020Q2","1000cp","0","0","2","19.5"
"r_22","2020Q2","1000cp","1","0","2","12.2"
"r_22","2020Q2","1000cp","2","0","2","(7.3)"
"r_23","2020Q3","1000cp","0","0","0","160.4"
"r_23","2020Q3","1000cp","1","0","0","95.4"
"r_23","2020Q3","1000cp","2","0","0","65"
"r_23","2020Q3","1000cp","0","0","1","129.3"
"r_23","2020Q3","1000cp","1","0","1","76.9"
"r_23","2020Q3","1000cp","2","0","1","52.4"
"r_23","2020Q3","1000cp","0","1","1","52.4"
"r_23","2020Q3","1000cp","1","1","1","29.4"
"r_23","2020Q3","1000cp","2","1","1","22.9"
"r_23","2020Q3","1000cp","0","2","1","34.9"
"r_23","2020Q3","1000cp","1","2","1","21.1"
"r_23","2020Q3","1000cp","2","2","1","13.7"
"r_23","2020Q3","1000cp","0","3","1","11.9"
"r_23","2020Q3","1000cp","1","3","1","7.4"
"r_23","2020Q3","1000cp","2","3","1","(4.4)"
"r_23","2020Q3","1000cp","0","5","1","12.6"
"r_23","2020Q3","1000cp","1","5","1","7.5"
"r_23","2020Q3","1000cp","2","5","1","(5.1)"
"r_23","2020Q3","1000cp","0","6","1","17.6"
"r_23","2020Q3","1000cp","1","6","1","11.4"
"r_23","2020Q3","1000cp","2","6","1","6.2"
"r_23","2020Q3","1000cp","0","0","2","31.1"
"r_23","2020Q3","1000cp","1","0","2","18.5"
"r_23","2020Q3","1000cp","2","0","2","12.6"
"r_24","2020Q4","1000cp","0","0","0","173.1"
"r_24","2020Q4","1000cp","1","0","0","95.7"
"r_24","2020Q4","1000cp","2","0","0","77.4"
"r_24","2020Q4","1000cp","0","0","1","145.6"
"r_24","2020Q4","1000cp","1","0","1","78.8"
"r_24","2020Q4","1000cp","2","0","1","66.8"
"r_24","2020Q4","1000cp","0","1","1","57.9"
"r_24","2020Q4","1000cp","1","1","1","28.6"
"r_24","2020Q4","1000cp","2","1","1","29.3"
"r_24","2020Q4","1000cp","0","2","1","38.5"
"r_24","2020Q4","1000cp","1","2","1","22.3"
"r_24","2020Q4","1000cp","2","2","1","16.3"
"r_24","2020Q4","1000cp","0","3","1","11.3"
"r_24","2020Q4","1000cp","1","3","1","8.6"
"r_24","2020Q4","1000cp","2","3","1","(2.6)"
"r_24","2020Q4","1000cp","0","5","1","21"
"r_24","2020Q4","1000cp","1","5","1","9.9"
"r_24","2020Q4","1000cp","2","5","1","11.2"
"r_24","2020Q4","1000cp","0","6","1","16.9"
"r_24","2020Q4","1000cp","1","6","1","9.4"
"r_24","2020Q4","1000cp","2","6","1","7.5"
"r_24","2020Q4","1000cp","0","0","2","27.4"
"r_24","2020Q4","1000cp","1","0","2","16.9"
"r_24","2020Q4","1000cp","2","0","2","10.5"
"r_33","2023Q1","1000cp","0","0","0","134.9"
"r_33","2023Q1","1000cp","1","0","0","72.8"
"r_33","2023Q1","1000cp","2","0","0","62.1"
"r_33","2023Q1","1000cp","0","0","1","115.6"
"r_33","2023Q1","1000cp","1","0","1","60.5"
"r_33","2023Q1","1000cp","2","0","1","55.1"
"r_33","2023Q1","1000cp","0","1","1","30.7"
"r_33","2023Q1","1000cp","1","1","1","15.7"
"r_33","2023Q1","1000cp","2","1","1","15"
"r_33","2023Q1","1000cp","0","2","1","47.5"
"r_33","2023Q1","1000cp","1","2","1","23.7"
"r_33","2023Q1","1000cp","2","2","1","23.8"
"r_33","2023Q1","1000cp","0","8","1","(3.4)"
"r_33","2023Q1","1000cp","1","8","1","(1.2)"
"r_33","2023Q1","1000cp","2","8","1","(2.3)"
"r_33","2023Q1","1000cp","0","5","1","18"
"r_33","2023Q1","1000cp","1","5","1","9.7"
"r_33","2023Q1","1000cp","2","5","1","8.3"
"r_33","2023Q1","1000cp","0","6","1","16"
"r_33","2023Q1","1000cp","1","6","1","10.2"
"r_33","2023Q1","1000cp","2","6","1","(5.8)"
"r_33","2023Q1","1000cp","0","0","2","19.3"
"r_33","2023Q1","1000cp","1","0","2","12.3"
"r_33","2023Q1","1000cp","2","0","2","7"
"r_34","2023Q2","1000cp","0","0","0","141"
"r_34","2023Q2","1000cp","1","0","0","75.1"
"r_34","2023Q2","1000cp","2","0","0","65.9"
"r_34","2023Q2","1000cp","0","0","1","119.5"
"r_34","2023Q2","1000cp","1","0","1","62.5"
"r_34","2023Q2","1000cp","2","0","1","57"
"r_34","2023Q2","1000cp","0","1","1","32.7"
"r_34","2023Q2","1000cp","1","1","1","16.7"
"r_34","2023Q2","1000cp","2","1","1","15.9"
"r_34","2023Q2","1000cp","0","2","1","40.6"
"r_34","2023Q2","1000cp","1","2","1","21.4"
"r_34","2023Q2","1000cp","2","2","1","19.2"
"r_34","2023Q2","1000cp","0","8","1","6.3"
"r_34","2023Q2","1000cp","1","8","1","(1.9)"
"r_34","2023Q2","1000cp","2","8","1","(4.4)"
"r_34","2023Q2","1000cp","0","5","1","23.8"
"r_34","2023Q2","1000cp","1","5","1","13.8"
"r_34","2023Q2","1000cp","2","5","1","9.9"
"r_34","2023Q2","1000cp","0","6","1","16.2"
"r_34","2023Q2","1000cp","1","6","1","8.6"
"r_34","2023Q2","1000cp","2","6","1","7.6"
"r_34","2023Q2","1000cp","0","0","2","21.5"
"r_34","2023Q2","1000cp","1","0","2","12.6"
"r_34","2023Q2","1000cp","2","0","2","8.9"
"r_35","2023Q3","1000cp","0","0","0","125"
"r_35","2023Q3","1000cp","1","0","0","69.9"
"r_35","2023Q3","1000cp","2","0","0","55.1"
"r_35","2023Q3","1000cp","0","0","1","107.3"
"r_35","2023Q3","1000cp","1","0","1","59.9"
"r_35","2023Q3","1000cp","2","0","1","47.4"
"r_35","2023Q3","1000cp","0","1","1","32"
"r_35","2023Q3","1000cp","1","1","1","17.9"
"r_35","2023Q3","1000cp","2","1","1","14.1"
"r_35","2023Q3","1000cp","0","2","1","32.1"
"r_35","2023Q3","1000cp","1","2","1","19.4"
"r_35","2023Q3","1000cp","2","2","1","12.7"
"r_35","2023Q3","1000cp","0","8","1","6.9"
"r_35","2023Q3","1000cp","1","8","1","(2.4)"
"r_35","2023Q3","1000cp","2","8","1","(4.5)"
"r_35","2023Q3","1000cp","0","5","1","21.9"
"r_35","2023Q3","1000cp","1","5","1","14"
"r_35","2023Q3","1000cp","2","5","1","7.9"
"r_35","2023Q3","1000cp","0","6","1","14.3"
"r_35","2023Q3","1000cp","1","6","1","6.2"
"r_35","2023Q3","1000cp","2","6","1","8.1"
"r_35","2023Q3","1000cp","0","0","2","17.7"
"r_35","2023Q3","1000cp","1","0","2","10"
"r_35","2023Q3","1000cp","2","0","2","7.7"
"r_36","2022Q1","1000cp","0","0","0","143.6"
"r_36","2022Q1","1000cp","1","0","0","76.5"
"r_36","2022Q1","1000cp","2","0","0","67.1"
"r_36","2022Q1","1000cp","0","0","1","126.9"
"r_36","2022Q1","1000cp","1","0","1","68.3"
"r_36","2022Q1","1000cp","2","0","1","58.6"
"r_36","2022Q1","1000cp","0","1","1","36.8"
"r_36","2022Q1","1000cp","1","1","1","19.8"
"r_36","2022Q1","1000cp","2","1","1","17"
"r_36","2022Q1","1000cp","0","2","1","46.7"
"r_36","2022Q1","1000cp","1","2","1","25"
"r_36","2022Q1","1000cp","2","2","1","21.7"
"r_36","2022Q1","1000cp","0","8","1","6.5"
"r_36","2022Q1","1000cp","1","8","1","(2.0)"
"r_36","2022Q1","1000cp","2","8","1","(4.5)"
"r_36","2022Q1","1000cp","0","5","1","19.6"
"r_36","2022Q1","1000cp","1","5","1","11.6"
"r_36","2022Q1","1000cp","2","5","1","8"
"r_36","2022Q1","1000cp","0","6","1","17.3"
"r_36","2022Q1","1000cp","1","6","1","9.9"
"r_36","2022Q1","1000cp","2","6","1","7.4"
"r_36","2022Q1","1000cp","0","0","2","16.7"
"r_36","2022Q1","1000cp","1","0","2","8.1"
"r_36","2022Q1","1000cp","2","0","2","8.6"
"r_37","2022Q2","1000cp","0","0","0","138.8"
"r_37","2022Q2","1000cp","1","0","0","79.3"
"r_37","2022Q2","1000cp","2","0","0","59.5"
"r_37","2022Q2","1000cp","0","0","1","121.2"
"r_37","2022Q2","1000cp","1","0","1","69"
"r_37","2022Q2","1000cp","2","0","1","52.2"
"r_37","2022Q2","1000cp","0","1","1","33.5"
"r_37","2022Q2","1000cp","1","1","1","20.6"
"r_37","2022Q2","1000cp","2","1","1","12.9"
"r_37","2022Q2","1000cp","0","2","1","39.8"
"r_37","2022Q2","1000cp","1","2","1","21"
"r_37","2022Q2","1000cp","2","2","1","18.9"
"r_37","2022Q2","1000cp","0","8","1","5.1"
"r_37","2022Q2","1000cp","1","8","1","(2.5)"
"r_37","2022Q2","1000cp","2","8","1","(2.6)"
"r_37","2022Q2","1000cp","0","5","1","25.7"
"r_37","2022Q2","1000cp","1","5","1","15.5"
"r_37","2022Q2","1000cp","2","5","1","10.2"
"r_37","2022Q2","1000cp","0","6","1","17.1"
"r_37","2022Q2","1000cp","1","6","1","9.4"
"r_37","2022Q2","1000cp","2","6","1","7.6"
"r_37","2022Q2","1000cp","0","0","2","17.6"
"r_37","2022Q2","1000cp","1","0","2","10.3"
"r_37","2022Q2","1000cp","2","0","2","7.3"
"r_38","2022Q3","1000cp","0","0","0","111"
"r_38","2022Q3","1000cp","1","0","0","63.9"
"r_38","2022Q3","1000cp","2","0","0","47.1"
"r_38","2022Q3","1000cp","0","0","1","93.8"
"r_38","2022Q3","1000cp","1","0","1","51.7"
"r_38","2022Q3","1000cp","2","0","1","42.1"
"r_38","2022Q3","1000cp","0","1","1","27.7"
"r_38","2022Q3","1000cp","1","1","1","17.6"
"r_38","2022Q3","1000cp","2","1","1","10"
"r_38","2022Q3","1000cp","0","2","1","23.4"
"r_38","2022Q3","1000cp","1","2","1","12.3"
"r_38","2022Q3","1000cp","2","2","1","11.2"
"r_38","2022Q3","1000cp","0","8","1","4.9"
"r_38","2022Q3","1000cp","1","8","1","(2.2)"
"r_38","2022Q3","1000cp","2","8","1","(2.6)"
"r_38","2022Q3","1000cp","0","5","1","24.9"
"r_38","2022Q3","1000cp","1","5","1","13.9"
"r_38","2022Q3","1000cp","2","5","1","11"
"r_38","2022Q3","1000cp","0","6","1","12.9"
"r_38","2022Q3","1000cp","1","6","1","5.6"
"r_38","2022Q3","1000cp","2","6","1","7.3"
"r_38","2022Q3","1000cp","0","0","2","17.2"
"r_38","2022Q3","1000cp","1","0","2","12.2"
"r_38","2022Q3","1000cp","2","0","2","5"
"r_39","2022Q4","1000cp","0","0","0","115.6"
"r_39","2022Q4","1000cp","1","0","0","63.7"
"r_39","2022Q4","1000cp","2","0","0","51.9"
"r_39","2022Q4","1000cp","0","0","1","99.9"
"r_39","2022Q4","1000cp","1","0","1","53.4"
"r_39","2022Q4","1000cp","2","0","1","46.6"
"r_39","2022Q4","1000cp","0","1","1","25.1"
"r_39","2022Q4","1000cp","1","1","1","14"
"r_39","2022Q4","1000cp","2","1","1","11.1"
"r_39","2022Q4","1000cp","0","2","1","34.3"
"r_39","2022Q4","1000cp","1","2","1","18.2"
"r_39","2022Q4","1000cp","2","2","1","16.1"
"r_39","2022Q4","1000cp","0","8","1","(4.4)"
"r_39","2022Q4","1000cp","1","8","1","(1.1)"
"r_39","2022Q4","1000cp","2","8","1","(3.3)"
"r_39","2022Q4","1000cp","0","5","1","20.4"
"r_39","2022Q4","1000cp","1","5","1","11.7"
"r_39","2022Q4","1000cp","2","5","1","8.7"
"r_39","2022Q4","1000cp","0","6","1","15.7"
"r_39","2022Q4","1000cp","1","6","1","8.3"
"r_39","2022Q4","1000cp","2","6","1","7.4"
"r_39","2022Q4","1000cp","0","0","2","15.7"
"r_39","2022Q4","1000cp","1","0","2","10.4"
"r_39","2022Q4","1000cp","2","0","2","5.3"
"r_40","2023Q4","1000cp","0","0","0","128.6"
"r_40","2023Q4","1000cp","1","0","0","68.9"
"r_40","2023Q4","1000cp","2","0","0","59.7"
"r_40","2023Q4","1000cp","0","0","1","109.3"
"r_40","2023Q4","1000cp","1","0","1","57.6"
"r_40","2023Q4","1000cp","2","0","1","51.7"
"r_40","2023Q4","1000cp","0","1","1","28.9"
"r_40","2023Q4","1000cp","1","1","1","15.9"
"r_40","2023Q4","1000cp","2","1","1","13"
"r_40","2023Q4","1000cp","0","2","1","34.1"
"r_40","2023Q4","1000cp","1","2","1","17.1"
"r_40","2023Q4","1000cp","2","2","1","17"
"r_40","2023Q4","1000cp","0","8","1","(6.0)"
"r_40","2023Q4","1000cp","1","8","1","(2.1)"
"r_40","2023Q4","1000cp","2","8","1","(3.9)"
"r_40","2023Q4","1000cp","0","5","1","25.8"
"r_40","2023Q4","1000cp","1","5","1","15.5"
"r_40","2023Q4","1000cp","2","5","1","10.3"
"r_40","2023Q4","1000cp","0","6","1","14.4"
"r_40","2023Q4","1000cp","1","6","1","6.9"
"r_40","2023Q4","1000cp","2","6","1","7.5"
"r_40","2023Q4","1000cp","0","0","2","19.3"
"r_40","2023Q4","1000cp","1","0","2","11.3"
"r_40","2023Q4","1000cp","2","0","2","8"
"r_41","2024Q1","1000cp","0","0","0","152.5"
"r_41","2024Q1","1000cp","1","0","0","81.2"
"r_41","2024Q1","1000cp","2","0","0","71.3"
"r_41","2024Q1","1000cp","0","0","1","131"
"r_41","2024Q1","1000cp","1","0","1","69.2"
"r_41","2024Q1","1000cp","2","0","1","61.8"
"r_41","2024Q1","1000cp","0","1","1","30.5"
"r_41","2024Q1","1000cp","1","1","1","14.2"
"r_41","2024Q1","1000cp","2","1","1","16.3"
"r_41","2024Q1","1000cp","0","2","1","51.8"
"r_41","2024Q1","1000cp","1","2","1","28.6"
"r_41","2024Q1","1000cp","2","2","1","23.3"
"r_41","2024Q1","1000cp","0","8","1","6.8"
"r_41","2024Q1","1000cp","1","8","1","(2.2)"
"r_41","2024Q1","1000cp","2","8","1","(4.6)"
"r_41","2024Q1","1000cp","0","5","1","24.9"
"r_41","2024Q1","1000cp","1","5","1","14.5"
"r_41","2024Q1","1000cp","2","5","1","10.5"
"r_41","2024Q1","1000cp","0","6","1","16.9"
"r_41","2024Q1","1000cp","1","6","1","9.8"
"r_41","2024Q1","1000cp","2","6","1","7.1"
"r_41","2024Q1","1000cp","0","0","2","21.5"
"r_41","2024Q1","1000cp","1","0","2","12"
"r_41","2024Q1","1000cp","2","0","2","9.5"
"r_42","2021Q1","1000cp","0","0","0","188.4"
"r_42","2021Q1","1000cp","1","0","0","105"
"r_42","2021Q1","1000cp","2","0","0","83.4"
"r_42","2021Q1","1000cp","0","0","1","163.2"
"r_42","2021Q1","1000cp","1","0","1","89.3"
"r_42","2021Q1","1000cp","2","0","1","73.9"
"r_42","2021Q1","1000cp","0","1","1","58.9"
"r_42","2021Q1","1000cp","1","1","1","31.3"
"r_42","2021Q1","1000cp","2","1","1","27.6"
"r_42","2021Q1","1000cp","0","2","1","52.8"
"r_42","2021Q1","1000cp","1","2","1","30"
"r_42","2021Q1","1000cp","2","2","1","22.8"
"r_42","2021Q1","1000cp","0","8","1","7"
"r_42","2021Q1","1000cp","1","8","1","(2.0)"
"r_42","2021Q1","1000cp","2","8","1","(5.0)"
"r_42","2021Q1","1000cp","0","5","1","23.5"
"r_42","2021Q1","1000cp","1","5","1","14"
"r_42","2021Q1","1000cp","2","5","1","9.5"
"r_42","2021Q1","1000cp","0","6","1","21"
"r_42","2021Q1","1000cp","1","6","1","12"
"r_42","2021Q1","1000cp","2","6","1","8.9"
"r_42","2021Q1","1000cp","0","0","2","25.2"
"r_42","2021Q1","1000cp","1","0","2","15.7"
"r_42","2021Q1","1000cp","2","0","2","9.5"
"r_43","2021Q2","1000cp","0","0","0","168.4"
"r_43","2021Q2","1000cp","1","0","0","90.1"
"r_43","2021Q2","1000cp","2","0","0","78.3"
"r_43","2021Q2","1000cp","0","0","1","142.5"
"r_43","2021Q2","1000cp","1","0","1","74.7"
"r_43","2021Q2","1000cp","2","0","1","67.8"
"r_43","2021Q2","1000cp","0","1","1","48.9"
"r_43","2021Q2","1000cp","1","1","1","24.3"
"r_43","2021Q2","1000cp","2","1","1","24.6"
"r_43","2021Q2","1000cp","0","2","1","48.2"
"r_43","2021Q2","1000cp","1","2","1","26.4"
"r_43","2021Q2","1000cp","2","2","1","21.8"
"r_43","2021Q2","1000cp","0","8","1","5.9"
"r_43","2021Q2","1000cp","1","8","1","(2.4)"
"r_43","2021Q2","1000cp","2","8","1","(3.5)"
"r_43","2021Q2","1000cp","0","5","1","22.7"
"r_43","2021Q2","1000cp","1","5","1","11.2"
"r_43","2021Q2","1000cp","2","5","1","11.5"
"r_43","2021Q2","1000cp","0","6","1","16.8"
"r_43","2021Q2","1000cp","1","6","1","10.4"
"r_43","2021Q2","1000cp","2","6","1","6.4"
"r_43","2021Q2","1000cp","0","0","2","25.9"
"r_43","2021Q2","1000cp","1","0","2","15.4"
"r_43","2021Q2","1000cp","2","0","2","10.5"
"r_44","2021Q3","1000cp","0","0","0","137.5"
"r_44","2021Q3","1000cp","1","0","0","77.8"
"r_44","2021Q3","1000cp","2","0","0","59.8"
"r_44","2021Q3","1000cp","0","0","1","111.6"
"r_44","2021Q3","1000cp","1","0","1","62.8"
"r_44","2021Q3","1000cp","2","0","1","48.8"
"r_44","2021Q3","1000cp","0","1","1","44.2"
"r_44","2021Q3","1000cp","1","1","1","24.1"
"r_44","2021Q3","1000cp","2","1","1","20.1"
"r_44","2021Q3","1000cp","0","2","1","31.3"
"r_44","2021Q3","1000cp","1","2","1","17.8"
"r_44","2021Q3","1000cp","2","2","1","13.4"
"r_44","2021Q3","1000cp","0","8","1","(3.5)"
"r_44","2021Q3","1000cp","1","8","1","(1.2)"
"r_44","2021Q3","1000cp","2","8","1","(2.3)"
"r_44","2021Q3","1000cp","0","5","1","20.6"
"r_44","2021Q3","1000cp","1","5","1","12.4"
"r_44","2021Q3","1000cp","2","5","1","8.2"
"r_44","2021Q3","1000cp","0","6","1","12.1"
"r_44","2021Q3","1000cp","1","6","1","7.2"
"r_44","2021Q3","1000cp","2","6","1","(4.9)"
"r_44","2021Q3","1000cp","0","0","2","25.9"
"r_44","2021Q3","1000cp","1","0","2","15"
"r_44","2021Q3","1000cp","2","0","2","10.9"
"r_45","2021Q4","1000cp","0","0","0","132.7"
"r_45","2021Q4","1000cp","1","0","0","76.5"
"r_45","2021Q4","1000cp","2","0","0","56.2"
"r_45","2021Q4","1000cp","0","0","1","112.9"
"r_45","2021Q4","1000cp","1","0","1","65.6"
"r_45","2021Q4","1000cp","2","0","1","47.3"
"r_45","2021Q4","1000cp","0","1","1","41"
"r_45","2021Q4","1000cp","1","1","1","22.8"
"r_45","2021Q4","1000cp","2","1","1","18.2"
"r_45","2021Q4","1000cp","0","2","1","32.5"
"r_45","2021Q4","1000cp","1","2","1","19.5"
"r_45","2021Q4","1000cp","2","2","1","13"
"r_45","2021Q4","1000cp","0","8","1","5.7"
"r_45","2021Q4","1000cp","1","8","1","(1.6)"
"r_45","2021Q4","1000cp","2","8","1","(4.1)"
"r_45","2021Q4","1000cp","0","5","1","18.2"
"r_45","2021Q4","1000cp","1","5","1","12.4"
"r_45","2021Q4","1000cp","2","5","1","5.8"
"r_45","2021Q4","1000cp","0","6","1","15.4"
"r_45","2021Q4","1000cp","1","6","1","9.2"
"r_45","2021Q4","1000cp","2","6","1","6.2"
"r_45","2021Q4","1000cp","0","0","2","19.8"
"r_45","2021Q4","1000cp","1","0","2","10.9"
"r_45","2021Q4","1000cp","2","0","2","8.9"
"r_46","2024Q2","1000cp","0","0","0","130.3"
"r_46","2024Q2","1000cp","1","0","0","71.8"
"r_46","2024Q2","1000cp","2","0","0","58.5"
"r_46","2024Q2","1000cp","0","0","1","113.2"
"r_46","2024Q2","1000cp","1","0","1","62.4"
"r_46","2024Q2","1000cp","2","0","1","50.9"
"r_46","2024Q2","1000cp","0","1","1","31.4"
"r_46","2024Q2","1000cp","1","1","1","14.2"
"r_46","2024Q2","1000cp","2","1","1","17.2"
"r_46","2024Q2","1000cp","0","2","1","41.3"
"r_46","2024Q2","1000cp","1","2","1","24.1"
"r_46","2024Q2","1000cp","2","2","1","17.2"
"r_46","2024Q2","1000cp","0","8","1","(5.2)"
"r_46","2024Q2","1000cp","1","8","1","(1.7)"
"r_46","2024Q2","1000cp","2","8","1","(3.5)"
"r_46","2024Q2","1000cp","0","5","1","22.2"
"r_46","2024Q2","1000cp","1","5","1","15.4"
"r_46","2024Q2","1000cp","2","5","1","6.8"
"r_46","2024Q2","1000cp","0","6","1","13.1"
"r_46","2024Q2","1000cp","1","6","1","7"
"r_46","2024Q2","1000cp","2","6","1","(6.1)"
"r_46","2024Q2","1000cp","0","0","2","17.1"
"r_46","2024Q2","1000cp","1","0","2","9.4"
"r_46","2024Q2","1000cp","2","0","2","7.6"
"r_47","2024Q3","1000cp","0","0","0","110.3"
"r_47","2024Q3","1000cp","1","0","0","62"
"r_47","2024Q3","1000cp","2","0","0","48.4"
"r_47","2024Q3","1000cp","0","0","1","93.2"
"r_47","2024Q3","1000cp","1","0","1","52"
"r_47","2024Q3","1000cp","2","0","1","41.1"
"r_47","2024Q3","1000cp","0","1","1","27.1"
"r_47","2024Q3","1000cp","1","1","1","15.8"
"r_47","2024Q3","1000cp","2","1","1","11.3"
"r_47","2024Q3","1000cp","0","2","1","24"
"r_47","2024Q3","1000cp","1","2","1","13.3"
"r_47","2024Q3","1000cp","2","2","1","10.8"
"r_47","2024Q3","1000cp","0","8","1","(4.6)"
"r_47","2024Q3","1000cp","1","8","1","(0.4)"
"r_47","2024Q3","1000cp","2","8","1","(4.2)"
"r_47","2024Q3","1000cp","0","5","1","21.6"
"r_47","2024Q3","1000cp","1","5","1","12.6"
"r_47","2024Q3","1000cp","2","5","1","9"
"r_47","2024Q3","1000cp","0","6","1","15.8"
"r_47","2024Q3","1000cp","1","6","1","10"
"r_47","2024Q3","1000cp","2","6","1","5.9"
"r_47","2024Q3","1000cp","0","0","2","17.2"
"r_47","2024Q3","1000cp","1","0","2","9.9"
"r_47","2024Q3","1000cp","2","0","2","7.3"
"r_48","2024Q4","1000cp","0","0","0","116.7"
"r_48","2024Q4","1000cp","1","0","0","70.6"
"r_48","2024Q4","1000cp","2","0","0","46"
"r_48","2024Q4","1000cp","0","0","1","100.6"
"r_48","2024Q4","1000cp","1","0","1","61.2"
"r_48","2024Q4","1000cp","2","0","1","39.4"
"r_48","2024Q4","1000cp","0","1","1","31.7"
"r_48","2024Q4","1000cp","1","1","1","19.8"
"r_48","2024Q4","1000cp","2","1","1","11.9"
"r_48","2024Q4","1000cp","0","2","1","26.2"
"r_48","2024Q4","1000cp","1","2","1","17.2"
"r_48","2024Q4","1000cp","2","2","1","9"
"r_48","2024Q4","1000cp","0","8","1","7.6"
"r_48","2024Q4","1000cp","1","8","1","(3.0)"
"r_48","2024Q4","1000cp","2","8","1","(4.6)"
"r_48","2024Q4","1000cp","0","5","1","25.7"
"r_48","2024Q4","1000cp","1","5","1","15.8"
"r_48","2024Q4","1000cp","2","5","1","9.9"
"r_48","2024Q4","1000cp","0","6","1","9.4"
"r_48","2024Q4","1000cp","1","6","1","5.4"
"r_48","2024Q4","1000cp","2","6","1","(4.0)"
"r_48","2024Q4","1000cp","0","0","2","16.1"
"r_48","2024Q4","1000cp","1","0","2","9.5"
"r_48","2024Q4","1000cp","2","0","2","6.7"
"r_49","2025Q1","1000cp","0","0","0","116.7"
"r_49","2025Q1","1000cp","1","0","0","63"
"r_49","2025Q1","1000cp","2","0","0","53.7"
"r_49","2025Q1","1000cp","0","0","1","104.5"
"r_49","2025Q1","1000cp","1","0","1","57.2"
"r_49","2025Q1","1000cp","2","0","1","47.3"
"r_49","2025Q1","1000cp","0","1","1","29.4"
"r_49","2025Q1","1000cp","1","1","1","15"
"r_49","2025Q1","1000cp","2","1","1","14.4"
"r_49","2025Q1","1000cp","0","2","1","38.5"
"r_49","2025Q1","1000cp","1","2","1","23.8"
"r_49","2025Q1","1000cp","2","2","1","14.8"
"r_49","2025Q1","1000cp","0","8","1","5.8"
"r_49","2025Q1","1000cp","1","8","1","(2.4)"
"r_49","2025Q1","1000cp","2","8","1","(3.4)"
"r_49","2025Q1","1000cp","0","5","1","20.2"
"r_49","2025Q1","1000cp","1","5","1","11.5"
"r_49","2025Q1","1000cp","2","5","1","8.7"
"r_49","2025Q1","1000cp","0","6","1","10.5"
"r_49","2025Q1","1000cp","1","6","1","(4.5)"
"r_49","2025Q1","1000cp","2","6","1","6"
"r_49","2025Q1","1000cp","0","0","2","12.2"
"r_49","2025Q1","1000cp","1","0","2","5.8"
"r_49","2025Q1","1000cp","2","0","2","6.4"
"r_50","2025Q2","1000cp","0","0","0","110.5"
"r_50","2025Q2","1000cp","1","0","0","60.8"
"r_50","2025Q2","1000cp","2","0","0","49.7"
"r_50","2025Q2","1000cp","0","0","1","95"
"r_50","2025Q2","1000cp","1","0","1","50.7"
"r_50","2025Q2","1000cp","2","0","1","44.4"
"r_50","2025Q2","1000cp","0","1","1","24.5"
"r_50","2025Q2","1000cp","1","1","1","13.2"
"r_50","2025Q2","1000cp","2","1","1","11.4"
"r_50","2025Q2","1000cp","0","2","1","27.4"
"r_50","2025Q2","1000cp","1","2","1","15.1"
"r_50","2025Q2","1000cp","2","2","1","12.3"
"r_50","2025Q2","1000cp","0","8","1","8.2"
"r_50","2025Q2","1000cp","1","8","1","(2.0)"
"r_50","2025Q2","1000cp","2","8","1","6.2"
"r_50","2025Q2","1000cp","0","5","1","21.7"
"r_50","2025Q2","1000cp","1","5","1","12.4"
"r_50","2025Q2","1000cp","2","5","1","9.3"
"r_50","2025Q2","1000cp","0","6","1","13.2"
"r_50","2025Q2","1000cp","1","6","1","8"
"r_50","2025Q2","1000cp","2","6","1","(5.2)"
"r_50","2025Q2","1000cp","0","0","2","15.4"
"r_50","2025Q2","1000cp","1","0","2","10.1"
"r_50","2025Q2","1000cp","2","0","2","(5.3)"
"r_51","2025Q3","1000cp","0","0","0","104.5"
"r_51","2025Q3","1000cp","1","0","0","59.5"
"r_51","2025Q3","1000cp","2","0","0","45"
"r_51","2025Q3","1000cp","0","0","1","82.6"
"r_51","2025Q3","1000cp","1","0","1","47.7"
"r_51","2025Q3","1000cp","2","0","1","34.8"
"r_51","2025Q3","1000cp","0","1","1","22.8"
"r_51","2025Q3","1000cp","1","1","1","13.3"
"r_51","2025Q3","1000cp","2","1","1","9.5"
"r_51","2025Q3","1000cp","0","2","1","23.6"
"r_51","2025Q3","1000cp","1","2","1","13.8"
"r_51","2025Q3","1000cp","2","2","1","9.8"
"r_51","2025Q3","1000cp","0","8","1","5.2"
"r_51","2025Q3","1000cp","1","8","1","(1.3)"
"r_51","2025Q3","1000cp","2","8","1","(3.9)"
"r_51","2025Q3","1000cp","0","5","1","23.4"
"r_51","2025Q3","1000cp","1","5","1","14.4"
"r_51","2025Q3","1000cp","2","5","1","9"
"r_51","2025Q3","1000cp","0","6","1","7.6"
"r_51","2025Q3","1000cp","1","6","1","(5.0)"
"r_51","2025Q3","1000cp","2","6","1","(2.6)"
"r_51","2025Q3","1000cp","0","0","2","22"
"r_51","2025Q3","1000cp","1","0","2","11.8"
"r_51","2025Q3","1000cp","2","0","2","10.1"