RevisionColumn,PlaceResidence,GenderID,Units,periods,ValueColumn
"r_2","0","0","1000cp","2003Q1","2704.3"
"r_2","0","0","1000cp","2003Q2","2876"
"r_2","0","0","1000cp","2003Q3","2933.1"
"r_2","0","0","1000cp","2003Q4","2825.6"
"r_2","0","0","1000cp","2004Q1","2783.8"
"r_2","0","0","1000cp","2004Q2","2969.8"
"r_2","0","0","1000cp","2004Q3","3024.6"
"r_2","0","0","1000cp","2004Q4","2911.9"
"r_2","0","0","1000cp","2005Q1","2838.4"
"r_2","0","0","1000cp","2005Q2","3008.9"
"r_2","0","0","1000cp","2005Q3","3098.1"
"r_2","0","0","1000cp","2005Q4","2982.3"
"r_2","0","0","1000cp","2006Q1","2940.5"
"r_2","0","0","1000cp","2006Q2","3139.1"
"r_2","0","0","1000cp","2006Q3","3200.8"
"r_2","0","0","1000cp","2006Q4","3159.6"
"r_2","0","0","1000cp","2007Q1","3135.4"
"r_2","0","0","1000cp","2007Q2","3253.1"
"r_2","0","0","1000cp","2007Q3","3315.5"
"r_2","0","0","1000cp","2007Q4","3306.4"
"r_2","0","0","1000cp","2008Q1","3289.9"
"r_2","0","0","1000cp","2008Q2","3372.1"
"r_2","0","0","1000cp","2008Q3","3417.3"
"r_2","0","0","1000cp","2008Q4","3363.5"
"r_2","0","0","1000cp","2009Q1","3262.8"
"r_2","0","0","1000cp","2009Q2","3300.1"
"r_2","0","0","1000cp","2009Q3","3280"
"r_2","0","0","1000cp","2009Q4","3171.6"
"r_2","0","0","1000cp","2010Q1","3030.9"
"r_2","0","0","1000cp","2010Q2","3096.2"
"r_2","0","0","1000cp","2010Q3","3129.8"
"r_2","0","0","1000cp","2010Q4","3044.1"
"r_2","0","0","1000cp","2011Q1","2904.4"
"r_2","0","0","1000cp","2011Q2","2946"
"r_2","0","0","1000cp","2011Q3","3036.5"
"r_2","0","0","1000cp","2011Q4","2973.8"
"r_2","0","0","1000cp","2012Q1","2853.2"
"r_2","0","0","1000cp","2012Q2","2913.7"
"r_2","0","0","1000cp","2012Q3","3017.1"
"r_2","0","0","1000cp","2012Q4","2951.8"
"r_2","0","0","1000cp","2013Q1","2855"
"r_2","0","0","1000cp","2013Q2","2940.2"
"r_2","0","0","1000cp","2013Q3","3012.9"
"r_2","0","0","1000cp","2013Q4","2931.6"
"r_2","0","0","1000cp","2014Q1","2894.1"
"r_2","0","0","1000cp","2014Q2","2979.8"
"r_2","0","0","1000cp","2014Q3","3061.9"
"r_2","0","0","1000cp","2014Q4","2989.7"
"r_2","0","0","1000cp","2015Q1","2949.8"
"r_2","0","0","1000cp","2015Q2","3011.2"
"r_2","0","0","1000cp","2015Q3","3104.7"
"r_2","0","0","1000cp","2015Q4","3061.7"
"r_2","0","1","1000cp","2003Q1","1424"
"r_2","0","1","1000cp","2003Q2","1525.9"
"r_2","0","1","1000cp","2003Q3","1555.3"
"r_2","0","1","1000cp","2003Q4","1497.7"
"r_2","0","1","1000cp","2004Q1","1482.2"
"r_2","0","1","1000cp","2004Q2","1575.3"
"r_2","0","1","1000cp","2004Q3","1597.3"
"r_2","0","1","1000cp","2004Q4","1545.6"
"r_2","0","1","1000cp","2005Q1","1511.8"
"r_2","0","1","1000cp","2005Q2","1603.6"
"r_2","0","1","1000cp","2005Q3","1656.4"
"r_2","0","1","1000cp","2005Q4","1596.7"
"r_2","0","1","1000cp","2006Q1","1563.2"
"r_2","0","1","1000cp","2006Q2","1667"
"r_2","0","1","1000cp","2006Q3","1694.8"
"r_2","0","1","1000cp","2006Q4","1686.2"
"r_2","0","1","1000cp","2007Q1","1667.4"
"r_2","0","1","1000cp","2007Q2","1723.8"
"r_2","0","1","1000cp","2007Q3","1765.1"
"r_2","0","1","1000cp","2007Q4","1769.8"
"r_2","0","1","1000cp","2008Q1","1749.1"
"r_2","0","1","1000cp","2008Q2","1794.4"
"r_2","0","1","1000cp","2008Q3","1825.7"
"r_2","0","1","1000cp","2008Q4","1802.3"
"r_2","0","1","1000cp","2009Q1","1738.7"
"r_2","0","1","1000cp","2009Q2","1754.5"
"r_2","0","1","1000cp","2009Q3","1744.6"
"r_2","0","1","1000cp","2009Q4","1691.6"
"r_2","0","1","1000cp","2010Q1","1622.6"
"r_2","0","1","1000cp","2010Q2","1657.3"
"r_2","0","1","1000cp","2010Q3","1672"
"r_2","0","1","1000cp","2010Q4","1607.6"
"r_2","0","1","1000cp","2011Q1","1538.6"
"r_2","0","1","1000cp","2011Q2","1560.7"
"r_2","0","1","1000cp","2011Q3","1610.3"
"r_2","0","1","1000cp","2011Q4","1558.7"
"r_2","0","1","1000cp","2012Q1","1492.5"
"r_2","0","1","1000cp","2012Q2","1528.7"
"r_2","0","1","1000cp","2012Q3","1584.6"
"r_2","0","1","1000cp","2012Q4","1560.9"
"r_2","0","1","1000cp","2013Q1","1499"
"r_2","0","1","1000cp","2013Q2","1540.5"
"r_2","0","1","1000cp","2013Q3","1592.3"
"r_2","0","1","1000cp","2013Q4","1555.6"
"r_2","0","1","1000cp","2014Q1","1533.5"
"r_2","0","1","1000cp","2014Q2","1576.4"
"r_2","0","1","1000cp","2014Q3","1624.1"
"r_2","0","1","1000cp","2014Q4","1574.4"
"r_2","0","1","1000cp","2015Q1","1561.3"
"r_2","0","1","1000cp","2015Q2","1595.5"
"r_2","0","1","1000cp","2015Q3","1646"
"r_2","0","1","1000cp","2015Q4","1627.3"
"r_2","0","2","1000cp","2003Q1","1280.3"
"r_2","0","2","1000cp","2003Q2","1350.1"
"r_2","0","2","1000cp","2003Q3","1377.8"
"r_2","0","2","1000cp","2003Q4","1327.9"
"r_2","0","2","1000cp","2004Q1","1301.7"
"r_2","0","2","1000cp","2004Q2","1394.5"
"r_2","0","2","1000cp","2004Q3","1427.2"
"r_2","0","2","1000cp","2004Q4","1366.3"
"r_2","0","2","1000cp","2005Q1","1326.6"
"r_2","0","2","1000cp","2005Q2","1405.2"
"r_2","0","2","1000cp","2005Q3","1441.6"
"r_2","0","2","1000cp","2005Q4","1385.7"
"r_2","0","2","1000cp","2006Q1","1377.2"
"r_2","0","2","1000cp","2006Q2","1472.1"
"r_2","0","2","1000cp","2006Q3","1506"
"r_2","0","2","1000cp","2006Q4","1473.4"
"r_2","0","2","1000cp","2007Q1","1467.9"
"r_2","0","2","1000cp","2007Q2","1529.3"
"r_2","0","2","1000cp","2007Q3","1550.4"
"r_2","0","2","1000cp","2007Q4","1536.7"
"r_2","0","2","1000cp","2008Q1","1540.7"
"r_2","0","2","1000cp","2008Q2","1577.7"
"r_2","0","2","1000cp","2008Q3","1591.6"
"r_2","0","2","1000cp","2008Q4","1561.2"
"r_2","0","2","1000cp","2009Q1","1524.1"
"r_2","0","2","1000cp","2009Q2","1545.6"
"r_2","0","2","1000cp","2009Q3","1535.5"
"r_2","0","2","1000cp","2009Q4","1480"
"r_2","0","2","1000cp","2010Q1","1408.4"
"r_2","0","2","1000cp","2010Q2","1438.8"
"r_2","0","2","1000cp","2010Q3","1457.8"
"r_2","0","2","1000cp","2010Q4","1436.5"
"r_2","0","2","1000cp","2011Q1","1365.9"
"r_2","0","2","1000cp","2011Q2","1385.3"
"r_2","0","2","1000cp","2011Q3","1426.2"
"r_2","0","2","1000cp","2011Q4","1415.1"
"r_2","0","2","1000cp","2012Q1","1360.7"
"r_2","0","2","1000cp","2012Q2","1385"
"r_2","0","2","1000cp","2012Q3","1432.5"
"r_2","0","2","1000cp","2012Q4","1390.9"
"r_2","0","2","1000cp","2013Q1","1356"
"r_2","0","2","1000cp","2013Q2","1399.7"
"r_2","0","2","1000cp","2013Q3","1420.7"
"r_2","0","2","1000cp","2013Q4","1376"
"r_2","0","2","1000cp","2014Q1","1360.6"
"r_2","0","2","1000cp","2014Q2","1403.4"
"r_2","0","2","1000cp","2014Q3","1437.7"
"r_2","0","2","1000cp","2014Q4","1415.3"
"r_2","0","2","1000cp","2015Q1","1388.4"
"r_2","0","2","1000cp","2015Q2","1415.7"
"r_2","0","2","1000cp","2015Q3","1458.7"
"r_2","0","2","1000cp","2015Q4","1434.5"
"r_2","1","0","1000cp","2003Q1","2101.4"
"r_2","1","0","1000cp","2003Q2","2177.4"
"r_2","1","0","1000cp","2003Q3","2210"
"r_2","1","0","1000cp","2003Q4","2167.3"
"r_2","1","0","1000cp","2004Q1","2161.8"
"r_2","1","0","1000cp","2004Q2","2246.6"
"r_2","1","0","1000cp","2004Q3","2268.2"
"r_2","1","0","1000cp","2004Q4","2242.7"
"r_2","1","0","1000cp","2005Q1","2238.2"
"r_2","1","0","1000cp","2005Q2","2304.2"
"r_2","1","0","1000cp","2005Q3","2359.8"
"r_2","1","0","1000cp","2005Q4","2307.3"
"r_2","1","0","1000cp","2006Q1","2311.4"
"r_2","1","0","1000cp","2006Q2","2433.8"
"r_2","1","0","1000cp","2006Q3","2455.1"
"r_2","1","0","1000cp","2006Q4","2437.3"
"r_2","1","0","1000cp","2007Q1","2457.3"
"r_2","1","0","1000cp","2007Q2","2517.3"
"r_2","1","0","1000cp","2007Q3","2561.1"
"r_2","1","0","1000cp","2007Q4","2561"
"r_2","1","0","1000cp","2008Q1","2548.7"
"r_2","1","0","1000cp","2008Q2","2587.4"
"r_2","1","0","1000cp","2008Q3","2623.4"
"r_2","1","0","1000cp","2008Q4","2604.3"
"r_2","1","0","1000cp","2009Q1","2554.5"
"r_2","1","0","1000cp","2009Q2","2546.9"
"r_2","1","0","1000cp","2009Q3","2533.7"
"r_2","1","0","1000cp","2009Q4","2469.3"
"r_2","1","0","1000cp","2010Q1","2407.2"
"r_2","1","0","1000cp","2010Q2","2431.1"
"r_2","1","0","1000cp","2010Q3","2453.6"
"r_2","1","0","1000cp","2010Q4","2403.3"
"r_2","1","0","1000cp","2011Q1","2312.8"
"r_2","1","0","1000cp","2011Q2","2313.5"
"r_2","1","0","1000cp","2011Q3","2385.2"
"r_2","1","0","1000cp","2011Q4","2340.5"
"r_2","1","0","1000cp","2012Q1","2272.7"
"r_2","1","0","1000cp","2012Q2","2297.8"
"r_2","1","0","1000cp","2012Q3","2370"
"r_2","1","0","1000cp","2012Q4","2341.8"
"r_2","1","0","1000cp","2013Q1","2278.7"
"r_2","1","0","1000cp","2013Q2","2322.2"
"r_2","1","0","1000cp","2013Q3","2376.4"
"r_2","1","0","1000cp","2013Q4","2346.3"
"r_2","1","0","1000cp","2014Q1","2330.7"
"r_2","1","0","1000cp","2014Q2","2368"
"r_2","1","0","1000cp","2014Q3","2430.2"
"r_2","1","0","1000cp","2014Q4","2392.6"
"r_2","1","0","1000cp","2015Q1","2369.8"
"r_2","1","0","1000cp","2015Q2","2401.9"
"r_2","1","0","1000cp","2015Q3","2457.3"
"r_2","1","0","1000cp","2015Q4","2441"
"r_2","1","1","1000cp","2003Q1","1086.8"
"r_2","1","1","1000cp","2003Q2","1130.2"
"r_2","1","1","1000cp","2003Q3","1145.8"
"r_2","1","1","1000cp","2003Q4","1124.9"
"r_2","1","1","1000cp","2004Q1","1128.6"
"r_2","1","1","1000cp","2004Q2","1168.1"
"r_2","1","1","1000cp","2004Q3","1174.8"
"r_2","1","1","1000cp","2004Q4","1166.8"
"r_2","1","1","1000cp","2005Q1","1170.5"
"r_2","1","1","1000cp","2005Q2","1203.5"
"r_2","1","1","1000cp","2005Q3","1231.9"
"r_2","1","1","1000cp","2005Q4","1210.2"
"r_2","1","1","1000cp","2006Q1","1196.6"
"r_2","1","1","1000cp","2006Q2","1260.4"
"r_2","1","1","1000cp","2006Q3","1277.4"
"r_2","1","1","1000cp","2006Q4","1278.9"
"r_2","1","1","1000cp","2007Q1","1280.3"
"r_2","1","1","1000cp","2007Q2","1309"
"r_2","1","1","1000cp","2007Q3","1341.4"
"r_2","1","1","1000cp","2007Q4","1346.7"
"r_2","1","1","1000cp","2008Q1","1328.2"
"r_2","1","1","1000cp","2008Q2","1352"
"r_2","1","1","1000cp","2008Q3","1374.7"
"r_2","1","1","1000cp","2008Q4","1366.4"
"r_2","1","1","1000cp","2009Q1","1330"
"r_2","1","1","1000cp","2009Q2","1321.4"
"r_2","1","1","1000cp","2009Q3","1322.2"
"r_2","1","1","1000cp","2009Q4","1292.3"
"r_2","1","1","1000cp","2010Q1","1262"
"r_2","1","1","1000cp","2010Q2","1274"
"r_2","1","1","1000cp","2010Q3","1282.8"
"r_2","1","1","1000cp","2010Q4","1242.7"
"r_2","1","1","1000cp","2011Q1","1198.7"
"r_2","1","1","1000cp","2011Q2","1195.5"
"r_2","1","1","1000cp","2011Q3","1235.8"
"r_2","1","1","1000cp","2011Q4","1201.1"
"r_2","1","1","1000cp","2012Q1","1160.6"
"r_2","1","1","1000cp","2012Q2","1178.3"
"r_2","1","1","1000cp","2012Q3","1220.5"
"r_2","1","1","1000cp","2012Q4","1210.1"
"r_2","1","1","1000cp","2013Q1","1168"
"r_2","1","1","1000cp","2013Q2","1189.5"
"r_2","1","1","1000cp","2013Q3","1230.2"
"r_2","1","1","1000cp","2013Q4","1217.1"
"r_2","1","1","1000cp","2014Q1","1206.6"
"r_2","1","1","1000cp","2014Q2","1224"
"r_2","1","1","1000cp","2014Q3","1259.9"
"r_2","1","1","1000cp","2014Q4","1223.1"
"r_2","1","1","1000cp","2015Q1","1221.3"
"r_2","1","1","1000cp","2015Q2","1245.7"
"r_2","1","1","1000cp","2015Q3","1272.5"
"r_2","1","1","1000cp","2015Q4","1261.9"
"r_2","1","2","1000cp","2003Q1","1014.6"
"r_2","1","2","1000cp","2003Q2","1047.1"
"r_2","1","2","1000cp","2003Q3","1064.2"
"r_2","1","2","1000cp","2003Q4","1042.4"
"r_2","1","2","1000cp","2004Q1","1033.1"
"r_2","1","2","1000cp","2004Q2","1078.6"
"r_2","1","2","1000cp","2004Q3","1093.3"
"r_2","1","2","1000cp","2004Q4","1075.8"
"r_2","1","2","1000cp","2005Q1","1067.7"
"r_2","1","2","1000cp","2005Q2","1100.8"
"r_2","1","2","1000cp","2005Q3","1127.9"
"r_2","1","2","1000cp","2005Q4","1097"
"r_2","1","2","1000cp","2006Q1","1114.8"
"r_2","1","2","1000cp","2006Q2","1173.4"
"r_2","1","2","1000cp","2006Q3","1177.7"
"r_2","1","2","1000cp","2006Q4","1158.4"
"r_2","1","2","1000cp","2007Q1","1176.9"
"r_2","1","2","1000cp","2007Q2","1208.3"
"r_2","1","2","1000cp","2007Q3","1219.7"
"r_2","1","2","1000cp","2007Q4","1214.3"
"r_2","1","2","1000cp","2008Q1","1220.6"
"r_2","1","2","1000cp","2008Q2","1235.4"
"r_2","1","2","1000cp","2008Q3","1248.7"
"r_2","1","2","1000cp","2008Q4","1237.9"
"r_2","1","2","1000cp","2009Q1","1224.5"
"r_2","1","2","1000cp","2009Q2","1225.5"
"r_2","1","2","1000cp","2009Q3","1211.5"
"r_2","1","2","1000cp","2009Q4","1177"
"r_2","1","2","1000cp","2010Q1","1145.2"
"r_2","1","2","1000cp","2010Q2","1157.1"
"r_2","1","2","1000cp","2010Q3","1170.7"
"r_2","1","2","1000cp","2010Q4","1160.6"
"r_2","1","2","1000cp","2011Q1","1114.1"
"r_2","1","2","1000cp","2011Q2","1118"
"r_2","1","2","1000cp","2011Q3","1149.4"
"r_2","1","2","1000cp","2011Q4","1139.4"
"r_2","1","2","1000cp","2012Q1","1112.1"
"r_2","1","2","1000cp","2012Q2","1119.5"
"r_2","1","2","1000cp","2012Q3","1149.5"
"r_2","1","2","1000cp","2012Q4","1131.7"
"r_2","1","2","1000cp","2013Q1","1110.7"
"r_2","1","2","1000cp","2013Q2","1132.6"
"r_2","1","2","1000cp","2013Q3","1146.2"
"r_2","1","2","1000cp","2013Q4","1129.2"
"r_2","1","2","1000cp","2014Q1","1124.1"
"r_2","1","2","1000cp","2014Q2","1144"
"r_2","1","2","1000cp","2014Q3","1170.3"
"r_2","1","2","1000cp","2014Q4","1169.5"
"r_2","1","2","1000cp","2015Q1","1148.5"
"r_2","1","2","1000cp","2015Q2","1156.2"
"r_2","1","2","1000cp","2015Q3","1184.8"
"r_2","1","2","1000cp","2015Q4","1179"
"r_2","2","0","1000cp","2003Q1","602.9"
"r_2","2","0","1000cp","2003Q2","698.6"
"r_2","2","0","1000cp","2003Q3","723.1"
"r_2","2","0","1000cp","2003Q4","658.3"
"r_2","2","0","1000cp","2004Q1","622.1"
"r_2","2","0","1000cp","2004Q2","723.2"
"r_2","2","0","1000cp","2004Q3","756.4"
"r_2","2","0","1000cp","2004Q4","669.2"
"r_2","2","0","1000cp","2005Q1","600.2"
"r_2","2","0","1000cp","2005Q2","704.6"
"r_2","2","0","1000cp","2005Q3","738.3"
"r_2","2","0","1000cp","2005Q4","675.1"
"r_2","2","0","1000cp","2006Q1","629.1"
"r_2","2","0","1000cp","2006Q2","705.3"
"r_2","2","0","1000cp","2006Q3","745.7"
"r_2","2","0","1000cp","2006Q4","722.3"
"r_2","2","0","1000cp","2007Q1","678.1"
"r_2","2","0","1000cp","2007Q2","735.8"
"r_2","2","0","1000cp","2007Q3","754.4"
"r_2","2","0","1000cp","2007Q4","745.5"
"r_2","2","0","1000cp","2008Q1","741.1"
"r_2","2","0","1000cp","2008Q2","784.7"
"r_2","2","0","1000cp","2008Q3","793.8"
"r_2","2","0","1000cp","2008Q4","759.3"
"r_2","2","0","1000cp","2009Q1","708.3"
"r_2","2","0","1000cp","2009Q2","753.1"
"r_2","2","0","1000cp","2009Q3","746.3"
"r_2","2","0","1000cp","2009Q4","702.2"
"r_2","2","0","1000cp","2010Q1","623.8"
"r_2","2","0","1000cp","2010Q2","665.1"
"r_2","2","0","1000cp","2010Q3","676.3"
"r_2","2","0","1000cp","2010Q4","640.8"
"r_2","2","0","1000cp","2011Q1","591.6"
"r_2","2","0","1000cp","2011Q2","632.5"
"r_2","2","0","1000cp","2011Q3","651.3"
"r_2","2","0","1000cp","2011Q4","633.3"
"r_2","2","0","1000cp","2012Q1","580.5"
"r_2","2","0","1000cp","2012Q2","615.9"
"r_2","2","0","1000cp","2012Q3","647.1"
"r_2","2","0","1000cp","2012Q4","610"
"r_2","2","0","1000cp","2013Q1","576.3"
"r_2","2","0","1000cp","2013Q2","618"
"r_2","2","0","1000cp","2013Q3","636.5"
"r_2","2","0","1000cp","2013Q4","585.3"
"r_2","2","0","1000cp","2014Q1","563.4"
"r_2","2","0","1000cp","2014Q2","611.8"
"r_2","2","0","1000cp","2014Q3","631.7"
"r_2","2","0","1000cp","2014Q4","597"
"r_2","2","0","1000cp","2015Q1","580"
"r_2","2","0","1000cp","2015Q2","609.3"
"r_2","2","0","1000cp","2015Q3","647.4"
"r_2","2","0","1000cp","2015Q4","620.8"
"r_2","2","1","1000cp","2003Q1","337.2"
"r_2","2","1","1000cp","2003Q2","395.6"
"r_2","2","1","1000cp","2003Q3","409.5"
"r_2","2","1","1000cp","2003Q4","372.9"
"r_2","2","1","1000cp","2004Q1","353.6"
"r_2","2","1","1000cp","2004Q2","407.3"
"r_2","2","1","1000cp","2004Q3","422.5"
"r_2","2","1","1000cp","2004Q4","378.8"
"r_2","2","1","1000cp","2005Q1","341.3"
"r_2","2","1","1000cp","2005Q2","400.1"
"r_2","2","1","1000cp","2005Q3","424.6"
"r_2","2","1","1000cp","2005Q4","386.4"
"r_2","2","1","1000cp","2006Q1","366.6"
"r_2","2","1","1000cp","2006Q2","406.5"
"r_2","2","1","1000cp","2006Q3","417.4"
"r_2","2","1","1000cp","2006Q4","407.3"
"r_2","2","1","1000cp","2007Q1","387.1"
"r_2","2","1","1000cp","2007Q2","414.8"
"r_2","2","1","1000cp","2007Q3","423.7"
"r_2","2","1","1000cp","2007Q4","423.1"
"r_2","2","1","1000cp","2008Q1","420.9"
"r_2","2","1","1000cp","2008Q2","442.4"
"r_2","2","1","1000cp","2008Q3","451"
"r_2","2","1","1000cp","2008Q4","435.9"
"r_2","2","1","1000cp","2009Q1","408.7"
"r_2","2","1","1000cp","2009Q2","433.1"
"r_2","2","1","1000cp","2009Q3","422.3"
"r_2","2","1","1000cp","2009Q4","399.3"
"r_2","2","1","1000cp","2010Q1","360.6"
"r_2","2","1","1000cp","2010Q2","383.3"
"r_2","2","1","1000cp","2010Q3","389.2"
"r_2","2","1","1000cp","2010Q4","364.9"
"r_2","2","1","1000cp","2011Q1","339.9"
"r_2","2","1","1000cp","2011Q2","365.2"
"r_2","2","1","1000cp","2011Q3","374.5"
"r_2","2","1","1000cp","2011Q4","357.6"
"r_2","2","1","1000cp","2012Q1","331.9"
"r_2","2","1","1000cp","2012Q2","350.4"
"r_2","2","1","1000cp","2012Q3","364.1"
"r_2","2","1","1000cp","2012Q4","350.8"
"r_2","2","1","1000cp","2013Q1","331"
"r_2","2","1","1000cp","2013Q2","350.9"
"r_2","2","1","1000cp","2013Q3","362.1"
"r_2","2","1","1000cp","2013Q4","338.5"
"r_2","2","1","1000cp","2014Q1","327"
"r_2","2","1","1000cp","2014Q2","352.4"
"r_2","2","1","1000cp","2014Q3","364.3"
"r_2","2","1","1000cp","2014Q4","351.3"
"r_2","2","1","1000cp","2015Q1","340"
"r_2","2","1","1000cp","2015Q2","349.7"
"r_2","2","1","1000cp","2015Q3","373.5"
"r_2","2","1","1000cp","2015Q4","365.3"
"r_2","2","2","1000cp","2003Q1","265.7"
"r_2","2","2","1000cp","2003Q2","303"
"r_2","2","2","1000cp","2003Q3","313.6"
"r_2","2","2","1000cp","2003Q4","285.5"
"r_2","2","2","1000cp","2004Q1","268.5"
"r_2","2","2","1000cp","2004Q2","315.9"
"r_2","2","2","1000cp","2004Q3","333.9"
"r_2","2","2","1000cp","2004Q4","290.4"
"r_2","2","2","1000cp","2005Q1","258.9"
"r_2","2","2","1000cp","2005Q2","304.5"
"r_2","2","2","1000cp","2005Q3","313.7"
"r_2","2","2","1000cp","2005Q4","288.7"
"r_2","2","2","1000cp","2006Q1","262.5"
"r_2","2","2","1000cp","2006Q2","298.8"
"r_2","2","2","1000cp","2006Q3","328.3"
"r_2","2","2","1000cp","2006Q4","315"
"r_2","2","2","1000cp","2007Q1","291"
"r_2","2","2","1000cp","2007Q2","321"
"r_2","2","2","1000cp","2007Q3","330.7"
"r_2","2","2","1000cp","2007Q4","322.4"
"r_2","2","2","1000cp","2008Q1","320.2"
"r_2","2","2","1000cp","2008Q2","342.3"
"r_2","2","2","1000cp","2008Q3","342.9"
"r_2","2","2","1000cp","2008Q4","323.4"
"r_2","2","2","1000cp","2009Q1","299.6"
"r_2","2","2","1000cp","2009Q2","320"
"r_2","2","2","1000cp","2009Q3","324"
"r_2","2","2","1000cp","2009Q4","303"
"r_2","2","2","1000cp","2010Q1","263.2"
"r_2","2","2","1000cp","2010Q2","281.7"
"r_2","2","2","1000cp","2010Q3","287.1"
"r_2","2","2","1000cp","2010Q4","275.9"
"r_2","2","2","1000cp","2011Q1","251.8"
"r_2","2","2","1000cp","2011Q2","267.3"
"r_2","2","2","1000cp","2011Q3","276.7"
"r_2","2","2","1000cp","2011Q4","275.7"
"r_2","2","2","1000cp","2012Q1","248.6"
"r_2","2","2","1000cp","2012Q2","265.5"
"r_2","2","2","1000cp","2012Q3","283"
"r_2","2","2","1000cp","2012Q4","259.2"
"r_2","2","2","1000cp","2013Q1","245.3"
"r_2","2","2","1000cp","2013Q2","267"
"r_2","2","2","1000cp","2013Q3","274.5"
"r_2","2","2","1000cp","2013Q4","246.8"
"r_2","2","2","1000cp","2014Q1","236.5"
"r_2","2","2","1000cp","2014Q2","259.4"
"r_2","2","2","1000cp","2014Q3","267.4"
"r_2","2","2","1000cp","2014Q4","245.8"
"r_2","2","2","1000cp","2015Q1","239.9"
"r_2","2","2","1000cp","2015Q2","259.6"
"r_2","2","2","1000cp","2015Q3","273.9"
"r_2","2","2","1000cp","2015Q4","255.4"
"r_3","0","0","1000cp","2016Q1","2975.1"
"r_3","0","1","1000cp","2016Q1","1586.1"
"r_3","0","2","1000cp","2016Q1","1389.1"
"r_3","1","0","1000cp","2016Q1","2381.8"
"r_3","1","1","1000cp","2016Q1","1240"
"r_3","1","2","1000cp","2016Q1","1141.8"
"r_3","2","0","1000cp","2016Q1","593.3"
"r_3","2","1","1000cp","2016Q1","346.1"
"r_3","2","2","1000cp","2016Q1","247.2"
"r_3","0","0","1000cp","2016Q2","3033.4"
"r_3","0","1","1000cp","2016Q2","1608.3"
"r_3","0","2","1000cp","2016Q2","1425.1"
"r_3","1","0","1000cp","2016Q2","2403.9"
"r_3","1","1","1000cp","2016Q2","1243.2"
"r_3","1","2","1000cp","2016Q2","1160.7"
"r_3","2","0","1000cp","2016Q2","629.5"
"r_3","2","1","1000cp","2016Q2","365.1"
"r_3","2","2","1000cp","2016Q2","264.4"
"r_4","0","0","1000cp","2016Q3","3052.7"
"r_4","0","1","1000cp","2016Q3","1623.7"
"r_4","0","2","1000cp","2016Q3","1429.1"
"r_4","1","0","1000cp","2016Q3","2418.5"
"r_4","1","1","1000cp","2016Q3","1253.6"
"r_4","1","2","1000cp","2016Q3","1164.9"
"r_4","2","0","1000cp","2016Q3","634.2"
"r_4","2","1","1000cp","2016Q3","370.1"
"r_4","2","2","1000cp","2016Q3","264.2"
"r_5","0","0","1000cp","2016Q4","3005.9"
"r_5","0","1","1000cp","2016Q4","1612.6"
"r_5","0","2","1000cp","2016Q4","1393.4"
"r_5","1","0","1000cp","2016Q4","2408.2"
"r_5","1","1","1000cp","2016Q4","1255.4"
"r_5","1","2","1000cp","2016Q4","1152.8"
"r_5","2","0","1000cp","2016Q4","597.8"
"r_5","2","1","1000cp","2016Q4","357.2"
"r_5","2","2","1000cp","2016Q4","240.6"
"r_6","0","0","1000cp","2017Q1","3036.7"
"r_6","0","1","1000cp","2017Q1","1624.7"
"r_6","0","2","1000cp","2017Q1","1412"
"r_6","1","0","1000cp","2017Q1","2429.5"
"r_6","1","1","1000cp","2017Q1","1267.7"
"r_6","1","2","1000cp","2017Q1","1161.8"
"r_6","2","0","1000cp","2017Q1","607.1"
"r_6","2","1","1000cp","2017Q1","357"
"r_6","2","2","1000cp","2017Q1","250.2"
"r_7","0","0","1000cp","2017Q2","3171.7"
"r_7","0","1","1000cp","2017Q2","1681.4"
"r_7","0","2","1000cp","2017Q2","1490.4"
"r_7","1","0","1000cp","2017Q2","2497.2"
"r_7","1","1","1000cp","2017Q2","1295.4"
"r_7","1","2","1000cp","2017Q2","1201.8"
"r_7","2","0","1000cp","2017Q2","674.5"
"r_7","2","1","1000cp","2017Q2","386"
"r_7","2","2","1000cp","2017Q2","288.6"
"r_8","0","0","1000cp","2017Q3","3225"
"r_8","0","1","1000cp","2017Q3","1719.9"
"r_8","0","2","1000cp","2017Q3","1505.1"
"r_8","1","0","1000cp","2017Q3","2521.4"
"r_8","1","1","1000cp","2017Q3","1306.5"
"r_8","1","2","1000cp","2017Q3","1214.9"
"r_8","2","0","1000cp","2017Q3","703.6"
"r_8","2","1","1000cp","2017Q3","413.4"
"r_8","2","2","1000cp","2017Q3","290.1"
"r_9","0","0","1000cp","2017Q4","3167.6"
"r_9","0","1","1000cp","2017Q4","1704.3"
"r_9","0","2","1000cp","2017Q4","1463.3"
"r_9","1","0","1000cp","2017Q4","2492.8"
"r_9","1","1","1000cp","2017Q4","1301.6"
"r_9","1","2","1000cp","2017Q4","1191.2"
"r_9","2","0","1000cp","2017Q4","674.8"
"r_9","2","1","1000cp","2017Q4","402.7"
"r_9","2","2","1000cp","2017Q4","272.1"
"r_10","0","0","1000cp","2018Q1","3099.3"
"r_10","0","1","1000cp","2018Q1","1655.8"
"r_10","0","2","1000cp","2018Q1","1443.6"
"r_10","1","0","1000cp","2018Q1","2458.8"
"r_10","1","1","1000cp","2018Q1","1279.3"
"r_10","1","2","1000cp","2018Q1","1179.5"
"r_10","2","0","1000cp","2018Q1","640.5"
"r_10","2","1","1000cp","2018Q1","376.5"
"r_10","2","2","1000cp","2018Q1","264"
"r_11","0","0","1000cp","2018Q2","3157.1"
"r_11","0","1","1000cp","2018Q2","1678.1"
"r_11","0","2","1000cp","2018Q2","1479"
"r_11","1","0","1000cp","2018Q2","2487.8"
"r_11","1","1","1000cp","2018Q2","1287.2"
"r_11","1","2","1000cp","2018Q2","1200.6"
"r_11","2","0","1000cp","2018Q2","669.3"
"r_11","2","1","1000cp","2018Q2","390.9"
"r_11","2","2","1000cp","2018Q2","278.4"
"r_12","0","0","1000cp","2018Q3","3205.3"
"r_12","0","1","1000cp","2018Q3","1712.2"
"r_12","0","2","1000cp","2018Q3","1493.2"
"r_12","1","0","1000cp","2018Q3","2514"
"r_12","1","1","1000cp","2018Q3","1306.1"
"r_12","1","2","1000cp","2018Q3","1207.9"
"r_12","2","0","1000cp","2018Q3","691.4"
"r_12","2","1","1000cp","2018Q3","406.1"
"r_12","2","2","1000cp","2018Q3","285.2"
"r_13","0","0","1000cp","2018Q4","3148.9"
"r_13","0","1","1000cp","2018Q4","1695.3"
"r_13","0","2","1000cp","2018Q4","1453.6"
"r_13","1","0","1000cp","2018Q4","2488.6"
"r_13","1","1","1000cp","2018Q4","1305"
"r_13","1","2","1000cp","2018Q4","1183.5"
"r_13","2","0","1000cp","2018Q4","660.3"
"r_13","2","1","1000cp","2018Q4","390.2"
"r_13","2","2","1000cp","2018Q4","270.1"
"r_14","0","0","1000cp","2019Q1","3147.8"
"r_14","0","1","1000cp","2019Q1","1681.4"
"r_14","0","2","1000cp","2019Q1","1466.4"
"r_14","1","0","1000cp","2019Q1","2488.6"
"r_14","1","1","1000cp","2019Q1","1295.7"
"r_14","1","2","1000cp","2019Q1","1192.9"
"r_14","2","0","1000cp","2019Q1","659.2"
"r_14","2","1","1000cp","2019Q1","385.8"
"r_14","2","2","1000cp","2019Q1","273.5"
"r_15","0","0","1000cp","2019Q2","3262.8"
"r_15","0","1","1000cp","2019Q2","1733.2"
"r_15","0","2","1000cp","2019Q2","1529.7"
"r_15","1","0","1000cp","2019Q2","2555.4"
"r_15","1","1","1000cp","2019Q2","1322.6"
"r_15","1","2","1000cp","2019Q2","1232.8"
"r_15","2","0","1000cp","2019Q2","707.5"
"r_15","2","1","1000cp","2019Q2","410.6"
"r_15","2","2","1000cp","2019Q2","296.9"
"r_16","0","0","1000cp","2019Q3","3299.2"
"r_16","0","1","1000cp","2019Q3","1771.3"
"r_16","0","2","1000cp","2019Q3","1527.9"
"r_16","1","0","1000cp","2019Q3","2577"
"r_16","1","1","1000cp","2019Q3","1348.8"
"r_16","1","2","1000cp","2019Q3","1228.1"
"r_16","2","0","1000cp","2019Q3","722.2"
"r_16","2","1","1000cp","2019Q3","422.5"
"r_16","2","2","1000cp","2019Q3","299.8"
"r_17","0","0","1000cp","2019Q4","3222.7"
"r_17","0","1","1000cp","2019Q4","1742.3"
"r_17","0","2","1000cp","2019Q4","1480.4"
"r_17","1","0","1000cp","2019Q4","2536.1"
"r_17","1","1","1000cp","2019Q4","1333.4"
"r_17","1","2","1000cp","2019Q4","1202.7"
"r_17","2","0","1000cp","2019Q4","686.6"
"r_17","2","1","1000cp","2019Q4","408.9"
"r_17","2","2","1000cp","2019Q4","277.7"
"r_18","0","0","1000cp","2020Q1","3107.2"
"r_18","0","1","1000cp","2020Q1","1667.1"
"r_18","0","2","1000cp","2020Q1","1440.1"
"r_18","1","0","1000cp","2020Q1","2449.7"
"r_18","1","1","1000cp","2020Q1","1274"
"r_18","1","2","1000cp","2020Q1","1175.7"
"r_18","2","0","1000cp","2020Q1","657.5"
"r_18","2","1","1000cp","2020Q1","393"
"r_18","2","2","1000cp","2020Q1","264.4"
"r_19","0","0","1000cp","2020Q2","3079.6"
"r_19","0","1","1000cp","2020Q2","1642"
"r_19","0","2","1000cp","2020Q2","1437.6"
"r_19","1","0","1000cp","2020Q2","2402.1"
"r_19","1","1","1000cp","2020Q2","1244.2"
"r_19","1","2","1000cp","2020Q2","1158"
"r_19","2","0","1000cp","2020Q2","677.5"
"r_19","2","1","1000cp","2020Q2","397.8"
"r_19","2","2","1000cp","2020Q2","279.7"
"r_20","0","0","1000cp","2020Q3","3173.2"
"r_20","0","1","1000cp","2020Q3","1703"
"r_20","0","2","1000cp","2020Q3","1470.2"
"r_20","1","0","1000cp","2020Q3","2435.8"
"r_20","1","1","1000cp","2020Q3","1271.8"
"r_20","1","2","1000cp","2020Q3","1164"
"r_20","2","0","1000cp","2020Q3","737.4"
"r_20","2","1","1000cp","2020Q3","431.2"
"r_20","2","2","1000cp","2020Q3","306.3"
"r_21","0","0","1000cp","2020Q4","3126.9"
"r_21","0","1","1000cp","2020Q4","1692.3"
"r_21","0","2","1000cp","2020Q4","1434.5"
"r_21","1","0","1000cp","2020Q4","2429.9"
"r_21","1","1","1000cp","2020Q4","1275.3"
"r_21","1","2","1000cp","2020Q4","1154.7"
"r_21","2","0","1000cp","2020Q4","696.9"
"r_21","2","1","1000cp","2020Q4","417"
"r_21","2","2","1000cp","2020Q4","279.9"
"r_30","0","0","1000cp","2023Q1","2928"
"r_30","0","1","1000cp","2023Q1","1545.5"
"r_30","0","2","1000cp","2023Q1","1382.5"
"r_30","1","0","1000cp","2023Q1","2289"
"r_30","1","1","1000cp","2023Q1","1178.3"
"r_30","1","2","1000cp","2023Q1","1110.7"
"r_30","2","0","1000cp","2023Q1","639"
"r_30","2","1","1000cp","2023Q1","367.1"
"r_30","2","2","1000cp","2023Q1","271.8"
"r_31","0","0","1000cp","2023Q2","2914.3"
"r_31","0","1","1000cp","2023Q2","1545.1"
"r_31","0","2","1000cp","2023Q2","1369.3"
"r_31","1","0","1000cp","2023Q2","2274"
"r_31","1","1","1000cp","2023Q2","1174.6"
"r_31","1","2","1000cp","2023Q2","1099.4"
"r_31","2","0","1000cp","2023Q2","640.3"
"r_31","2","1","1000cp","2023Q2","370.5"
"r_31","2","2","1000cp","2023Q2","269.8"
"r_32","0","0","1000cp","2023Q3","2964.7"
"r_32","0","1","1000cp","2023Q3","1566.8"
"r_32","0","2","1000cp","2023Q3","1397.9"
"r_32","1","0","1000cp","2023Q3","2309.7"
"r_32","1","1","1000cp","2023Q3","1186.9"
"r_32","1","2","1000cp","2023Q3","1122.8"
"r_32","2","0","1000cp","2023Q3","655"
"r_32","2","1","1000cp","2023Q3","379.9"
"r_32","2","2","1000cp","2023Q3","275"
"r_33","0","0","1000cp","2022Q1","2868"
"r_33","0","1","1000cp","2022Q1","1519.9"
"r_33","0","2","1000cp","2022Q1","1348.1"
"r_33","1","0","1000cp","2022Q1","2259.2"
"r_33","1","1","1000cp","2022Q1","1165.9"
"r_33","1","2","1000cp","2022Q1","1093.3"
"r_33","2","0","1000cp","2022Q1","608.8"
"r_33","2","1","1000cp","2022Q1","354"
"r_33","2","2","1000cp","2022Q1","254.8"
"r_34","0","0","1000cp","2022Q2","2913.6"
"r_34","0","1","1000cp","2022Q2","1545.3"
"r_34","0","2","1000cp","2022Q2","1368.3"
"r_34","1","0","1000cp","2022Q2","2287"
"r_34","1","1","1000cp","2022Q2","1178"
"r_34","1","2","1000cp","2022Q2","1109"
"r_34","2","0","1000cp","2022Q2","626.6"
"r_34","2","1","1000cp","2022Q2","367.3"
"r_34","2","2","1000cp","2022Q2","259.3"
"r_35","0","0","1000cp","2022Q3","3000.2"
"r_35","0","1","1000cp","2022Q3","1597.5"
"r_35","0","2","1000cp","2022Q3","1402.7"
"r_35","1","0","1000cp","2022Q3","2340.4"
"r_35","1","1","1000cp","2022Q3","1210.4"
"r_35","1","2","1000cp","2022Q3","1130.1"
"r_35","2","0","1000cp","2022Q3","659.8"
"r_35","2","1","1000cp","2022Q3","387.2"
"r_35","2","2","1000cp","2022Q3","272.6"
"r_36","0","0","1000cp","2022Q4","2980.5"
"r_36","0","1","1000cp","2022Q4","1581.8"
"r_36","0","2","1000cp","2022Q4","1398.7"
"r_36","1","0","1000cp","2022Q4","2324.6"
"r_36","1","1","1000cp","2022Q4","1199"
"r_36","1","2","1000cp","2022Q4","1125.6"
"r_36","2","0","1000cp","2022Q4","655.9"
"r_36","2","1","1000cp","2022Q4","382.7"
"r_36","2","2","1000cp","2022Q4","273.2"
"r_37","0","0","1000cp","2023Q4","2920.6"
"r_37","0","1","1000cp","2023Q4","1556.5"
"r_37","0","2","1000cp","2023Q4","1364.1"
"r_37","1","0","1000cp","2023Q4","2285.3"
"r_37","1","1","1000cp","2023Q4","1184"
"r_37","1","2","1000cp","2023Q4","1101.2"
"r_37","2","0","1000cp","2023Q4","635.3"
"r_37","2","1","1000cp","2023Q4","372.5"
"r_37","2","2","1000cp","2023Q4","262.8"
"r_38","0","0","1000cp","2024Q1","2907.3"
"r_38","0","1","1000cp","2024Q1","1547.1"
"r_38","0","2","1000cp","2024Q1","1360.2"
"r_38","1","0","1000cp","2024Q1","2279.3"
"r_38","1","1","1000cp","2024Q1","1179.5"
"r_38","1","2","1000cp","2024Q1","1099.7"
"r_38","2","0","1000cp","2024Q1","628.1"
"r_38","2","1","1000cp","2024Q1","367.6"
"r_38","2","2","1000cp","2024Q1","260.5"
"r_39","0","0","1000cp","2021Q1","2838.8"
"r_39","0","1","1000cp","2021Q1","1517.4"
"r_39","0","2","1000cp","2021Q1","1321.4"
"r_39","1","0","1000cp","2021Q1","2228.1"
"r_39","1","1","1000cp","2021Q1","1152.7"
"r_39","1","2","1000cp","2021Q1","1075.4"
"r_39","2","0","1000cp","2021Q1","610.7"
"r_39","2","1","1000cp","2021Q1","364.6"
"r_39","2","2","1000cp","2021Q1","246"
"r_40","0","0","1000cp","2021Q2","2866.3"
"r_40","0","1","1000cp","2021Q2","1532.2"
"r_40","0","2","1000cp","2021Q2","1334.2"
"r_40","1","0","1000cp","2021Q2","2240.5"
"r_40","1","1","1000cp","2021Q2","1161.9"
"r_40","1","2","1000cp","2021Q2","1078.6"
"r_40","2","0","1000cp","2021Q2","625.8"
"r_40","2","1","1000cp","2021Q2","370.3"
"r_40","2","2","1000cp","2021Q2","255.5"
"r_41","0","0","1000cp","2021Q3","2927.8"
"r_41","0","1","1000cp","2021Q3","1560.6"
"r_41","0","2","1000cp","2021Q3","1367.3"
"r_41","1","0","1000cp","2021Q3","2280"
"r_41","1","1","1000cp","2021Q3","1181.1"
"r_41","1","2","1000cp","2021Q3","1098.9"
"r_41","2","0","1000cp","2021Q3","647.8"
"r_41","2","1","1000cp","2021Q3","379.4"
"r_41","2","2","1000cp","2021Q3","268.4"
"r_42","0","0","1000cp","2021Q4","2875.8"
"r_42","0","1","1000cp","2021Q4","1532.2"
"r_42","0","2","1000cp","2021Q4","1343.7"
"r_42","1","0","1000cp","2021Q4","2254.9"
"r_42","1","1","1000cp","2021Q4","1168.1"
"r_42","1","2","1000cp","2021Q4","1086.7"
"r_42","2","0","1000cp","2021Q4","621"
"r_42","2","1","1000cp","2021Q4","364"
"r_42","2","2","1000cp","2021Q4","257"
"r_43","0","0","1000cp","2024Q2","2930.3"
"r_43","0","1","1000cp","2024Q2","1553.8"
"r_43","0","2","1000cp","2024Q2","1376.5"
"r_43","1","0","1000cp","2024Q2","2279.8"
"r_43","1","1","1000cp","2024Q2","1178.5"
"r_43","1","2","1000cp","2024Q2","1101.3"
"r_43","2","0","1000cp","2024Q2","650.5"
"r_43","2","1","1000cp","2024Q2","375.4"
"r_43","2","2","1000cp","2024Q2","275.2"
"r_44","0","0","1000cp","2024Q3","2964.8"
"r_44","0","1","1000cp","2024Q3","1571.2"
"r_44","0","2","1000cp","2024Q3","1393.5"
"r_44","1","0","1000cp","2024Q3","2301.4"
"r_44","1","1","1000cp","2024Q3","1190.6"
"r_44","1","2","1000cp","2024Q3","1110.7"
"r_44","2","0","1000cp","2024Q3","663.4"
"r_44","2","1","1000cp","2024Q3","380.6"
"r_44","2","2","1000cp","2024Q3","282.8"
"r_45","0","0","1000cp","2024Q4","2929.1"
"r_45","0","1","1000cp","2024Q4","1544.4"
"r_45","0","2","1000cp","2024Q4","1384.7"
"r_45","1","0","1000cp","2024Q4","2297.8"
"r_45","1","1","1000cp","2024Q4","1181.4"
"r_45","1","2","1000cp","2024Q4","1116.4"
"r_45","2","0","1000cp","2024Q4","631.3"
"r_45","2","1","1000cp","2024Q4","363"
"r_45","2","2","1000cp","2024Q4","268.3"
"r_46","0","0","1000cp","2025Q1","2910.9"
"r_46","0","1","1000cp","2025Q1","1546.1"
"r_46","0","2","1000cp","2025Q1","1364.8"
"r_46","1","0","1000cp","2025Q1","2291.7"
"r_46","1","1","1000cp","2025Q1","1185"
"r_46","1","2","1000cp","2025Q1","1106.7"
"r_46","2","0","1000cp","2025Q1","619.2"
"r_46","2","1","1000cp","2025Q1","361.1"
"r_46","2","2","1000cp","2025Q1","258.1"
"r_47","0","0","1000cp","2025Q2","2934.1"
"r_47","0","1","1000cp","2025Q2","1554.2"
"r_47","0","2","1000cp","2025Q2","1379.9"
"r_47","1","0","1000cp","2025Q2","2286.8"
"r_47","1","1","1000cp","2025Q2","1180.7"
"r_47","1","2","1000cp","2025Q2","1106.1"
"r_47","2","0","1000cp","2025Q2","647.3"
"r_47","2","1","1000cp","2025Q2","373.5"
"r_47","2","2","1000cp","2025Q2","273.9"
"r_48","0","0","1000cp","2025Q3","2956"
"r_48","0","1","1000cp","2025Q3","1563"
"r_48","0","2","1000cp","2025Q3","1392.9"
"r_48","1","0","1000cp","2025Q3","2302"
"r_48","1","1","1000cp","2025Q3","1188"
"r_48","1","2","1000cp","2025Q3","1114"
"r_48","2","0","1000cp","2025Q3","654"
"r_48","2","1","1000cp","2025Q3","375"
"r_48","2","2","1000cp","2025Q3","279"