RevisionColumn,periods,Units,GenderID,NUTS,ValueColumn
"r_2","2003Q1","1000cp","0","BG","499.6"
"r_2","2003Q1","1000cp","1","BG","277.8"
"r_2","2003Q1","1000cp","2","BG","221.8"
"r_2","2003Q1","1000cp","0","BG31","54"
"r_2","2003Q1","1000cp","1","BG31","31.7"
"r_2","2003Q1","1000cp","2","BG31","22.3"
"r_2","2003Q1","1000cp","0","BG32","64.3"
"r_2","2003Q1","1000cp","1","BG32","40.2"
"r_2","2003Q1","1000cp","2","BG32","24.1"
"r_2","2003Q1","1000cp","0","BG33","88.5"
"r_2","2003Q1","1000cp","1","BG33","46.5"
"r_2","2003Q1","1000cp","2","BG33","42"
"r_2","2003Q1","1000cp","0","BG34","85.5"
"r_2","2003Q1","1000cp","1","BG34","47.4"
"r_2","2003Q1","1000cp","2","BG34","38.1"
"r_2","2003Q1","1000cp","0","BG41","128.8"
"r_2","2003Q1","1000cp","1","BG41","65.1"
"r_2","2003Q1","1000cp","2","BG41","63.6"
"r_2","2003Q1","1000cp","0","BG42","78.5"
"r_2","2003Q1","1000cp","1","BG42","46.9"
"r_2","2003Q1","1000cp","2","BG42","31.5"
"r_2","2003Q2","1000cp","0","BG","457.3"
"r_2","2003Q2","1000cp","1","BG","252.1"
"r_2","2003Q2","1000cp","2","BG","205.2"
"r_2","2003Q2","1000cp","0","BG31","44"
"r_2","2003Q2","1000cp","1","BG31","26.8"
"r_2","2003Q2","1000cp","2","BG31","17.2"
"r_2","2003Q2","1000cp","0","BG32","58.9"
"r_2","2003Q2","1000cp","1","BG32","32.4"
"r_2","2003Q2","1000cp","2","BG32","26.5"
"r_2","2003Q2","1000cp","0","BG33","91.9"
"r_2","2003Q2","1000cp","1","BG33","46.1"
"r_2","2003Q2","1000cp","2","BG33","45.8"
"r_2","2003Q2","1000cp","0","BG34","75.7"
"r_2","2003Q2","1000cp","1","BG34","39.5"
"r_2","2003Q2","1000cp","2","BG34","36.2"
"r_2","2003Q2","1000cp","0","BG41","109.7"
"r_2","2003Q2","1000cp","1","BG41","61.8"
"r_2","2003Q2","1000cp","2","BG41","47.9"
"r_2","2003Q2","1000cp","0","BG42","77.1"
"r_2","2003Q2","1000cp","1","BG42","45.4"
"r_2","2003Q2","1000cp","2","BG42","31.7"
"r_2","2003Q3","1000cp","0","BG","426.3"
"r_2","2003Q3","1000cp","1","BG","228.5"
"r_2","2003Q3","1000cp","2","BG","197.8"
"r_2","2003Q3","1000cp","0","BG31","55.7"
"r_2","2003Q3","1000cp","1","BG31","32.3"
"r_2","2003Q3","1000cp","2","BG31","23.4"
"r_2","2003Q3","1000cp","0","BG32","56.6"
"r_2","2003Q3","1000cp","1","BG32","28.8"
"r_2","2003Q3","1000cp","2","BG32","27.8"
"r_2","2003Q3","1000cp","0","BG33","88.8"
"r_2","2003Q3","1000cp","1","BG33","43.4"
"r_2","2003Q3","1000cp","2","BG33","45.3"
"r_2","2003Q3","1000cp","0","BG34","58.9"
"r_2","2003Q3","1000cp","1","BG34","29.3"
"r_2","2003Q3","1000cp","2","BG34","29.6"
"r_2","2003Q3","1000cp","0","BG41","102.5"
"r_2","2003Q3","1000cp","1","BG41","56.1"
"r_2","2003Q3","1000cp","2","BG41","46.5"
"r_2","2003Q3","1000cp","0","BG42","63.8"
"r_2","2003Q3","1000cp","1","BG42","38.6"
"r_2","2003Q3","1000cp","2","BG42","25.2"
"r_2","2003Q4","1000cp","0","BG","411.4"
"r_2","2003Q4","1000cp","1","BG","223.2"
"r_2","2003Q4","1000cp","2","BG","188.3"
"r_2","2003Q4","1000cp","0","BG31","51.9"
"r_2","2003Q4","1000cp","1","BG31","29.9"
"r_2","2003Q4","1000cp","2","BG31","22"
"r_2","2003Q4","1000cp","0","BG32","61.7"
"r_2","2003Q4","1000cp","1","BG32","32.7"
"r_2","2003Q4","1000cp","2","BG32","28.9"
"r_2","2003Q4","1000cp","0","BG33","83.4"
"r_2","2003Q4","1000cp","1","BG33","45.1"
"r_2","2003Q4","1000cp","2","BG33","38.3"
"r_2","2003Q4","1000cp","0","BG34","60"
"r_2","2003Q4","1000cp","1","BG34","29.1"
"r_2","2003Q4","1000cp","2","BG34","30.9"
"r_2","2003Q4","1000cp","0","BG41","92.4"
"r_2","2003Q4","1000cp","1","BG41","52.3"
"r_2","2003Q4","1000cp","2","BG41","40.1"
"r_2","2003Q4","1000cp","0","BG42","62"
"r_2","2003Q4","1000cp","1","BG42","34.1"
"r_2","2003Q4","1000cp","2","BG42","27.9"
"r_2","2004Q1","1000cp","0","BG","428.8"
"r_2","2004Q1","1000cp","1","BG","237.8"
"r_2","2004Q1","1000cp","2","BG","191"
"r_2","2004Q1","1000cp","0","BG31","47.8"
"r_2","2004Q1","1000cp","1","BG31","28.9"
"r_2","2004Q1","1000cp","2","BG31","18.9"
"r_2","2004Q1","1000cp","0","BG32","63.2"
"r_2","2004Q1","1000cp","1","BG32","35.7"
"r_2","2004Q1","1000cp","2","BG32","27.5"
"r_2","2004Q1","1000cp","0","BG33","91.2"
"r_2","2004Q1","1000cp","1","BG33","47.3"
"r_2","2004Q1","1000cp","2","BG33","43.9"
"r_2","2004Q1","1000cp","0","BG34","63.5"
"r_2","2004Q1","1000cp","1","BG34","33.3"
"r_2","2004Q1","1000cp","2","BG34","30.2"
"r_2","2004Q1","1000cp","0","BG41","90.9"
"r_2","2004Q1","1000cp","1","BG41","51.5"
"r_2","2004Q1","1000cp","2","BG41","39.4"
"r_2","2004Q1","1000cp","0","BG42","72.1"
"r_2","2004Q1","1000cp","1","BG42","41"
"r_2","2004Q1","1000cp","2","BG42","31.1"
"r_2","2004Q2","1000cp","0","BG","406.1"
"r_2","2004Q2","1000cp","1","BG","222.7"
"r_2","2004Q2","1000cp","2","BG","183.4"
"r_2","2004Q2","1000cp","0","BG31","45.9"
"r_2","2004Q2","1000cp","1","BG31","28.2"
"r_2","2004Q2","1000cp","2","BG31","17.7"
"r_2","2004Q2","1000cp","0","BG32","60.4"
"r_2","2004Q2","1000cp","1","BG32","37.1"
"r_2","2004Q2","1000cp","2","BG32","23.3"
"r_2","2004Q2","1000cp","0","BG33","78.9"
"r_2","2004Q2","1000cp","1","BG33","37.4"
"r_2","2004Q2","1000cp","2","BG33","41.5"
"r_2","2004Q2","1000cp","0","BG34","63.8"
"r_2","2004Q2","1000cp","1","BG34","34.2"
"r_2","2004Q2","1000cp","2","BG34","29.7"
"r_2","2004Q2","1000cp","0","BG41","91.9"
"r_2","2004Q2","1000cp","1","BG41","47.5"
"r_2","2004Q2","1000cp","2","BG41","44.4"
"r_2","2004Q2","1000cp","0","BG42","65.1"
"r_2","2004Q2","1000cp","1","BG42","38.3"
"r_2","2004Q2","1000cp","2","BG42","26.9"
"r_2","2004Q3","1000cp","0","BG","373"
"r_2","2004Q3","1000cp","1","BG","207.3"
"r_2","2004Q3","1000cp","2","BG","165.8"
"r_2","2004Q3","1000cp","0","BG31","45.5"
"r_2","2004Q3","1000cp","1","BG31","27.2"
"r_2","2004Q3","1000cp","2","BG31","18.3"
"r_2","2004Q3","1000cp","0","BG32","52.8"
"r_2","2004Q3","1000cp","1","BG32","29.7"
"r_2","2004Q3","1000cp","2","BG32","23.1"
"r_2","2004Q3","1000cp","0","BG33","65.1"
"r_2","2004Q3","1000cp","1","BG33","34.4"
"r_2","2004Q3","1000cp","2","BG33","30.7"
"r_2","2004Q3","1000cp","0","BG34","51.4"
"r_2","2004Q3","1000cp","1","BG34","26.6"
"r_2","2004Q3","1000cp","2","BG34","24.8"
"r_2","2004Q3","1000cp","0","BG41","93.7"
"r_2","2004Q3","1000cp","1","BG41","52.6"
"r_2","2004Q3","1000cp","2","BG41","41.1"
"r_2","2004Q3","1000cp","0","BG42","64.5"
"r_2","2004Q3","1000cp","1","BG42","36.8"
"r_2","2004Q3","1000cp","2","BG42","27.7"
"r_2","2004Q4","1000cp","0","BG","391"
"r_2","2004Q4","1000cp","1","BG","220"
"r_2","2004Q4","1000cp","2","BG","170.9"
"r_2","2004Q4","1000cp","0","BG31","45.6"
"r_2","2004Q4","1000cp","1","BG31","26.5"
"r_2","2004Q4","1000cp","2","BG31","19.2"
"r_2","2004Q4","1000cp","0","BG32","49.3"
"r_2","2004Q4","1000cp","1","BG32","29.3"
"r_2","2004Q4","1000cp","2","BG32","20"
"r_2","2004Q4","1000cp","0","BG33","69.9"
"r_2","2004Q4","1000cp","1","BG33","36.6"
"r_2","2004Q4","1000cp","2","BG33","33.4"
"r_2","2004Q4","1000cp","0","BG34","46.8"
"r_2","2004Q4","1000cp","1","BG34","26.4"
"r_2","2004Q4","1000cp","2","BG34","20.4"
"r_2","2004Q4","1000cp","0","BG41","92.6"
"r_2","2004Q4","1000cp","1","BG41","52.1"
"r_2","2004Q4","1000cp","2","BG41","40.5"
"r_2","2004Q4","1000cp","0","BG42","86.7"
"r_2","2004Q4","1000cp","1","BG42","49.3"
"r_2","2004Q4","1000cp","2","BG42","37.4"
"r_2","2005Q1","1000cp","0","BG","362.3"
"r_2","2005Q1","1000cp","1","BG","200.2"
"r_2","2005Q1","1000cp","2","BG","162.1"
"r_2","2005Q1","1000cp","0","BG31","42.1"
"r_2","2005Q1","1000cp","1","BG31","23.9"
"r_2","2005Q1","1000cp","2","BG31","18.3"
"r_2","2005Q1","1000cp","0","BG32","44.2"
"r_2","2005Q1","1000cp","1","BG32","27.5"
"r_2","2005Q1","1000cp","2","BG32","16.7"
"r_2","2005Q1","1000cp","0","BG33","68.4"
"r_2","2005Q1","1000cp","1","BG33","33.3"
"r_2","2005Q1","1000cp","2","BG33","35.1"
"r_2","2005Q1","1000cp","0","BG34","45.7"
"r_2","2005Q1","1000cp","1","BG34","24.6"
"r_2","2005Q1","1000cp","2","BG34","21.1"
"r_2","2005Q1","1000cp","0","BG41","80.7"
"r_2","2005Q1","1000cp","1","BG41","44.7"
"r_2","2005Q1","1000cp","2","BG41","36"
"r_2","2005Q1","1000cp","0","BG42","81.2"
"r_2","2005Q1","1000cp","1","BG42","46.1"
"r_2","2005Q1","1000cp","2","BG42","35"
"r_2","2005Q2","1000cp","0","BG","332.9"
"r_2","2005Q2","1000cp","1","BG","183.8"
"r_2","2005Q2","1000cp","2","BG","149.1"
"r_2","2005Q2","1000cp","0","BG31","41.5"
"r_2","2005Q2","1000cp","1","BG31","23"
"r_2","2005Q2","1000cp","2","BG31","18.6"
"r_2","2005Q2","1000cp","0","BG32","50.3"
"r_2","2005Q2","1000cp","1","BG32","31.1"
"r_2","2005Q2","1000cp","2","BG32","19.2"
"r_2","2005Q2","1000cp","0","BG33","51.2"
"r_2","2005Q2","1000cp","1","BG33","25.2"
"r_2","2005Q2","1000cp","2","BG33","26"
"r_2","2005Q2","1000cp","0","BG34","41.6"
"r_2","2005Q2","1000cp","1","BG34","21.2"
"r_2","2005Q2","1000cp","2","BG34","20.4"
"r_2","2005Q2","1000cp","0","BG41","78.8"
"r_2","2005Q2","1000cp","1","BG41","43.5"
"r_2","2005Q2","1000cp","2","BG41","35.3"
"r_2","2005Q2","1000cp","0","BG42","69.4"
"r_2","2005Q2","1000cp","1","BG42","39.8"
"r_2","2005Q2","1000cp","2","BG42","29.6"
"r_2","2005Q3","1000cp","0","BG","312.9"
"r_2","2005Q3","1000cp","1","BG","167.8"
"r_2","2005Q3","1000cp","2","BG","145.1"
"r_2","2005Q3","1000cp","0","BG31","47.6"
"r_2","2005Q3","1000cp","1","BG31","27.1"
"r_2","2005Q3","1000cp","2","BG31","20.5"
"r_2","2005Q3","1000cp","0","BG32","50.2"
"r_2","2005Q3","1000cp","1","BG32","27.8"
"r_2","2005Q3","1000cp","2","BG32","22.4"
"r_2","2005Q3","1000cp","0","BG33","47.4"
"r_2","2005Q3","1000cp","1","BG33","22"
"r_2","2005Q3","1000cp","2","BG33","25.4"
"r_2","2005Q3","1000cp","0","BG34","28.6"
"r_2","2005Q3","1000cp","1","BG34","13.4"
"r_2","2005Q3","1000cp","2","BG34","15.2"
"r_2","2005Q3","1000cp","0","BG41","71.5"
"r_2","2005Q3","1000cp","1","BG41","39.4"
"r_2","2005Q3","1000cp","2","BG41","32.1"
"r_2","2005Q3","1000cp","0","BG42","67.7"
"r_2","2005Q3","1000cp","1","BG42","38.1"
"r_2","2005Q3","1000cp","2","BG42","29.6"
"r_2","2005Q4","1000cp","0","BG","328.5"
"r_2","2005Q4","1000cp","1","BG","179"
"r_2","2005Q4","1000cp","2","BG","149.5"
"r_2","2005Q4","1000cp","0","BG31","49.6"
"r_2","2005Q4","1000cp","1","BG31","25.6"
"r_2","2005Q4","1000cp","2","BG31","24"
"r_2","2005Q4","1000cp","0","BG32","51.8"
"r_2","2005Q4","1000cp","1","BG32","29.2"
"r_2","2005Q4","1000cp","2","BG32","22.6"
"r_2","2005Q4","1000cp","0","BG33","46.7"
"r_2","2005Q4","1000cp","1","BG33","23.5"
"r_2","2005Q4","1000cp","2","BG33","23.2"
"r_2","2005Q4","1000cp","0","BG34","38.8"
"r_2","2005Q4","1000cp","1","BG34","22.6"
"r_2","2005Q4","1000cp","2","BG34","16.2"
"r_2","2005Q4","1000cp","0","BG41","70"
"r_2","2005Q4","1000cp","1","BG41","39.9"
"r_2","2005Q4","1000cp","2","BG41","30.1"
"r_2","2005Q4","1000cp","0","BG42","71.6"
"r_2","2005Q4","1000cp","1","BG42","38.2"
"r_2","2005Q4","1000cp","2","BG42","33.4"
"r_2","2006Q1","1000cp","0","BG","315.2"
"r_2","2006Q1","1000cp","1","BG","164.7"
"r_2","2006Q1","1000cp","2","BG","150.6"
"r_2","2006Q1","1000cp","0","BG31","41.5"
"r_2","2006Q1","1000cp","1","BG31","19.4"
"r_2","2006Q1","1000cp","2","BG31","22.1"
"r_2","2006Q1","1000cp","0","BG32","48.6"
"r_2","2006Q1","1000cp","1","BG32","26.8"
"r_2","2006Q1","1000cp","2","BG32","21.8"
"r_2","2006Q1","1000cp","0","BG33","49.4"
"r_2","2006Q1","1000cp","1","BG33","25.3"
"r_2","2006Q1","1000cp","2","BG33","24.1"
"r_2","2006Q1","1000cp","0","BG34","41.4"
"r_2","2006Q1","1000cp","1","BG34","20.9"
"r_2","2006Q1","1000cp","2","BG34","20.6"
"r_2","2006Q1","1000cp","0","BG41","73.5"
"r_2","2006Q1","1000cp","1","BG41","41"
"r_2","2006Q1","1000cp","2","BG41","32.4"
"r_2","2006Q1","1000cp","0","BG42","60.7"
"r_2","2006Q1","1000cp","1","BG42","31.2"
"r_2","2006Q1","1000cp","2","BG42","29.5"
"r_2","2006Q2","1000cp","0","BG","308.9"
"r_2","2006Q2","1000cp","1","BG","159.3"
"r_2","2006Q2","1000cp","2","BG","149.6"
"r_2","2006Q2","1000cp","0","BG31","37.9"
"r_2","2006Q2","1000cp","1","BG31","22.7"
"r_2","2006Q2","1000cp","2","BG31","15.2"
"r_2","2006Q2","1000cp","0","BG32","55.3"
"r_2","2006Q2","1000cp","1","BG32","27.8"
"r_2","2006Q2","1000cp","2","BG32","27.4"
"r_2","2006Q2","1000cp","0","BG33","49.2"
"r_2","2006Q2","1000cp","1","BG33","21.9"
"r_2","2006Q2","1000cp","2","BG33","27.4"
"r_2","2006Q2","1000cp","0","BG34","40.1"
"r_2","2006Q2","1000cp","1","BG34","19.3"
"r_2","2006Q2","1000cp","2","BG34","20.8"
"r_2","2006Q2","1000cp","0","BG41","68.4"
"r_2","2006Q2","1000cp","1","BG41","38.6"
"r_2","2006Q2","1000cp","2","BG41","29.8"
"r_2","2006Q2","1000cp","0","BG42","58.1"
"r_2","2006Q2","1000cp","1","BG42","29"
"r_2","2006Q2","1000cp","2","BG42","29"
"r_2","2006Q3","1000cp","0","BG","310.4"
"r_2","2006Q3","1000cp","1","BG","153.8"
"r_2","2006Q3","1000cp","2","BG","156.7"
"r_2","2006Q3","1000cp","0","BG31","42.2"
"r_2","2006Q3","1000cp","1","BG31","21"
"r_2","2006Q3","1000cp","2","BG31","21.3"
"r_2","2006Q3","1000cp","0","BG32","58.8"
"r_2","2006Q3","1000cp","1","BG32","28"
"r_2","2006Q3","1000cp","2","BG32","30.9"
"r_2","2006Q3","1000cp","0","BG33","54.1"
"r_2","2006Q3","1000cp","1","BG33","25.7"
"r_2","2006Q3","1000cp","2","BG33","28.4"
"r_2","2006Q3","1000cp","0","BG34","34.6"
"r_2","2006Q3","1000cp","1","BG34","16.8"
"r_2","2006Q3","1000cp","2","BG34","17.8"
"r_2","2006Q3","1000cp","0","BG41","71.8"
"r_2","2006Q3","1000cp","1","BG41","38.2"
"r_2","2006Q3","1000cp","2","BG41","33.6"
"r_2","2006Q3","1000cp","0","BG42","49"
"r_2","2006Q3","1000cp","1","BG42","24.1"
"r_2","2006Q3","1000cp","2","BG42","24.8"
"r_2","2006Q4","1000cp","0","BG","288.4"
"r_2","2006Q4","1000cp","1","BG","147.8"
"r_2","2006Q4","1000cp","2","BG","140.6"
"r_2","2006Q4","1000cp","0","BG31","40.7"
"r_2","2006Q4","1000cp","1","BG31","20.4"
"r_2","2006Q4","1000cp","2","BG31","20.4"
"r_2","2006Q4","1000cp","0","BG32","56.4"
"r_2","2006Q4","1000cp","1","BG32","28.8"
"r_2","2006Q4","1000cp","2","BG32","27.6"
"r_2","2006Q4","1000cp","0","BG33","46.7"
"r_2","2006Q4","1000cp","1","BG33","23.7"
"r_2","2006Q4","1000cp","2","BG33","22.9"
"r_2","2006Q4","1000cp","0","BG34","40.5"
"r_2","2006Q4","1000cp","1","BG34","21.2"
"r_2","2006Q4","1000cp","2","BG34","19.3"
"r_2","2006Q4","1000cp","0","BG41","55.4"
"r_2","2006Q4","1000cp","1","BG41","28"
"r_2","2006Q4","1000cp","2","BG41","27.4"
"r_2","2006Q4","1000cp","0","BG42","48.7"
"r_2","2006Q4","1000cp","1","BG42","25.7"
"r_2","2006Q4","1000cp","2","BG42","23.1"
"r_2","2007Q1","1000cp","0","BG","272.7"
"r_2","2007Q1","1000cp","1","BG","138.5"
"r_2","2007Q1","1000cp","2","BG","134.2"
"r_2","2007Q1","1000cp","0","BG31","35"
"r_2","2007Q1","1000cp","1","BG31","20.4"
"r_2","2007Q1","1000cp","2","BG31","14.6"
"r_2","2007Q1","1000cp","0","BG32","51.5"
"r_2","2007Q1","1000cp","1","BG32","29.3"
"r_2","2007Q1","1000cp","2","BG32","22.2"
"r_2","2007Q1","1000cp","0","BG33","58.7"
"r_2","2007Q1","1000cp","1","BG33","27.4"
"r_2","2007Q1","1000cp","2","BG33","31.3"
"r_2","2007Q1","1000cp","0","BG34","34.9"
"r_2","2007Q1","1000cp","1","BG34","17.7"
"r_2","2007Q1","1000cp","2","BG34","17.1"
"r_2","2007Q1","1000cp","0","BG41","43.9"
"r_2","2007Q1","1000cp","1","BG41","18.9"
"r_2","2007Q1","1000cp","2","BG41","25"
"r_2","2007Q1","1000cp","0","BG42","48.7"
"r_2","2007Q1","1000cp","1","BG42","24.7"
"r_2","2007Q1","1000cp","2","BG42","24"
"r_2","2007Q2","1000cp","0","BG","237.8"
"r_2","2007Q2","1000cp","1","BG","125.3"
"r_2","2007Q2","1000cp","2","BG","112.6"
"r_2","2007Q2","1000cp","0","BG31","31.1"
"r_2","2007Q2","1000cp","1","BG31","17.4"
"r_2","2007Q2","1000cp","2","BG31","13.6"
"r_2","2007Q2","1000cp","0","BG32","42.2"
"r_2","2007Q2","1000cp","1","BG32","24.7"
"r_2","2007Q2","1000cp","2","BG32","17.5"
"r_2","2007Q2","1000cp","0","BG33","54"
"r_2","2007Q2","1000cp","1","BG33","26.1"
"r_2","2007Q2","1000cp","2","BG33","27.8"
"r_2","2007Q2","1000cp","0","BG34","29.1"
"r_2","2007Q2","1000cp","1","BG34","16"
"r_2","2007Q2","1000cp","2","BG34","13"
"r_2","2007Q2","1000cp","0","BG41","45.3"
"r_2","2007Q2","1000cp","1","BG41","25"
"r_2","2007Q2","1000cp","2","BG41","20.3"
"r_2","2007Q2","1000cp","0","BG42","36.3"
"r_2","2007Q2","1000cp","1","BG42","16"
"r_2","2007Q2","1000cp","2","BG42","20.2"
"r_2","2007Q3","1000cp","0","BG","235.1"
"r_2","2007Q3","1000cp","1","BG","113.5"
"r_2","2007Q3","1000cp","2","BG","121.6"
"r_2","2007Q3","1000cp","0","BG31","34.7"
"r_2","2007Q3","1000cp","1","BG31","15.7"
"r_2","2007Q3","1000cp","2","BG31","19.1"
"r_2","2007Q3","1000cp","0","BG32","43.1"
"r_2","2007Q3","1000cp","1","BG32","23"
"r_2","2007Q3","1000cp","2","BG32","20.1"
"r_2","2007Q3","1000cp","0","BG33","47.6"
"r_2","2007Q3","1000cp","1","BG33","20.4"
"r_2","2007Q3","1000cp","2","BG33","27.3"
"r_2","2007Q3","1000cp","0","BG34","33.5"
"r_2","2007Q3","1000cp","1","BG34","16.9"
"r_2","2007Q3","1000cp","2","BG34","16.7"
"r_2","2007Q3","1000cp","0","BG41","41.5"
"r_2","2007Q3","1000cp","1","BG41","22.5"
"r_2","2007Q3","1000cp","2","BG41","19.1"
"r_2","2007Q3","1000cp","0","BG42","34.5"
"r_2","2007Q3","1000cp","1","BG42","15"
"r_2","2007Q3","1000cp","2","BG42","19.4"
"r_2","2007Q4","1000cp","0","BG","215.3"
"r_2","2007Q4","1000cp","1","BG","105.5"
"r_2","2007Q4","1000cp","2","BG","109.8"
"r_2","2007Q4","1000cp","0","BG31","35"
"r_2","2007Q4","1000cp","1","BG31","16.9"
"r_2","2007Q4","1000cp","2","BG31","18.2"
"r_2","2007Q4","1000cp","0","BG32","39.4"
"r_2","2007Q4","1000cp","1","BG32","22.2"
"r_2","2007Q4","1000cp","2","BG32","17.2"
"r_2","2007Q4","1000cp","0","BG33","40.7"
"r_2","2007Q4","1000cp","1","BG33","18.1"
"r_2","2007Q4","1000cp","2","BG33","22.6"
"r_2","2007Q4","1000cp","0","BG34","29.1"
"r_2","2007Q4","1000cp","1","BG34","14.9"
"r_2","2007Q4","1000cp","2","BG34","14.2"
"r_2","2007Q4","1000cp","0","BG41","38"
"r_2","2007Q4","1000cp","1","BG41","18.7"
"r_2","2007Q4","1000cp","2","BG41","19.3"
"r_2","2007Q4","1000cp","0","BG42","33.1"
"r_2","2007Q4","1000cp","1","BG42","14.7"
"r_2","2007Q4","1000cp","2","BG42","18.4"
"r_2","2008Q1","1000cp","0","BG","228.8"
"r_2","2008Q1","1000cp","1","BG","119"
"r_2","2008Q1","1000cp","2","BG","109.9"
"r_2","2008Q1","1000cp","0","BG31","30.4"
"r_2","2008Q1","1000cp","1","BG31","17.4"
"r_2","2008Q1","1000cp","2","BG31","13.1"
"r_2","2008Q1","1000cp","0","BG32","38.2"
"r_2","2008Q1","1000cp","1","BG32","21.8"
"r_2","2008Q1","1000cp","2","BG32","16.4"
"r_2","2008Q1","1000cp","0","BG33","46.2"
"r_2","2008Q1","1000cp","1","BG33","22.9"
"r_2","2008Q1","1000cp","2","BG33","23.3"
"r_2","2008Q1","1000cp","0","BG34","36.6"
"r_2","2008Q1","1000cp","1","BG34","19.5"
"r_2","2008Q1","1000cp","2","BG34","17.1"
"r_2","2008Q1","1000cp","0","BG41","37.9"
"r_2","2008Q1","1000cp","1","BG41","18.6"
"r_2","2008Q1","1000cp","2","BG41","19.3"
"r_2","2008Q1","1000cp","0","BG42","39.5"
"r_2","2008Q1","1000cp","1","BG42","18.8"
"r_2","2008Q1","1000cp","2","BG42","20.7"
"r_2","2008Q2","1000cp","0","BG","207.2"
"r_2","2008Q2","1000cp","1","BG","106.6"
"r_2","2008Q2","1000cp","2","BG","100.6"
"r_2","2008Q2","1000cp","0","BG31","26.9"
"r_2","2008Q2","1000cp","1","BG31","16.1"
"r_2","2008Q2","1000cp","2","BG31","10.7"
"r_2","2008Q2","1000cp","0","BG32","38.2"
"r_2","2008Q2","1000cp","1","BG32","20"
"r_2","2008Q2","1000cp","2","BG32","18.2"
"r_2","2008Q2","1000cp","0","BG33","45.7"
"r_2","2008Q2","1000cp","1","BG33","21.8"
"r_2","2008Q2","1000cp","2","BG33","23.9"
"r_2","2008Q2","1000cp","0","BG34","28.9"
"r_2","2008Q2","1000cp","1","BG34","16.4"
"r_2","2008Q2","1000cp","2","BG34","12.5"
"r_2","2008Q2","1000cp","0","BG41","32.9"
"r_2","2008Q2","1000cp","1","BG41","14.6"
"r_2","2008Q2","1000cp","2","BG41","18.3"
"r_2","2008Q2","1000cp","0","BG42","34.6"
"r_2","2008Q2","1000cp","1","BG42","17.6"
"r_2","2008Q2","1000cp","2","BG42","17"
"r_2","2008Q3","1000cp","0","BG","185.1"
"r_2","2008Q3","1000cp","1","BG","96.8"
"r_2","2008Q3","1000cp","2","BG","88.3"
"r_2","2008Q3","1000cp","0","BG31","26.2"
"r_2","2008Q3","1000cp","1","BG31","14.1"
"r_2","2008Q3","1000cp","2","BG31","12"
"r_2","2008Q3","1000cp","0","BG32","32.7"
"r_2","2008Q3","1000cp","1","BG32","18"
"r_2","2008Q3","1000cp","2","BG32","14.8"
"r_2","2008Q3","1000cp","0","BG33","38.5"
"r_2","2008Q3","1000cp","1","BG33","17.9"
"r_2","2008Q3","1000cp","2","BG33","20.7"
"r_2","2008Q3","1000cp","0","BG34","24.7"
"r_2","2008Q3","1000cp","1","BG34","13.2"
"r_2","2008Q3","1000cp","2","BG34","11.5"
"r_2","2008Q3","1000cp","0","BG41","30.3"
"r_2","2008Q3","1000cp","1","BG41","16.7"
"r_2","2008Q3","1000cp","2","BG41","13.6"
"r_2","2008Q3","1000cp","0","BG42","32.7"
"r_2","2008Q3","1000cp","1","BG42","16.9"
"r_2","2008Q3","1000cp","2","BG42","15.8"
"r_2","2008Q4","1000cp","0","BG","177.7"
"r_2","2008Q4","1000cp","1","BG","93.4"
"r_2","2008Q4","1000cp","2","BG","84.3"
"r_2","2008Q4","1000cp","0","BG31","26.3"
"r_2","2008Q4","1000cp","1","BG31","14.7"
"r_2","2008Q4","1000cp","2","BG31","11.6"
"r_2","2008Q4","1000cp","0","BG32","30.5"
"r_2","2008Q4","1000cp","1","BG32","16.7"
"r_2","2008Q4","1000cp","2","BG32","13.8"
"r_2","2008Q4","1000cp","0","BG33","32"
"r_2","2008Q4","1000cp","1","BG33","13.4"
"r_2","2008Q4","1000cp","2","BG33","18.6"
"r_2","2008Q4","1000cp","0","BG34","25.3"
"r_2","2008Q4","1000cp","1","BG34","12.3"
"r_2","2008Q4","1000cp","2","BG34","13.1"
"r_2","2008Q4","1000cp","0","BG41","27.1"
"r_2","2008Q4","1000cp","1","BG41","15.7"
"r_2","2008Q4","1000cp","2","BG41","11.3"
"r_2","2008Q4","1000cp","0","BG42","36.5"
"r_2","2008Q4","1000cp","1","BG42","20.7"
"r_2","2008Q4","1000cp","2","BG42","15.8"
"r_2","2009Q1","1000cp","0","BG","222.2"
"r_2","2009Q1","1000cp","1","BG","121.8"
"r_2","2009Q1","1000cp","2","BG","100.4"
"r_2","2009Q1","1000cp","0","BG31","31"
"r_2","2009Q1","1000cp","1","BG31","16.9"
"r_2","2009Q1","1000cp","2","BG31","14.1"
"r_2","2009Q1","1000cp","0","BG32","37.6"
"r_2","2009Q1","1000cp","1","BG32","20"
"r_2","2009Q1","1000cp","2","BG32","17.6"
"r_2","2009Q1","1000cp","0","BG33","43.1"
"r_2","2009Q1","1000cp","1","BG33","23.9"
"r_2","2009Q1","1000cp","2","BG33","19.2"
"r_2","2009Q1","1000cp","0","BG34","33.3"
"r_2","2009Q1","1000cp","1","BG34","17.1"
"r_2","2009Q1","1000cp","2","BG34","16.2"
"r_2","2009Q1","1000cp","0","BG41","33.5"
"r_2","2009Q1","1000cp","1","BG41","17.8"
"r_2","2009Q1","1000cp","2","BG41","15.8"
"r_2","2009Q1","1000cp","0","BG42","43.7"
"r_2","2009Q1","1000cp","1","BG42","26.2"
"r_2","2009Q1","1000cp","2","BG42","17.5"
"r_2","2009Q2","1000cp","0","BG","222.6"
"r_2","2009Q2","1000cp","1","BG","117.3"
"r_2","2009Q2","1000cp","2","BG","105.2"
"r_2","2009Q2","1000cp","0","BG31","29.3"
"r_2","2009Q2","1000cp","1","BG31","13.6"
"r_2","2009Q2","1000cp","2","BG31","15.6"
"r_2","2009Q2","1000cp","0","BG32","30.6"
"r_2","2009Q2","1000cp","1","BG32","16.3"
"r_2","2009Q2","1000cp","2","BG32","14.3"
"r_2","2009Q2","1000cp","0","BG33","47.8"
"r_2","2009Q2","1000cp","1","BG33","27.3"
"r_2","2009Q2","1000cp","2","BG33","20.6"
"r_2","2009Q2","1000cp","0","BG34","32.3"
"r_2","2009Q2","1000cp","1","BG34","16.3"
"r_2","2009Q2","1000cp","2","BG34","16"
"r_2","2009Q2","1000cp","0","BG41","42.8"
"r_2","2009Q2","1000cp","1","BG41","19.7"
"r_2","2009Q2","1000cp","2","BG41","23.1"
"r_2","2009Q2","1000cp","0","BG42","39.8"
"r_2","2009Q2","1000cp","1","BG42","24.2"
"r_2","2009Q2","1000cp","2","BG42","15.6"
"r_2","2009Q3","1000cp","0","BG","234.5"
"r_2","2009Q3","1000cp","1","BG","127"
"r_2","2009Q3","1000cp","2","BG","107.5"
"r_2","2009Q3","1000cp","0","BG31","28"
"r_2","2009Q3","1000cp","1","BG31","15.9"
"r_2","2009Q3","1000cp","2","BG31","12.1"
"r_2","2009Q3","1000cp","0","BG32","31"
"r_2","2009Q3","1000cp","1","BG32","16.4"
"r_2","2009Q3","1000cp","2","BG32","14.5"
"r_2","2009Q3","1000cp","0","BG33","47.5"
"r_2","2009Q3","1000cp","1","BG33","26.1"
"r_2","2009Q3","1000cp","2","BG33","21.4"
"r_2","2009Q3","1000cp","0","BG34","27.4"
"r_2","2009Q3","1000cp","1","BG34","14.2"
"r_2","2009Q3","1000cp","2","BG34","13.1"
"r_2","2009Q3","1000cp","0","BG41","48.1"
"r_2","2009Q3","1000cp","1","BG41","26.4"
"r_2","2009Q3","1000cp","2","BG41","21.7"
"r_2","2009Q3","1000cp","0","BG42","52.6"
"r_2","2009Q3","1000cp","1","BG42","28"
"r_2","2009Q3","1000cp","2","BG42","24.6"
"r_2","2009Q4","1000cp","0","BG","272.8"
"r_2","2009Q4","1000cp","1","BG","154.2"
"r_2","2009Q4","1000cp","2","BG","118.6"
"r_2","2009Q4","1000cp","0","BG31","31"
"r_2","2009Q4","1000cp","1","BG31","18.4"
"r_2","2009Q4","1000cp","2","BG31","12.6"
"r_2","2009Q4","1000cp","0","BG32","34.1"
"r_2","2009Q4","1000cp","1","BG32","20.5"
"r_2","2009Q4","1000cp","2","BG32","13.6"
"r_2","2009Q4","1000cp","0","BG33","52.4"
"r_2","2009Q4","1000cp","1","BG33","29.2"
"r_2","2009Q4","1000cp","2","BG33","23.2"
"r_2","2009Q4","1000cp","0","BG34","35.7"
"r_2","2009Q4","1000cp","1","BG34","18.5"
"r_2","2009Q4","1000cp","2","BG34","17.2"
"r_2","2009Q4","1000cp","0","BG41","55.4"
"r_2","2009Q4","1000cp","1","BG41","33.5"
"r_2","2009Q4","1000cp","2","BG41","21.9"
"r_2","2009Q4","1000cp","0","BG42","64.3"
"r_2","2009Q4","1000cp","1","BG42","34.2"
"r_2","2009Q4","1000cp","2","BG42","30.1"
"r_2","2010Q1","1000cp","0","BG","344.5"
"r_2","2010Q1","1000cp","1","BG","196.1"
"r_2","2010Q1","1000cp","2","BG","148.4"
"r_2","2010Q1","1000cp","0","BG31","32.5"
"r_2","2010Q1","1000cp","1","BG31","18"
"r_2","2010Q1","1000cp","2","BG31","14.6"
"r_2","2010Q1","1000cp","0","BG32","43.6"
"r_2","2010Q1","1000cp","1","BG32","25.3"
"r_2","2010Q1","1000cp","2","BG32","18.3"
"r_2","2010Q1","1000cp","0","BG33","63.6"
"r_2","2010Q1","1000cp","1","BG33","36.3"
"r_2","2010Q1","1000cp","2","BG33","27.3"
"r_2","2010Q1","1000cp","0","BG34","58.6"
"r_2","2010Q1","1000cp","1","BG34","31.9"
"r_2","2010Q1","1000cp","2","BG34","26.7"
"r_2","2010Q1","1000cp","0","BG41","70.9"
"r_2","2010Q1","1000cp","1","BG41","39.8"
"r_2","2010Q1","1000cp","2","BG41","31.1"
"r_2","2010Q1","1000cp","0","BG42","75.3"
"r_2","2010Q1","1000cp","1","BG42","44.9"
"r_2","2010Q1","1000cp","2","BG42","30.4"
"r_2","2010Q2","1000cp","0","BG","345"
"r_2","2010Q2","1000cp","1","BG","194.4"
"r_2","2010Q2","1000cp","2","BG","150.5"
"r_2","2010Q2","1000cp","0","BG31","38"
"r_2","2010Q2","1000cp","1","BG31","22.6"
"r_2","2010Q2","1000cp","2","BG31","15.4"
"r_2","2010Q2","1000cp","0","BG32","41.9"
"r_2","2010Q2","1000cp","1","BG32","26.8"
"r_2","2010Q2","1000cp","2","BG32","15.1"
"r_2","2010Q2","1000cp","0","BG33","69.2"
"r_2","2010Q2","1000cp","1","BG33","39.3"
"r_2","2010Q2","1000cp","2","BG33","29.9"
"r_2","2010Q2","1000cp","0","BG34","54.2"
"r_2","2010Q2","1000cp","1","BG34","28.3"
"r_2","2010Q2","1000cp","2","BG34","25.9"
"r_2","2010Q2","1000cp","0","BG41","70.7"
"r_2","2010Q2","1000cp","1","BG41","35"
"r_2","2010Q2","1000cp","2","BG41","35.7"
"r_2","2010Q2","1000cp","0","BG42","70.9"
"r_2","2010Q2","1000cp","1","BG42","42.4"
"r_2","2010Q2","1000cp","2","BG42","28.5"
"r_2","2010Q3","1000cp","0","BG","330.5"
"r_2","2010Q3","1000cp","1","BG","186.9"
"r_2","2010Q3","1000cp","2","BG","143.6"
"r_2","2010Q3","1000cp","0","BG31","39.9"
"r_2","2010Q3","1000cp","1","BG31","24.5"
"r_2","2010Q3","1000cp","2","BG31","15.4"
"r_2","2010Q3","1000cp","0","BG32","43"
"r_2","2010Q3","1000cp","1","BG32","26.6"
"r_2","2010Q3","1000cp","2","BG32","16.4"
"r_2","2010Q3","1000cp","0","BG33","61.8"
"r_2","2010Q3","1000cp","1","BG33","33.8"
"r_2","2010Q3","1000cp","2","BG33","27.9"
"r_2","2010Q3","1000cp","0","BG34","41"
"r_2","2010Q3","1000cp","1","BG34","22.8"
"r_2","2010Q3","1000cp","2","BG34","18.1"
"r_2","2010Q3","1000cp","0","BG41","75.2"
"r_2","2010Q3","1000cp","1","BG41","40.2"
"r_2","2010Q3","1000cp","2","BG41","35"
"r_2","2010Q3","1000cp","0","BG42","69.7"
"r_2","2010Q3","1000cp","1","BG42","38.9"
"r_2","2010Q3","1000cp","2","BG42","30.8"
"r_2","2010Q4","1000cp","0","BG","389.4"
"r_2","2010Q4","1000cp","1","BG","221.7"
"r_2","2010Q4","1000cp","2","BG","167.8"
"r_2","2010Q4","1000cp","0","BG31","45"
"r_2","2010Q4","1000cp","1","BG31","27.3"
"r_2","2010Q4","1000cp","2","BG31","17.7"
"r_2","2010Q4","1000cp","0","BG32","45"
"r_2","2010Q4","1000cp","1","BG32","25.9"
"r_2","2010Q4","1000cp","2","BG32","19.1"
"r_2","2010Q4","1000cp","0","BG33","69.6"
"r_2","2010Q4","1000cp","1","BG33","39.3"
"r_2","2010Q4","1000cp","2","BG33","30.2"
"r_2","2010Q4","1000cp","0","BG34","50.9"
"r_2","2010Q4","1000cp","1","BG34","30.8"
"r_2","2010Q4","1000cp","2","BG34","20.1"
"r_2","2010Q4","1000cp","0","BG41","87.4"
"r_2","2010Q4","1000cp","1","BG41","49"
"r_2","2010Q4","1000cp","2","BG41","38.4"
"r_2","2010Q4","1000cp","0","BG42","91.6"
"r_2","2010Q4","1000cp","1","BG42","49.3"
"r_2","2010Q4","1000cp","2","BG42","42.3"
"r_2","2011Q1","1000cp","0","BG","402"
"r_2","2011Q1","1000cp","1","BG","234.1"
"r_2","2011Q1","1000cp","2","BG","167.9"
"r_2","2011Q1","1000cp","0","BG31","43.8"
"r_2","2011Q1","1000cp","1","BG31","26.4"
"r_2","2011Q1","1000cp","2","BG31","17.3"
"r_2","2011Q1","1000cp","0","BG32","49.5"
"r_2","2011Q1","1000cp","1","BG32","30"
"r_2","2011Q1","1000cp","2","BG32","19.5"
"r_2","2011Q1","1000cp","0","BG33","69.9"
"r_2","2011Q1","1000cp","1","BG33","41.1"
"r_2","2011Q1","1000cp","2","BG33","28.9"
"r_2","2011Q1","1000cp","0","BG34","62.5"
"r_2","2011Q1","1000cp","1","BG34","36.5"
"r_2","2011Q1","1000cp","2","BG34","26"
"r_2","2011Q1","1000cp","0","BG41","83.5"
"r_2","2011Q1","1000cp","1","BG41","47.3"
"r_2","2011Q1","1000cp","2","BG41","36.2"
"r_2","2011Q1","1000cp","0","BG42","92.8"
"r_2","2011Q1","1000cp","1","BG42","52.8"
"r_2","2011Q1","1000cp","2","BG42","40.1"
"r_2","2011Q2","1000cp","0","BG","372.3"
"r_2","2011Q2","1000cp","1","BG","215.9"
"r_2","2011Q2","1000cp","2","BG","156.4"
"r_2","2011Q2","1000cp","0","BG31","46.3"
"r_2","2011Q2","1000cp","1","BG31","26.1"
"r_2","2011Q2","1000cp","2","BG31","20.2"
"r_2","2011Q2","1000cp","0","BG32","45.6"
"r_2","2011Q2","1000cp","1","BG32","28.6"
"r_2","2011Q2","1000cp","2","BG32","17"
"r_2","2011Q2","1000cp","0","BG33","66.5"
"r_2","2011Q2","1000cp","1","BG33","38.2"
"r_2","2011Q2","1000cp","2","BG33","28.3"
"r_2","2011Q2","1000cp","0","BG34","57.7"
"r_2","2011Q2","1000cp","1","BG34","32"
"r_2","2011Q2","1000cp","2","BG34","25.6"
"r_2","2011Q2","1000cp","0","BG41","75.7"
"r_2","2011Q2","1000cp","1","BG41","45.4"
"r_2","2011Q2","1000cp","2","BG41","30.3"
"r_2","2011Q2","1000cp","0","BG42","80.5"
"r_2","2011Q2","1000cp","1","BG42","45.6"
"r_2","2011Q2","1000cp","2","BG42","34.9"
"r_2","2011Q3","1000cp","0","BG","346.5"
"r_2","2011Q3","1000cp","1","BG","199.3"
"r_2","2011Q3","1000cp","2","BG","147.2"
"r_2","2011Q3","1000cp","0","BG31","39.8"
"r_2","2011Q3","1000cp","1","BG31","23.9"
"r_2","2011Q3","1000cp","2","BG31","15.9"
"r_2","2011Q3","1000cp","0","BG32","47.2"
"r_2","2011Q3","1000cp","1","BG32","26"
"r_2","2011Q3","1000cp","2","BG32","21.2"
"r_2","2011Q3","1000cp","0","BG33","62.5"
"r_2","2011Q3","1000cp","1","BG33","35.7"
"r_2","2011Q3","1000cp","2","BG33","26.8"
"r_2","2011Q3","1000cp","0","BG34","45.1"
"r_2","2011Q3","1000cp","1","BG34","26.1"
"r_2","2011Q3","1000cp","2","BG34","19"
"r_2","2011Q3","1000cp","0","BG41","78.4"
"r_2","2011Q3","1000cp","1","BG41","46.9"
"r_2","2011Q3","1000cp","2","BG41","31.5"
"r_2","2011Q3","1000cp","0","BG42","73.5"
"r_2","2011Q3","1000cp","1","BG42","40.8"
"r_2","2011Q3","1000cp","2","BG42","32.7"
"r_2","2011Q4","1000cp","0","BG","384.2"
"r_2","2011Q4","1000cp","1","BG","226.8"
"r_2","2011Q4","1000cp","2","BG","157.4"
"r_2","2011Q4","1000cp","0","BG31","41.4"
"r_2","2011Q4","1000cp","1","BG31","25.1"
"r_2","2011Q4","1000cp","2","BG31","16.3"
"r_2","2011Q4","1000cp","0","BG32","46.1"
"r_2","2011Q4","1000cp","1","BG32","25.4"
"r_2","2011Q4","1000cp","2","BG32","20.7"
"r_2","2011Q4","1000cp","0","BG33","73.5"
"r_2","2011Q4","1000cp","1","BG33","42.5"
"r_2","2011Q4","1000cp","2","BG33","31"
"r_2","2011Q4","1000cp","0","BG34","54.7"
"r_2","2011Q4","1000cp","1","BG34","31.1"
"r_2","2011Q4","1000cp","2","BG34","23.6"
"r_2","2011Q4","1000cp","0","BG41","80.9"
"r_2","2011Q4","1000cp","1","BG41","50.8"
"r_2","2011Q4","1000cp","2","BG41","30.1"
"r_2","2011Q4","1000cp","0","BG42","87.6"
"r_2","2011Q4","1000cp","1","BG42","51.9"
"r_2","2011Q4","1000cp","2","BG42","35.7"
"r_2","2012Q1","1000cp","0","BG","421.4"
"r_2","2012Q1","1000cp","1","BG","252.3"
"r_2","2012Q1","1000cp","2","BG","169"
"r_2","2012Q1","1000cp","0","BG31","41.1"
"r_2","2012Q1","1000cp","1","BG31","23.7"
"r_2","2012Q1","1000cp","2","BG31","17.4"
"r_2","2012Q1","1000cp","0","BG32","47.6"
"r_2","2012Q1","1000cp","1","BG32","29.6"
"r_2","2012Q1","1000cp","2","BG32","17.9"
"r_2","2012Q1","1000cp","0","BG33","92"
"r_2","2012Q1","1000cp","1","BG33","54.8"
"r_2","2012Q1","1000cp","2","BG33","37.2"
"r_2","2012Q1","1000cp","0","BG34","60.9"
"r_2","2012Q1","1000cp","1","BG34","34.1"
"r_2","2012Q1","1000cp","2","BG34","26.8"
"r_2","2012Q1","1000cp","0","BG41","81.4"
"r_2","2012Q1","1000cp","1","BG41","48.7"
"r_2","2012Q1","1000cp","2","BG41","32.7"
"r_2","2012Q1","1000cp","0","BG42","98.4"
"r_2","2012Q1","1000cp","1","BG42","61.4"
"r_2","2012Q1","1000cp","2","BG42","37"
"r_2","2012Q2","1000cp","0","BG","409.5"
"r_2","2012Q2","1000cp","1","BG","242.7"
"r_2","2012Q2","1000cp","2","BG","166.8"
"r_2","2012Q2","1000cp","0","BG31","37.7"
"r_2","2012Q2","1000cp","1","BG31","22.4"
"r_2","2012Q2","1000cp","2","BG31","15.3"
"r_2","2012Q2","1000cp","0","BG32","55.2"
"r_2","2012Q2","1000cp","1","BG32","33"
"r_2","2012Q2","1000cp","2","BG32","22.2"
"r_2","2012Q2","1000cp","0","BG33","83.5"
"r_2","2012Q2","1000cp","1","BG33","49.8"
"r_2","2012Q2","1000cp","2","BG33","33.7"
"r_2","2012Q2","1000cp","0","BG34","61.3"
"r_2","2012Q2","1000cp","1","BG34","36.1"
"r_2","2012Q2","1000cp","2","BG34","25.2"
"r_2","2012Q2","1000cp","0","BG41","81.8"
"r_2","2012Q2","1000cp","1","BG41","47"
"r_2","2012Q2","1000cp","2","BG41","34.8"
"r_2","2012Q2","1000cp","0","BG42","90"
"r_2","2012Q2","1000cp","1","BG42","54.4"
"r_2","2012Q2","1000cp","2","BG42","35.6"
"r_2","2012Q3","1000cp","0","BG","393.2"
"r_2","2012Q3","1000cp","1","BG","231.5"
"r_2","2012Q3","1000cp","2","BG","161.8"
"r_2","2012Q3","1000cp","0","BG31","39"
"r_2","2012Q3","1000cp","1","BG31","21.9"
"r_2","2012Q3","1000cp","2","BG31","17.1"
"r_2","2012Q3","1000cp","0","BG32","57.3"
"r_2","2012Q3","1000cp","1","BG32","35.5"
"r_2","2012Q3","1000cp","2","BG32","21.8"
"r_2","2012Q3","1000cp","0","BG33","69.4"
"r_2","2012Q3","1000cp","1","BG33","39.5"
"r_2","2012Q3","1000cp","2","BG33","29.9"
"r_2","2012Q3","1000cp","0","BG34","49"
"r_2","2012Q3","1000cp","1","BG34","28.6"
"r_2","2012Q3","1000cp","2","BG34","20.4"
"r_2","2012Q3","1000cp","0","BG41","92.3"
"r_2","2012Q3","1000cp","1","BG41","54.6"
"r_2","2012Q3","1000cp","2","BG41","37.7"
"r_2","2012Q3","1000cp","0","BG42","86.1"
"r_2","2012Q3","1000cp","1","BG42","51.3"
"r_2","2012Q3","1000cp","2","BG42","34.9"
"r_2","2012Q4","1000cp","0","BG","417.3"
"r_2","2012Q4","1000cp","1","BG","237.8"
"r_2","2012Q4","1000cp","2","BG","179.5"
"r_2","2012Q4","1000cp","0","BG31","41.5"
"r_2","2012Q4","1000cp","1","BG31","25.4"
"r_2","2012Q4","1000cp","2","BG31","16.1"
"r_2","2012Q4","1000cp","0","BG32","53.2"
"r_2","2012Q4","1000cp","1","BG32","37"
"r_2","2012Q4","1000cp","2","BG32","16.2"
"r_2","2012Q4","1000cp","0","BG33","80"
"r_2","2012Q4","1000cp","1","BG33","41.9"
"r_2","2012Q4","1000cp","2","BG33","38.1"
"r_2","2012Q4","1000cp","0","BG34","57.9"
"r_2","2012Q4","1000cp","1","BG34","31"
"r_2","2012Q4","1000cp","2","BG34","26.9"
"r_2","2012Q4","1000cp","0","BG41","94.8"
"r_2","2012Q4","1000cp","1","BG41","49.8"
"r_2","2012Q4","1000cp","2","BG41","45"
"r_2","2012Q4","1000cp","0","BG42","89.8"
"r_2","2012Q4","1000cp","1","BG42","52.6"
"r_2","2012Q4","1000cp","2","BG42","37.2"
"r_2","2013Q1","1000cp","0","BG","456.4"
"r_2","2013Q1","1000cp","1","BG","267.5"
"r_2","2013Q1","1000cp","2","BG","188.8"
"r_2","2013Q1","1000cp","0","BG31","41"
"r_2","2013Q1","1000cp","1","BG31","27.3"
"r_2","2013Q1","1000cp","2","BG31","13.7"
"r_2","2013Q1","1000cp","0","BG32","55.6"
"r_2","2013Q1","1000cp","1","BG32","35.8"
"r_2","2013Q1","1000cp","2","BG32","19.8"
"r_2","2013Q1","1000cp","0","BG33","80.1"
"r_2","2013Q1","1000cp","1","BG33","45.1"
"r_2","2013Q1","1000cp","2","BG33","35"
"r_2","2013Q1","1000cp","0","BG34","66.2"
"r_2","2013Q1","1000cp","1","BG34","32.9"
"r_2","2013Q1","1000cp","2","BG34","33.3"
"r_2","2013Q1","1000cp","0","BG41","108"
"r_2","2013Q1","1000cp","1","BG41","61.5"
"r_2","2013Q1","1000cp","2","BG41","46.6"
"r_2","2013Q1","1000cp","0","BG42","105.4"
"r_2","2013Q1","1000cp","1","BG42","65"
"r_2","2013Q1","1000cp","2","BG42","40.5"
"r_2","2013Q2","1000cp","0","BG","437.3"
"r_2","2013Q2","1000cp","1","BG","251.7"
"r_2","2013Q2","1000cp","2","BG","185.6"
"r_2","2013Q2","1000cp","0","BG31","44.4"
"r_2","2013Q2","1000cp","1","BG31","27.3"
"r_2","2013Q2","1000cp","2","BG31","17.1"
"r_2","2013Q2","1000cp","0","BG32","57.8"
"r_2","2013Q2","1000cp","1","BG32","31.5"
"r_2","2013Q2","1000cp","2","BG32","26.3"
"r_2","2013Q2","1000cp","0","BG33","77.8"
"r_2","2013Q2","1000cp","1","BG33","45.4"
"r_2","2013Q2","1000cp","2","BG33","32.4"
"r_2","2013Q2","1000cp","0","BG34","66.6"
"r_2","2013Q2","1000cp","1","BG34","35.7"
"r_2","2013Q2","1000cp","2","BG34","30.9"
"r_2","2013Q2","1000cp","0","BG41","103.7"
"r_2","2013Q2","1000cp","1","BG41","61.9"
"r_2","2013Q2","1000cp","2","BG41","41.8"
"r_2","2013Q2","1000cp","0","BG42","86.9"
"r_2","2013Q2","1000cp","1","BG42","49.7"
"r_2","2013Q2","1000cp","2","BG42","37.2"
"r_2","2013Q3","1000cp","0","BG","411.6"
"r_2","2013Q3","1000cp","1","BG","230.3"
"r_2","2013Q3","1000cp","2","BG","181.3"
"r_2","2013Q3","1000cp","0","BG31","45.3"
"r_2","2013Q3","1000cp","1","BG31","27.3"
"r_2","2013Q3","1000cp","2","BG31","18"
"r_2","2013Q3","1000cp","0","BG32","58.6"
"r_2","2013Q3","1000cp","1","BG32","31.6"
"r_2","2013Q3","1000cp","2","BG32","27"
"r_2","2013Q3","1000cp","0","BG33","69.3"
"r_2","2013Q3","1000cp","1","BG33","36"
"r_2","2013Q3","1000cp","2","BG33","33.3"
"r_2","2013Q3","1000cp","0","BG34","52.4"
"r_2","2013Q3","1000cp","1","BG34","29.6"
"r_2","2013Q3","1000cp","2","BG34","22.8"
"r_2","2013Q3","1000cp","0","BG41","103.9"
"r_2","2013Q3","1000cp","1","BG41","61.1"
"r_2","2013Q3","1000cp","2","BG41","42.8"
"r_2","2013Q3","1000cp","0","BG42","82"
"r_2","2013Q3","1000cp","1","BG42","44.7"
"r_2","2013Q3","1000cp","2","BG42","37.3"
"r_2","2013Q4","1000cp","0","BG","439.8"
"r_2","2013Q4","1000cp","1","BG","249.5"
"r_2","2013Q4","1000cp","2","BG","190.3"
"r_2","2013Q4","1000cp","0","BG31","54.3"
"r_2","2013Q4","1000cp","1","BG31","32.3"
"r_2","2013Q4","1000cp","2","BG31","22"
"r_2","2013Q4","1000cp","0","BG32","55.7"
"r_2","2013Q4","1000cp","1","BG32","34.9"
"r_2","2013Q4","1000cp","2","BG32","20.8"
"r_2","2013Q4","1000cp","0","BG33","72.2"
"r_2","2013Q4","1000cp","1","BG33","38.2"
"r_2","2013Q4","1000cp","2","BG33","33.9"
"r_2","2013Q4","1000cp","0","BG34","60.1"
"r_2","2013Q4","1000cp","1","BG34","33.7"
"r_2","2013Q4","1000cp","2","BG34","26.4"
"r_2","2013Q4","1000cp","0","BG41","106.7"
"r_2","2013Q4","1000cp","1","BG41","59.8"
"r_2","2013Q4","1000cp","2","BG41","46.8"
"r_2","2013Q4","1000cp","0","BG42","90.8"
"r_2","2013Q4","1000cp","1","BG42","50.5"
"r_2","2013Q4","1000cp","2","BG42","40.3"
"r_2","2014Q1","1000cp","0","BG","433"
"r_2","2014Q1","1000cp","1","BG","247.1"
"r_2","2014Q1","1000cp","2","BG","185.8"
"r_2","2014Q1","1000cp","0","BG31","46.6"
"r_2","2014Q1","1000cp","1","BG31","28.5"
"r_2","2014Q1","1000cp","2","BG31","18"
"r_2","2014Q1","1000cp","0","BG32","53.4"
"r_2","2014Q1","1000cp","1","BG32","32.5"
"r_2","2014Q1","1000cp","2","BG32","20.8"
"r_2","2014Q1","1000cp","0","BG33","65.9"
"r_2","2014Q1","1000cp","1","BG33","39.1"
"r_2","2014Q1","1000cp","2","BG33","26.9"
"r_2","2014Q1","1000cp","0","BG34","63.5"
"r_2","2014Q1","1000cp","1","BG34","32"
"r_2","2014Q1","1000cp","2","BG34","31.5"
"r_2","2014Q1","1000cp","0","BG41","105"
"r_2","2014Q1","1000cp","1","BG41","58.4"
"r_2","2014Q1","1000cp","2","BG41","46.6"
"r_2","2014Q1","1000cp","0","BG42","98.6"
"r_2","2014Q1","1000cp","1","BG42","56.6"
"r_2","2014Q1","1000cp","2","BG42","42"
"r_2","2014Q2","1000cp","0","BG","381.8"
"r_2","2014Q2","1000cp","1","BG","224"
"r_2","2014Q2","1000cp","2","BG","157.8"
"r_2","2014Q2","1000cp","0","BG31","53.8"
"r_2","2014Q2","1000cp","1","BG31","34.1"
"r_2","2014Q2","1000cp","2","BG31","19.7"
"r_2","2014Q2","1000cp","0","BG32","50.4"
"r_2","2014Q2","1000cp","1","BG32","30.3"
"r_2","2014Q2","1000cp","2","BG32","20.1"
"r_2","2014Q2","1000cp","0","BG33","50"
"r_2","2014Q2","1000cp","1","BG33","28.9"
"r_2","2014Q2","1000cp","2","BG33","21.1"
"r_2","2014Q2","1000cp","0","BG34","51.6"
"r_2","2014Q2","1000cp","1","BG34","29.3"
"r_2","2014Q2","1000cp","2","BG34","22.4"
"r_2","2014Q2","1000cp","0","BG41","97.8"
"r_2","2014Q2","1000cp","1","BG41","57.1"
"r_2","2014Q2","1000cp","2","BG41","40.7"
"r_2","2014Q2","1000cp","0","BG42","78.2"
"r_2","2014Q2","1000cp","1","BG42","44.3"
"r_2","2014Q2","1000cp","2","BG42","33.8"
"r_2","2014Q3","1000cp","0","BG","368.8"
"r_2","2014Q3","1000cp","1","BG","211.6"
"r_2","2014Q3","1000cp","2","BG","157.2"
"r_2","2014Q3","1000cp","0","BG31","44.9"
"r_2","2014Q3","1000cp","1","BG31","27.6"
"r_2","2014Q3","1000cp","2","BG31","17.3"
"r_2","2014Q3","1000cp","0","BG32","50.6"
"r_2","2014Q3","1000cp","1","BG32","29.7"
"r_2","2014Q3","1000cp","2","BG32","20.9"
"r_2","2014Q3","1000cp","0","BG33","52.1"
"r_2","2014Q3","1000cp","1","BG33","27.5"
"r_2","2014Q3","1000cp","2","BG33","24.6"
"r_2","2014Q3","1000cp","0","BG34","50.5"
"r_2","2014Q3","1000cp","1","BG34","28.6"
"r_2","2014Q3","1000cp","2","BG34","21.9"
"r_2","2014Q3","1000cp","0","BG41","95.4"
"r_2","2014Q3","1000cp","1","BG41","57.4"
"r_2","2014Q3","1000cp","2","BG41","38"
"r_2","2014Q3","1000cp","0","BG42","75.4"
"r_2","2014Q3","1000cp","1","BG42","40.8"
"r_2","2014Q3","1000cp","2","BG42","34.5"
"r_2","2014Q4","1000cp","0","BG","354.5"
"r_2","2014Q4","1000cp","1","BG","203"
"r_2","2014Q4","1000cp","2","BG","151.5"
"r_2","2014Q4","1000cp","0","BG31","40.4"
"r_2","2014Q4","1000cp","1","BG31","25.5"
"r_2","2014Q4","1000cp","2","BG31","14.9"
"r_2","2014Q4","1000cp","0","BG32","39.9"
"r_2","2014Q4","1000cp","1","BG32","24.3"
"r_2","2014Q4","1000cp","2","BG32","15.5"
"r_2","2014Q4","1000cp","0","BG33","57.3"
"r_2","2014Q4","1000cp","1","BG33","30.9"
"r_2","2014Q4","1000cp","2","BG33","26.4"
"r_2","2014Q4","1000cp","0","BG34","55.8"
"r_2","2014Q4","1000cp","1","BG34","29.5"
"r_2","2014Q4","1000cp","2","BG34","26.4"
"r_2","2014Q4","1000cp","0","BG41","85.3"
"r_2","2014Q4","1000cp","1","BG41","52.1"
"r_2","2014Q4","1000cp","2","BG41","33.2"
"r_2","2014Q4","1000cp","0","BG42","75.8"
"r_2","2014Q4","1000cp","1","BG42","40.8"
"r_2","2014Q4","1000cp","2","BG42","35.1"
"r_2","2015Q1","1000cp","0","BG","349.2"
"r_2","2015Q1","1000cp","1","BG","200.4"
"r_2","2015Q1","1000cp","2","BG","148.9"
"r_2","2015Q1","1000cp","0","BG31","37.6"
"r_2","2015Q1","1000cp","1","BG31","23.9"
"r_2","2015Q1","1000cp","2","BG31","13.7"
"r_2","2015Q1","1000cp","0","BG32","42.6"
"r_2","2015Q1","1000cp","1","BG32","23.4"
"r_2","2015Q1","1000cp","2","BG32","19.2"
"r_2","2015Q1","1000cp","0","BG33","55.8"
"r_2","2015Q1","1000cp","1","BG33","29.2"
"r_2","2015Q1","1000cp","2","BG33","26.6"
"r_2","2015Q1","1000cp","0","BG34","54.7"
"r_2","2015Q1","1000cp","1","BG34","34.6"
"r_2","2015Q1","1000cp","2","BG34","20.1"
"r_2","2015Q1","1000cp","0","BG41","80.5"
"r_2","2015Q1","1000cp","1","BG41","47.5"
"r_2","2015Q1","1000cp","2","BG41","33"
"r_2","2015Q1","1000cp","0","BG42","78.1"
"r_2","2015Q1","1000cp","1","BG42","41.8"
"r_2","2015Q1","1000cp","2","BG42","36.3"
"r_2","2015Q2","1000cp","0","BG","330.9"
"r_2","2015Q2","1000cp","1","BG","195"
"r_2","2015Q2","1000cp","2","BG","135.9"
"r_2","2015Q2","1000cp","0","BG31","46.2"
"r_2","2015Q2","1000cp","1","BG31","28.7"
"r_2","2015Q2","1000cp","2","BG31","17.5"
"r_2","2015Q2","1000cp","0","BG32","44.1"
"r_2","2015Q2","1000cp","1","BG32","25.5"
"r_2","2015Q2","1000cp","2","BG32","18.6"
"r_2","2015Q2","1000cp","0","BG33","49.3"
"r_2","2015Q2","1000cp","1","BG33","28"
"r_2","2015Q2","1000cp","2","BG33","21.3"
"r_2","2015Q2","1000cp","0","BG34","48.8"
"r_2","2015Q2","1000cp","1","BG34","28.5"
"r_2","2015Q2","1000cp","2","BG34","20.2"
"r_2","2015Q2","1000cp","0","BG41","79.7"
"r_2","2015Q2","1000cp","1","BG41","49.5"
"r_2","2015Q2","1000cp","2","BG41","30.2"
"r_2","2015Q2","1000cp","0","BG42","62.7"
"r_2","2015Q2","1000cp","1","BG42","34.7"
"r_2","2015Q2","1000cp","2","BG42","28"
"r_2","2015Q3","1000cp","0","BG","279.3"
"r_2","2015Q3","1000cp","1","BG","159.1"
"r_2","2015Q3","1000cp","2","BG","120.1"
"r_2","2015Q3","1000cp","0","BG31","39.3"
"r_2","2015Q3","1000cp","1","BG31","22.3"
"r_2","2015Q3","1000cp","2","BG31","17"
"r_2","2015Q3","1000cp","0","BG32","36.4"
"r_2","2015Q3","1000cp","1","BG32","22.1"
"r_2","2015Q3","1000cp","2","BG32","14.3"
"r_2","2015Q3","1000cp","0","BG33","37.6"
"r_2","2015Q3","1000cp","1","BG33","18.7"
"r_2","2015Q3","1000cp","2","BG33","18.9"
"r_2","2015Q3","1000cp","0","BG34","47"
"r_2","2015Q3","1000cp","1","BG34","24.2"
"r_2","2015Q3","1000cp","2","BG34","22.8"
"r_2","2015Q3","1000cp","0","BG41","66.4"
"r_2","2015Q3","1000cp","1","BG41","40.9"
"r_2","2015Q3","1000cp","2","BG41","25.5"
"r_2","2015Q3","1000cp","0","BG42","52.6"
"r_2","2015Q3","1000cp","1","BG42","31"
"r_2","2015Q3","1000cp","2","BG42","21.6"
"r_2","2015Q4","1000cp","0","BG","261"
"r_2","2015Q4","1000cp","1","BG","142.4"
"r_2","2015Q4","1000cp","2","BG","118.7"
"r_2","2015Q4","1000cp","0","BG31","30.9"
"r_2","2015Q4","1000cp","1","BG31","17.6"
"r_2","2015Q4","1000cp","2","BG31","13.3"
"r_2","2015Q4","1000cp","0","BG32","32.4"
"r_2","2015Q4","1000cp","1","BG32","18.6"
"r_2","2015Q4","1000cp","2","BG32","13.8"
"r_2","2015Q4","1000cp","0","BG33","42.8"
"r_2","2015Q4","1000cp","1","BG33","20.1"
"r_2","2015Q4","1000cp","2","BG33","22.7"
"r_2","2015Q4","1000cp","0","BG34","45.5"
"r_2","2015Q4","1000cp","1","BG34","21.8"
"r_2","2015Q4","1000cp","2","BG34","23.7"
"r_2","2015Q4","1000cp","0","BG41","59.3"
"r_2","2015Q4","1000cp","1","BG41","36.1"
"r_2","2015Q4","1000cp","2","BG41","23.2"
"r_2","2015Q4","1000cp","0","BG42","50.1"
"r_2","2015Q4","1000cp","1","BG42","28.1"
"r_2","2015Q4","1000cp","2","BG42","22"
"r_3","2016Q1","1000cp","0","BG","279.6"
"r_3","2016Q1","1000cp","1","BG","162.7"
"r_3","2016Q1","1000cp","2","BG","116.9"
"r_3","2016Q1","1000cp","0","BG31","34.2"
"r_3","2016Q1","1000cp","1","BG31","20.7"
"r_3","2016Q1","1000cp","2","BG31","13.5"
"r_3","2016Q1","1000cp","0","BG32","39.8"
"r_3","2016Q1","1000cp","1","BG32","22.9"
"r_3","2016Q1","1000cp","2","BG32","16.9"
"r_3","2016Q1","1000cp","0","BG33","51.6"
"r_3","2016Q1","1000cp","1","BG33","28.1"
"r_3","2016Q1","1000cp","2","BG33","23.5"
"r_3","2016Q1","1000cp","0","BG34","38.9"
"r_3","2016Q1","1000cp","1","BG34","19.8"
"r_3","2016Q1","1000cp","2","BG34","19"
"r_3","2016Q1","1000cp","0","BG41","62.5"
"r_3","2016Q1","1000cp","1","BG41","38.9"
"r_3","2016Q1","1000cp","2","BG41","23.5"
"r_3","2016Q1","1000cp","0","BG42","52.7"
"r_3","2016Q1","1000cp","1","BG42","32.2"
"r_3","2016Q1","1000cp","2","BG42","20.4"
"r_4","2016Q2","1000cp","0","BG","265.6"
"r_4","2016Q2","1000cp","1","BG","155.7"
"r_4","2016Q2","1000cp","2","BG","109.9"
"r_4","2016Q2","1000cp","0","BG31","33.7"
"r_4","2016Q2","1000cp","1","BG31","19.4"
"r_4","2016Q2","1000cp","2","BG31","14.3"
"r_4","2016Q2","1000cp","0","BG32","33"
"r_4","2016Q2","1000cp","1","BG32","20"
"r_4","2016Q2","1000cp","2","BG32","13"
"r_4","2016Q2","1000cp","0","BG33","45"
"r_4","2016Q2","1000cp","1","BG33","25.1"
"r_4","2016Q2","1000cp","2","BG33","20"
"r_4","2016Q2","1000cp","0","BG34","39.1"
"r_4","2016Q2","1000cp","1","BG34","21.8"
"r_4","2016Q2","1000cp","2","BG34","17.3"
"r_4","2016Q2","1000cp","0","BG41","64.6"
"r_4","2016Q2","1000cp","1","BG41","37.9"
"r_4","2016Q2","1000cp","2","BG41","26.8"
"r_4","2016Q2","1000cp","0","BG42","50.1"
"r_4","2016Q2","1000cp","1","BG42","31.6"
"r_4","2016Q2","1000cp","2","BG42","18.5"
"r_5","2016Q3","1000cp","0","BG","229"
"r_5","2016Q3","1000cp","1","BG","130.1"
"r_5","2016Q3","1000cp","2","BG","98.9"
"r_5","2016Q3","1000cp","0","BG31","31.5"
"r_5","2016Q3","1000cp","1","BG31","14.7"
"r_5","2016Q3","1000cp","2","BG31","16.8"
"r_5","2016Q3","1000cp","0","BG32","31"
"r_5","2016Q3","1000cp","1","BG32","18.5"
"r_5","2016Q3","1000cp","2","BG32","12.5"
"r_5","2016Q3","1000cp","0","BG33","35.5"
"r_5","2016Q3","1000cp","1","BG33","16.9"
"r_5","2016Q3","1000cp","2","BG33","18.6"
"r_5","2016Q3","1000cp","0","BG34","32.3"
"r_5","2016Q3","1000cp","1","BG34","19.4"
"r_5","2016Q3","1000cp","2","BG34","13"
"r_5","2016Q3","1000cp","0","BG41","56.9"
"r_5","2016Q3","1000cp","1","BG41","34.5"
"r_5","2016Q3","1000cp","2","BG41","22.4"
"r_5","2016Q3","1000cp","0","BG42","41.7"
"r_5","2016Q3","1000cp","1","BG42","26.1"
"r_5","2016Q3","1000cp","2","BG42","15.6"
"r_6","2016Q4","1000cp","0","BG","214.9"
"r_6","2016Q4","1000cp","1","BG","118.3"
"r_6","2016Q4","1000cp","2","BG","96.6"
"r_6","2016Q4","1000cp","0","BG31","27.5"
"r_6","2016Q4","1000cp","1","BG31","14.6"
"r_6","2016Q4","1000cp","2","BG31","12.9"
"r_6","2016Q4","1000cp","0","BG32","30"
"r_6","2016Q4","1000cp","1","BG32","16.8"
"r_6","2016Q4","1000cp","2","BG32","13.1"
"r_6","2016Q4","1000cp","0","BG33","40.6"
"r_6","2016Q4","1000cp","1","BG33","20"
"r_6","2016Q4","1000cp","2","BG33","20.6"
"r_6","2016Q4","1000cp","0","BG34","36"
"r_6","2016Q4","1000cp","1","BG34","19.5"
"r_6","2016Q4","1000cp","2","BG34","16.5"
"r_6","2016Q4","1000cp","0","BG41","44.7"
"r_6","2016Q4","1000cp","1","BG41","26.5"
"r_6","2016Q4","1000cp","2","BG41","18.2"
"r_6","2016Q4","1000cp","0","BG42","36.1"
"r_6","2016Q4","1000cp","1","BG42","20.9"
"r_6","2016Q4","1000cp","2","BG42","15.2"
"r_7","2017Q1","1000cp","0","BG","224.4"
"r_7","2017Q1","1000cp","1","BG","119"
"r_7","2017Q1","1000cp","2","BG","105.4"
"r_7","2017Q1","1000cp","0","BG31","38.8"
"r_7","2017Q1","1000cp","1","BG31","21.3"
"r_7","2017Q1","1000cp","2","BG31","17.4"
"r_7","2017Q1","1000cp","0","BG32","27.8"
"r_7","2017Q1","1000cp","1","BG32","16.8"
"r_7","2017Q1","1000cp","2","BG32","10.9"
"r_7","2017Q1","1000cp","0","BG33","44.4"
"r_7","2017Q1","1000cp","1","BG33","20.9"
"r_7","2017Q1","1000cp","2","BG33","23.5"
"r_7","2017Q1","1000cp","0","BG34","41.1"
"r_7","2017Q1","1000cp","1","BG34","21.6"
"r_7","2017Q1","1000cp","2","BG34","19.5"
"r_7","2017Q1","1000cp","0","BG41","35.9"
"r_7","2017Q1","1000cp","1","BG41","18"
"r_7","2017Q1","1000cp","2","BG41","17.9"
"r_7","2017Q1","1000cp","0","BG42","36.5"
"r_7","2017Q1","1000cp","1","BG42","20.3"
"r_7","2017Q1","1000cp","2","BG42","16.2"
"r_8","2017Q2","1000cp","0","BG","213.9"
"r_8","2017Q2","1000cp","1","BG","123.9"
"r_8","2017Q2","1000cp","2","BG","90"
"r_8","2017Q2","1000cp","0","BG31","33.1"
"r_8","2017Q2","1000cp","1","BG31","20.6"
"r_8","2017Q2","1000cp","2","BG31","12.5"
"r_8","2017Q2","1000cp","0","BG32","25.2"
"r_8","2017Q2","1000cp","1","BG32","16.1"
"r_8","2017Q2","1000cp","2","BG32","9.1"
"r_8","2017Q2","1000cp","0","BG33","42.9"
"r_8","2017Q2","1000cp","1","BG33","21.9"
"r_8","2017Q2","1000cp","2","BG33","21"
"r_8","2017Q2","1000cp","0","BG34","39.8"
"r_8","2017Q2","1000cp","1","BG34","22.3"
"r_8","2017Q2","1000cp","2","BG34","17.4"
"r_8","2017Q2","1000cp","0","BG41","36"
"r_8","2017Q2","1000cp","1","BG41","19.6"
"r_8","2017Q2","1000cp","2","BG41","16.5"
"r_8","2017Q2","1000cp","0","BG42","36.9"
"r_8","2017Q2","1000cp","1","BG42","23.4"
"r_8","2017Q2","1000cp","2","BG42","13.5"
"r_9","2017Q3","1000cp","0","BG","200.2"
"r_9","2017Q3","1000cp","1","BG","112.4"
"r_9","2017Q3","1000cp","2","BG","87.8"
"r_9","2017Q3","1000cp","0","BG31","33.7"
"r_9","2017Q3","1000cp","1","BG31","18.4"
"r_9","2017Q3","1000cp","2","BG31","15.2"
"r_9","2017Q3","1000cp","0","BG32","23.3"
"r_9","2017Q3","1000cp","1","BG32","14.4"
"r_9","2017Q3","1000cp","2","BG32","8.9"
"r_9","2017Q3","1000cp","0","BG33","44.4"
"r_9","2017Q3","1000cp","1","BG33","22.2"
"r_9","2017Q3","1000cp","2","BG33","22.2"
"r_9","2017Q3","1000cp","0","BG34","27.6"
"r_9","2017Q3","1000cp","1","BG34","16.8"
"r_9","2017Q3","1000cp","2","BG34","10.8"
"r_9","2017Q3","1000cp","0","BG41","36.3"
"r_9","2017Q3","1000cp","1","BG41","19.6"
"r_9","2017Q3","1000cp","2","BG41","16.7"
"r_9","2017Q3","1000cp","0","BG42","35"
"r_9","2017Q3","1000cp","1","BG42","21"
"r_9","2017Q3","1000cp","2","BG42","14"
"r_10","2017Q4","1000cp","0","BG","189.3"
"r_10","2017Q4","1000cp","1","BG","101.4"
"r_10","2017Q4","1000cp","2","BG","87.9"
"r_10","2017Q4","1000cp","0","BG31","33.9"
"r_10","2017Q4","1000cp","1","BG31","20.6"
"r_10","2017Q4","1000cp","2","BG31","13.4"
"r_10","2017Q4","1000cp","0","BG32","23.1"
"r_10","2017Q4","1000cp","1","BG32","12.5"
"r_10","2017Q4","1000cp","2","BG32","10.6"
"r_10","2017Q4","1000cp","0","BG33","39"
"r_10","2017Q4","1000cp","1","BG33","16.6"
"r_10","2017Q4","1000cp","2","BG33","22.4"
"r_10","2017Q4","1000cp","0","BG34","26"
"r_10","2017Q4","1000cp","1","BG34","14.6"
"r_10","2017Q4","1000cp","2","BG34","11.4"
"r_10","2017Q4","1000cp","0","BG41","34.6"
"r_10","2017Q4","1000cp","1","BG41","19.2"
"r_10","2017Q4","1000cp","2","BG41","15.4"
"r_10","2017Q4","1000cp","0","BG42","32.8"
"r_10","2017Q4","1000cp","1","BG42","17.9"
"r_10","2017Q4","1000cp","2","BG42","14.8"
"r_11","2018Q1","1000cp","0","BG","188.7"
"r_11","2018Q1","1000cp","1","BG","111.7"
"r_11","2018Q1","1000cp","2","BG","77.1"
"r_11","2018Q1","1000cp","0","BG31","33.2"
"r_11","2018Q1","1000cp","1","BG31","21.5"
"r_11","2018Q1","1000cp","2","BG31","11.8"
"r_11","2018Q1","1000cp","0","BG32","23.1"
"r_11","2018Q1","1000cp","1","BG32","15.1"
"r_11","2018Q1","1000cp","2","BG32","8"
"r_11","2018Q1","1000cp","0","BG33","38.4"
"r_11","2018Q1","1000cp","1","BG33","19.9"
"r_11","2018Q1","1000cp","2","BG33","18.5"
"r_11","2018Q1","1000cp","0","BG34","34.9"
"r_11","2018Q1","1000cp","1","BG34","20"
"r_11","2018Q1","1000cp","2","BG34","14.9"
"r_11","2018Q1","1000cp","0","BG41","29.6"
"r_11","2018Q1","1000cp","1","BG41","17.9"
"r_11","2018Q1","1000cp","2","BG41","11.7"
"r_11","2018Q1","1000cp","0","BG42","29.4"
"r_11","2018Q1","1000cp","1","BG42","17.3"
"r_11","2018Q1","1000cp","2","BG42","12.1"
"r_12","2018Q2","1000cp","0","BG","182.2"
"r_12","2018Q2","1000cp","1","BG","109.8"
"r_12","2018Q2","1000cp","2","BG","72.4"
"r_12","2018Q2","1000cp","0","BG31","35.8"
"r_12","2018Q2","1000cp","1","BG31","23.1"
"r_12","2018Q2","1000cp","2","BG31","12.7"
"r_12","2018Q2","1000cp","0","BG32","24.9"
"r_12","2018Q2","1000cp","1","BG32","17.3"
"r_12","2018Q2","1000cp","2","BG32","7.6"
"r_12","2018Q2","1000cp","0","BG33","38.1"
"r_12","2018Q2","1000cp","1","BG33","22.3"
"r_12","2018Q2","1000cp","2","BG33","15.8"
"r_12","2018Q2","1000cp","0","BG34","26.8"
"r_12","2018Q2","1000cp","1","BG34","15.7"
"r_12","2018Q2","1000cp","2","BG34","11.1"
"r_12","2018Q2","1000cp","0","BG41","29.4"
"r_12","2018Q2","1000cp","1","BG41","15.9"
"r_12","2018Q2","1000cp","2","BG41","13.5"
"r_12","2018Q2","1000cp","0","BG42","27.1"
"r_12","2018Q2","1000cp","1","BG42","15.5"
"r_12","2018Q2","1000cp","2","BG42","11.7"
"r_13","2018Q3","1000cp","0","BG","168.3"
"r_13","2018Q3","1000cp","1","BG","97.2"
"r_13","2018Q3","1000cp","2","BG","71.1"
"r_13","2018Q3","1000cp","0","BG31","35"
"r_13","2018Q3","1000cp","1","BG31","20.8"
"r_13","2018Q3","1000cp","2","BG31","14.2"
"r_13","2018Q3","1000cp","0","BG32","25.3"
"r_13","2018Q3","1000cp","1","BG32","14.5"
"r_13","2018Q3","1000cp","2","BG32","10.8"
"r_13","2018Q3","1000cp","0","BG33","28.3"
"r_13","2018Q3","1000cp","1","BG33","14.8"
"r_13","2018Q3","1000cp","2","BG33","13.5"
"r_13","2018Q3","1000cp","0","BG34","22"
"r_13","2018Q3","1000cp","1","BG34","13.5"
"r_13","2018Q3","1000cp","2","BG34","8.5"
"r_13","2018Q3","1000cp","0","BG41","28.9"
"r_13","2018Q3","1000cp","1","BG41","16.4"
"r_13","2018Q3","1000cp","2","BG41","12.5"
"r_13","2018Q3","1000cp","0","BG42","28.6"
"r_13","2018Q3","1000cp","1","BG42","17.1"
"r_13","2018Q3","1000cp","2","BG42","11.5"
"r_14","2018Q4","1000cp","0","BG","154.1"
"r_14","2018Q4","1000cp","1","BG","88.2"
"r_14","2018Q4","1000cp","2","BG","65.9"
"r_14","2018Q4","1000cp","0","BG31","34.8"
"r_14","2018Q4","1000cp","1","BG31","22.3"
"r_14","2018Q4","1000cp","2","BG31","12.6"
"r_14","2018Q4","1000cp","0","BG32","22.8"
"r_14","2018Q4","1000cp","1","BG32","11"
"r_14","2018Q4","1000cp","2","BG32","11.9"
"r_14","2018Q4","1000cp","0","BG33","24.9"
"r_14","2018Q4","1000cp","1","BG33","12.6"
"r_14","2018Q4","1000cp","2","BG33","12.3"
"r_14","2018Q4","1000cp","0","BG34","19.5"
"r_14","2018Q4","1000cp","1","BG34","12.3"
"r_14","2018Q4","1000cp","2","BG34","7.2"
"r_14","2018Q4","1000cp","0","BG41","26.8"
"r_14","2018Q4","1000cp","1","BG41","14.3"
"r_14","2018Q4","1000cp","2","BG41","12.5"
"r_14","2018Q4","1000cp","0","BG42","25.2"
"r_14","2018Q4","1000cp","1","BG42","15.7"
"r_14","2018Q4","1000cp","2","BG42","9.4"
"r_15","2019Q1","1000cp","0","BG","165.3"
"r_15","2019Q1","1000cp","1","BG","95"
"r_15","2019Q1","1000cp","2","BG","70.3"
"r_15","2019Q1","1000cp","0","BG31","36.2"
"r_15","2019Q1","1000cp","1","BG31","22.5"
"r_15","2019Q1","1000cp","2","BG31","13.7"
"r_15","2019Q1","1000cp","0","BG32","21.6"
"r_15","2019Q1","1000cp","1","BG32","13.4"
"r_15","2019Q1","1000cp","2","BG32","8.2"
"r_15","2019Q1","1000cp","0","BG33","33.2"
"r_15","2019Q1","1000cp","1","BG33","17.1"
"r_15","2019Q1","1000cp","2","BG33","16.1"
"r_15","2019Q1","1000cp","0","BG34","26.4"
"r_15","2019Q1","1000cp","1","BG34","15.5"
"r_15","2019Q1","1000cp","2","BG34","10.9"
"r_15","2019Q1","1000cp","0","BG41","22.1"
"r_15","2019Q1","1000cp","1","BG41","11.4"
"r_15","2019Q1","1000cp","2","BG41","10.7"
"r_15","2019Q1","1000cp","0","BG42","25.9"
"r_15","2019Q1","1000cp","1","BG42","15.1"
"r_15","2019Q1","1000cp","2","BG42","10.7"
"r_16","2019Q2","1000cp","0","BG","142"
"r_16","2019Q2","1000cp","1","BG","82.7"
"r_16","2019Q2","1000cp","2","BG","59.3"
"r_16","2019Q2","1000cp","0","BG31","35.1"
"r_16","2019Q2","1000cp","1","BG31","21.1"
"r_16","2019Q2","1000cp","2","BG31","13.9"
"r_16","2019Q2","1000cp","0","BG32","22.5"
"r_16","2019Q2","1000cp","1","BG32","14.1"
"r_16","2019Q2","1000cp","2","BG32","8.5"
"r_16","2019Q2","1000cp","0","BG33","24.8"
"r_16","2019Q2","1000cp","1","BG33","13.3"
"r_16","2019Q2","1000cp","2","BG33","11.6"
"r_16","2019Q2","1000cp","0","BG34","18.2"
"r_16","2019Q2","1000cp","1","BG34","11.5"
"r_16","2019Q2","1000cp","2","BG34","6.8"
"r_16","2019Q2","1000cp","0","BG41","22.7"
"r_16","2019Q2","1000cp","1","BG41","13.5"
"r_16","2019Q2","1000cp","2","BG41","9.2"
"r_16","2019Q2","1000cp","0","BG42","18.6"
"r_16","2019Q2","1000cp","1","BG42","9.3"
"r_16","2019Q2","1000cp","2","BG42","9.3"
"r_17","2019Q3","1000cp","0","BG","125.4"
"r_17","2019Q3","1000cp","1","BG","70.9"
"r_17","2019Q3","1000cp","2","BG","54.5"
"r_17","2019Q3","1000cp","0","BG31","28.4"
"r_17","2019Q3","1000cp","1","BG31","17.3"
"r_17","2019Q3","1000cp","2","BG31","11.1"
"r_17","2019Q3","1000cp","0","BG32","17.6"
"r_17","2019Q3","1000cp","1","BG32","10.1"
"r_17","2019Q3","1000cp","2","BG32","7.6"
"r_17","2019Q3","1000cp","0","BG33","20.2"
"r_17","2019Q3","1000cp","1","BG33","9.7"
"r_17","2019Q3","1000cp","2","BG33","10.5"
"r_17","2019Q3","1000cp","0","BG34","12.8"
"r_17","2019Q3","1000cp","1","BG34","7.1"
"r_17","2019Q3","1000cp","2","BG34","5.7"
"r_17","2019Q3","1000cp","0","BG41","28"
"r_17","2019Q3","1000cp","1","BG41","16.5"
"r_17","2019Q3","1000cp","2","BG41","11.5"
"r_17","2019Q3","1000cp","0","BG42","18.2"
"r_17","2019Q3","1000cp","1","BG42","10.2"
"r_17","2019Q3","1000cp","2","BG42","8"
"r_18","2019Q4","1000cp","0","BG","138.5"
"r_18","2019Q4","1000cp","1","BG","80.6"
"r_18","2019Q4","1000cp","2","BG","57.9"
"r_18","2019Q4","1000cp","0","BG31","33.4"
"r_18","2019Q4","1000cp","1","BG31","20.4"
"r_18","2019Q4","1000cp","2","BG31","13"
"r_18","2019Q4","1000cp","0","BG32","14.5"
"r_18","2019Q4","1000cp","1","BG32","6.8"
"r_18","2019Q4","1000cp","2","BG32","7.6"
"r_18","2019Q4","1000cp","0","BG33","27.2"
"r_18","2019Q4","1000cp","1","BG33","12.8"
"r_18","2019Q4","1000cp","2","BG33","14.3"
"r_18","2019Q4","1000cp","0","BG34","18.8"
"r_18","2019Q4","1000cp","1","BG34","12.7"
"r_18","2019Q4","1000cp","2","BG34","(6.1)"
"r_18","2019Q4","1000cp","0","BG41","26.6"
"r_18","2019Q4","1000cp","1","BG41","16.1"
"r_18","2019Q4","1000cp","2","BG41","10.6"
"r_18","2019Q4","1000cp","0","BG42","18.1"
"r_18","2019Q4","1000cp","1","BG42","11.8"
"r_18","2019Q4","1000cp","2","BG42","6.3"
"r_19","2020Q1","1000cp","0","BG","148.9"
"r_19","2020Q1","1000cp","1","BG","86"
"r_19","2020Q1","1000cp","2","BG","62.9"
"r_19","2020Q1","1000cp","0","BG31","38.6"
"r_19","2020Q1","1000cp","1","BG31","22.3"
"r_19","2020Q1","1000cp","2","BG31","16.3"
"r_19","2020Q1","1000cp","0","BG32","20.3"
"r_19","2020Q1","1000cp","1","BG32","9.8"
"r_19","2020Q1","1000cp","2","BG32","10.5"
"r_19","2020Q1","1000cp","0","BG33","28.8"
"r_19","2020Q1","1000cp","1","BG33","17.8"
"r_19","2020Q1","1000cp","2","BG33","11"
"r_19","2020Q1","1000cp","0","BG34","15.4"
"r_19","2020Q1","1000cp","1","BG34","9.2"
"r_19","2020Q1","1000cp","2","BG34","(6.1)"
"r_19","2020Q1","1000cp","0","BG41","27.9"
"r_19","2020Q1","1000cp","1","BG41","17.4"
"r_19","2020Q1","1000cp","2","BG41","10.5"
"r_19","2020Q1","1000cp","0","BG42","17.8"
"r_19","2020Q1","1000cp","1","BG42","9.4"
"r_19","2020Q1","1000cp","2","BG42","8.4"
"r_20","2020Q2","1000cp","0","BG","192.2"
"r_20","2020Q2","1000cp","1","BG","108.1"
"r_20","2020Q2","1000cp","2","BG","84.1"
"r_20","2020Q2","1000cp","0","BG31","41"
"r_20","2020Q2","1000cp","1","BG31","26.3"
"r_20","2020Q2","1000cp","2","BG31","14.7"
"r_20","2020Q2","1000cp","0","BG32","21.2"
"r_20","2020Q2","1000cp","1","BG32","11.8"
"r_20","2020Q2","1000cp","2","BG32","9.4"
"r_20","2020Q2","1000cp","0","BG33","27.6"
"r_20","2020Q2","1000cp","1","BG33","14.2"
"r_20","2020Q2","1000cp","2","BG33","13.4"
"r_20","2020Q2","1000cp","0","BG34","36"
"r_20","2020Q2","1000cp","1","BG34","21.2"
"r_20","2020Q2","1000cp","2","BG34","14.9"
"r_20","2020Q2","1000cp","0","BG41","41.8"
"r_20","2020Q2","1000cp","1","BG41","21.9"
"r_20","2020Q2","1000cp","2","BG41","20"
"r_20","2020Q2","1000cp","0","BG42","24.5"
"r_20","2020Q2","1000cp","1","BG42","12.7"
"r_20","2020Q2","1000cp","2","BG42","11.8"
"r_21","2020Q3","1000cp","0","BG","160.4"
"r_21","2020Q3","1000cp","1","BG","95.4"
"r_21","2020Q3","1000cp","2","BG","65"
"r_21","2020Q3","1000cp","0","BG31","38"
"r_21","2020Q3","1000cp","1","BG31","24.2"
"r_21","2020Q3","1000cp","2","BG31","13.9"
"r_21","2020Q3","1000cp","0","BG32","20.4"
"r_21","2020Q3","1000cp","1","BG32","14"
"r_21","2020Q3","1000cp","2","BG32","6.4"
"r_21","2020Q3","1000cp","0","BG33","21.4"
"r_21","2020Q3","1000cp","1","BG33","10.6"
"r_21","2020Q3","1000cp","2","BG33","10.8"
"r_21","2020Q3","1000cp","0","BG34","15.7"
"r_21","2020Q3","1000cp","1","BG34","9"
"r_21","2020Q3","1000cp","2","BG34","6.7"
"r_21","2020Q3","1000cp","0","BG41","41.5"
"r_21","2020Q3","1000cp","1","BG41","24.7"
"r_21","2020Q3","1000cp","2","BG41","16.8"
"r_21","2020Q3","1000cp","0","BG42","23.3"
"r_21","2020Q3","1000cp","1","BG42","13"
"r_21","2020Q3","1000cp","2","BG42","10.3"
"r_22","2020Q4","1000cp","0","BG","173.1"
"r_22","2020Q4","1000cp","1","BG","95.7"
"r_22","2020Q4","1000cp","2","BG","77.4"
"r_22","2020Q4","1000cp","0","BG31","38.9"
"r_22","2020Q4","1000cp","1","BG31","23.3"
"r_22","2020Q4","1000cp","2","BG31","15.6"
"r_22","2020Q4","1000cp","0","BG32","21.5"
"r_22","2020Q4","1000cp","1","BG32","12.9"
"r_22","2020Q4","1000cp","2","BG32","8.6"
"r_22","2020Q4","1000cp","0","BG33","29.1"
"r_22","2020Q4","1000cp","1","BG33","15.6"
"r_22","2020Q4","1000cp","2","BG33","13.5"
"r_22","2020Q4","1000cp","0","BG34","18"
"r_22","2020Q4","1000cp","1","BG34","10.3"
"r_22","2020Q4","1000cp","2","BG34","7.7"
"r_22","2020Q4","1000cp","0","BG41","42.8"
"r_22","2020Q4","1000cp","1","BG41","21.8"
"r_22","2020Q4","1000cp","2","BG41","21"
"r_22","2020Q4","1000cp","0","BG42","22.7"
"r_22","2020Q4","1000cp","1","BG42","11.7"
"r_22","2020Q4","1000cp","2","BG42","11"
"r_31","2023Q1","1000cp","0","BG","134.9"
"r_31","2023Q1","1000cp","1","BG","72.8"
"r_31","2023Q1","1000cp","2","BG","62.1"
"r_31","2023Q1","1000cp","0","BG31","22.6"
"r_31","2023Q1","1000cp","1","BG31","12.3"
"r_31","2023Q1","1000cp","2","BG31","10.3"
"r_31","2023Q1","1000cp","0","BG32","18"
"r_31","2023Q1","1000cp","1","BG32","10.6"
"r_31","2023Q1","1000cp","2","BG32","7.4"
"r_31","2023Q1","1000cp","0","BG33","17.5"
"r_31","2023Q1","1000cp","1","BG33","6.3"
"r_31","2023Q1","1000cp","2","BG33","11.2"
"r_31","2023Q1","1000cp","0","BG34","20.8"
"r_31","2023Q1","1000cp","1","BG34","10.1"
"r_31","2023Q1","1000cp","2","BG34","10.7"
"r_31","2023Q1","1000cp","0","BG41","39.8"
"r_31","2023Q1","1000cp","1","BG41","23.2"
"r_31","2023Q1","1000cp","2","BG41","16.6"
"r_31","2023Q1","1000cp","0","BG42","16.3"
"r_31","2023Q1","1000cp","1","BG42","10.3"
"r_31","2023Q1","1000cp","2","BG42","6"
"r_32","2023Q2","1000cp","0","BG","141"
"r_32","2023Q2","1000cp","1","BG","75.1"
"r_32","2023Q2","1000cp","2","BG","65.9"
"r_32","2023Q2","1000cp","0","BG31","22.9"
"r_32","2023Q2","1000cp","1","BG31","13.6"
"r_32","2023Q2","1000cp","2","BG31","9.3"
"r_32","2023Q2","1000cp","0","BG32","20.3"
"r_32","2023Q2","1000cp","1","BG32","10.2"
"r_32","2023Q2","1000cp","2","BG32","10.1"
"r_32","2023Q2","1000cp","0","BG33","17.6"
"r_32","2023Q2","1000cp","1","BG33","8.6"
"r_32","2023Q2","1000cp","2","BG33","9"
"r_32","2023Q2","1000cp","0","BG34","22"
"r_32","2023Q2","1000cp","1","BG34","10.4"
"r_32","2023Q2","1000cp","2","BG34","11.6"
"r_32","2023Q2","1000cp","0","BG41","37.8"
"r_32","2023Q2","1000cp","1","BG41","20.8"
"r_32","2023Q2","1000cp","2","BG41","17"
"r_32","2023Q2","1000cp","0","BG42","20.4"
"r_32","2023Q2","1000cp","1","BG42","11.5"
"r_32","2023Q2","1000cp","2","BG42","8.9"
"r_33","2023Q3","1000cp","0","BG","125"
"r_33","2023Q3","1000cp","1","BG","69.9"
"r_33","2023Q3","1000cp","2","BG","55.1"
"r_33","2023Q3","1000cp","0","BG31","19.2"
"r_33","2023Q3","1000cp","1","BG31","10.2"
"r_33","2023Q3","1000cp","2","BG31","8.9"
"r_33","2023Q3","1000cp","0","BG32","20.3"
"r_33","2023Q3","1000cp","1","BG32","10.2"
"r_33","2023Q3","1000cp","2","BG32","10.1"
"r_33","2023Q3","1000cp","0","BG33","17.1"
"r_33","2023Q3","1000cp","1","BG33","9.9"
"r_33","2023Q3","1000cp","2","BG33","7.2"
"r_33","2023Q3","1000cp","0","BG34","16.3"
"r_33","2023Q3","1000cp","1","BG34","9.2"
"r_33","2023Q3","1000cp","2","BG34","7.1"
"r_33","2023Q3","1000cp","0","BG41","29.8"
"r_33","2023Q3","1000cp","1","BG41","19"
"r_33","2023Q3","1000cp","2","BG41","10.8"
"r_33","2023Q3","1000cp","0","BG42","22.3"
"r_33","2023Q3","1000cp","1","BG42","11.3"
"r_33","2023Q3","1000cp","2","BG42","11"
"r_34","2022Q1","1000cp","0","BG","143.6"
"r_34","2022Q1","1000cp","1","BG","76.5"
"r_34","2022Q1","1000cp","2","BG","67.1"
"r_34","2022Q1","1000cp","0","BG31","19"
"r_34","2022Q1","1000cp","1","BG31","10.6"
"r_34","2022Q1","1000cp","2","BG31","8.4"
"r_34","2022Q1","1000cp","0","BG32","24.9"
"r_34","2022Q1","1000cp","1","BG32","14.7"
"r_34","2022Q1","1000cp","2","BG32","10.2"
"r_34","2022Q1","1000cp","0","BG33","24.2"
"r_34","2022Q1","1000cp","1","BG33","14.8"
"r_34","2022Q1","1000cp","2","BG33","9.3"
"r_34","2022Q1","1000cp","0","BG34","22.5"
"r_34","2022Q1","1000cp","1","BG34","10.4"
"r_34","2022Q1","1000cp","2","BG34","12.1"
"r_34","2022Q1","1000cp","0","BG41","33"
"r_34","2022Q1","1000cp","1","BG41","17"
"r_34","2022Q1","1000cp","2","BG41","16"
"r_34","2022Q1","1000cp","0","BG42","20"
"r_34","2022Q1","1000cp","1","BG42","8.9"
"r_34","2022Q1","1000cp","2","BG42","11.1"
"r_35","2022Q2","1000cp","0","BG","138.8"
"r_35","2022Q2","1000cp","1","BG","79.3"
"r_35","2022Q2","1000cp","2","BG","59.5"
"r_35","2022Q2","1000cp","0","BG31","22.8"
"r_35","2022Q2","1000cp","1","BG31","12.9"
"r_35","2022Q2","1000cp","2","BG31","10"
"r_35","2022Q2","1000cp","0","BG32","17.6"
"r_35","2022Q2","1000cp","1","BG32","9.7"
"r_35","2022Q2","1000cp","2","BG32","7.9"
"r_35","2022Q2","1000cp","0","BG33","21"
"r_35","2022Q2","1000cp","1","BG33","13.5"
"r_35","2022Q2","1000cp","2","BG33","7.5"
"r_35","2022Q2","1000cp","0","BG34","24.3"
"r_35","2022Q2","1000cp","1","BG34","14.5"
"r_35","2022Q2","1000cp","2","BG34","9.8"
"r_35","2022Q2","1000cp","0","BG41","34.9"
"r_35","2022Q2","1000cp","1","BG41","20.9"
"r_35","2022Q2","1000cp","2","BG41","14.1"
"r_35","2022Q2","1000cp","0","BG42","18.1"
"r_35","2022Q2","1000cp","1","BG42","7.8"
"r_35","2022Q2","1000cp","2","BG42","10.3"
"r_36","2022Q3","1000cp","0","BG","111"
"r_36","2022Q3","1000cp","1","BG","63.9"
"r_36","2022Q3","1000cp","2","BG","47.1"
"r_36","2022Q3","1000cp","0","BG31","16.8"
"r_36","2022Q3","1000cp","1","BG31","8.5"
"r_36","2022Q3","1000cp","2","BG31","8.4"
"r_36","2022Q3","1000cp","0","BG32","15.5"
"r_36","2022Q3","1000cp","1","BG32","9.9"
"r_36","2022Q3","1000cp","2","BG32","5.6"
"r_36","2022Q3","1000cp","0","BG33","20.3"
"r_36","2022Q3","1000cp","1","BG33","12.5"
"r_36","2022Q3","1000cp","2","BG33","7.7"
"r_36","2022Q3","1000cp","0","BG34","12.6"
"r_36","2022Q3","1000cp","1","BG34","6.9"
"r_36","2022Q3","1000cp","2","BG34","5.7"
"r_36","2022Q3","1000cp","0","BG41","30.9"
"r_36","2022Q3","1000cp","1","BG41","19.1"
"r_36","2022Q3","1000cp","2","BG41","11.8"
"r_36","2022Q3","1000cp","0","BG42","14.8"
"r_36","2022Q3","1000cp","1","BG42","7"
"r_36","2022Q3","1000cp","2","BG42","7.8"
"r_37","2022Q4","1000cp","0","BG","115.6"
"r_37","2022Q4","1000cp","1","BG","63.7"
"r_37","2022Q4","1000cp","2","BG","51.9"
"r_37","2022Q4","1000cp","0","BG31","16.5"
"r_37","2022Q4","1000cp","1","BG31","8.4"
"r_37","2022Q4","1000cp","2","BG31","8.1"
"r_37","2022Q4","1000cp","0","BG32","14.9"
"r_37","2022Q4","1000cp","1","BG32","9.5"
"r_37","2022Q4","1000cp","2","BG32","5.3"
"r_37","2022Q4","1000cp","0","BG33","20.2"
"r_37","2022Q4","1000cp","1","BG33","11.1"
"r_37","2022Q4","1000cp","2","BG33","9.1"
"r_37","2022Q4","1000cp","0","BG34","16.2"
"r_37","2022Q4","1000cp","1","BG34","8.3"
"r_37","2022Q4","1000cp","2","BG34","7.9"
"r_37","2022Q4","1000cp","0","BG41","31.6"
"r_37","2022Q4","1000cp","1","BG41","16.8"
"r_37","2022Q4","1000cp","2","BG41","14.8"
"r_37","2022Q4","1000cp","0","BG42","16.3"
"r_37","2022Q4","1000cp","1","BG42","9.6"
"r_37","2022Q4","1000cp","2","BG42","6.6"
"r_38","2023Q4","1000cp","0","BG","128.6"
"r_38","2023Q4","1000cp","1","BG","68.9"
"r_38","2023Q4","1000cp","2","BG","59.7"
"r_38","2023Q4","1000cp","0","BG31","21.4"
"r_38","2023Q4","1000cp","1","BG31","10.6"
"r_38","2023Q4","1000cp","2","BG31","10.8"
"r_38","2023Q4","1000cp","0","BG32","15.7"
"r_38","2023Q4","1000cp","1","BG32","10.2"
"r_38","2023Q4","1000cp","2","BG32","(5.6)"
"r_38","2023Q4","1000cp","0","BG33","19.5"
"r_38","2023Q4","1000cp","1","BG33","9.4"
"r_38","2023Q4","1000cp","2","BG33","10.1"
"r_38","2023Q4","1000cp","0","BG34","21.3"
"r_38","2023Q4","1000cp","1","BG34","11.9"
"r_38","2023Q4","1000cp","2","BG34","9.4"
"r_38","2023Q4","1000cp","0","BG41","35.8"
"r_38","2023Q4","1000cp","1","BG41","18.6"
"r_38","2023Q4","1000cp","2","BG41","17.2"
"r_38","2023Q4","1000cp","0","BG42","14.8"
"r_38","2023Q4","1000cp","1","BG42","8.2"
"r_38","2023Q4","1000cp","2","BG42","6.6"
"r_39","2024Q1","1000cp","0","BG","152.5"
"r_39","2024Q1","1000cp","1","BG","81.2"
"r_39","2024Q1","1000cp","2","BG","71.3"
"r_39","2024Q1","1000cp","0","BG31","33.3"
"r_39","2024Q1","1000cp","1","BG31","19.9"
"r_39","2024Q1","1000cp","2","BG31","13.4"
"r_39","2024Q1","1000cp","0","BG32","15"
"r_39","2024Q1","1000cp","1","BG32","9.9"
"r_39","2024Q1","1000cp","2","BG32","(5.1)"
"r_39","2024Q1","1000cp","0","BG33","21.1"
"r_39","2024Q1","1000cp","1","BG33","9.3"
"r_39","2024Q1","1000cp","2","BG33","11.8"
"r_39","2024Q1","1000cp","0","BG34","29"
"r_39","2024Q1","1000cp","1","BG34","14.6"
"r_39","2024Q1","1000cp","2","BG34","14.4"
"r_39","2024Q1","1000cp","0","BG41","36.8"
"r_39","2024Q1","1000cp","1","BG41","18.8"
"r_39","2024Q1","1000cp","2","BG41","18"
"r_39","2024Q1","1000cp","0","BG42","17.3"
"r_39","2024Q1","1000cp","1","BG42","8.7"
"r_39","2024Q1","1000cp","2","BG42","8.6"
"r_40","2021Q1","1000cp","0","BG","188.4"
"r_40","2021Q1","1000cp","1","BG","105"
"r_40","2021Q1","1000cp","2","BG","83.4"
"r_40","2021Q1","1000cp","0","BG31","41.1"
"r_40","2021Q1","1000cp","1","BG31","23.2"
"r_40","2021Q1","1000cp","2","BG31","17.9"
"r_40","2021Q1","1000cp","0","BG32","26.8"
"r_40","2021Q1","1000cp","1","BG32","15.6"
"r_40","2021Q1","1000cp","2","BG32","11.2"
"r_40","2021Q1","1000cp","0","BG33","25.7"
"r_40","2021Q1","1000cp","1","BG33","14.3"
"r_40","2021Q1","1000cp","2","BG33","11.4"
"r_40","2021Q1","1000cp","0","BG34","27.3"
"r_40","2021Q1","1000cp","1","BG34","12.9"
"r_40","2021Q1","1000cp","2","BG34","14.3"
"r_40","2021Q1","1000cp","0","BG41","42.4"
"r_40","2021Q1","1000cp","1","BG41","26.1"
"r_40","2021Q1","1000cp","2","BG41","16.3"
"r_40","2021Q1","1000cp","0","BG42","25"
"r_40","2021Q1","1000cp","1","BG42","12.8"
"r_40","2021Q1","1000cp","2","BG42","12.3"
"r_41","2021Q2","1000cp","0","BG","168.4"
"r_41","2021Q2","1000cp","1","BG","90.1"
"r_41","2021Q2","1000cp","2","BG","78.3"
"r_41","2021Q2","1000cp","0","BG31","37"
"r_41","2021Q2","1000cp","1","BG31","22.3"
"r_41","2021Q2","1000cp","2","BG31","14.7"
"r_41","2021Q2","1000cp","0","BG32","18.2"
"r_41","2021Q2","1000cp","1","BG32","11.3"
"r_41","2021Q2","1000cp","2","BG32","6.9"
"r_41","2021Q2","1000cp","0","BG33","20.1"
"r_41","2021Q2","1000cp","1","BG33","12.2"
"r_41","2021Q2","1000cp","2","BG33","7.8"
"r_41","2021Q2","1000cp","0","BG34","30"
"r_41","2021Q2","1000cp","1","BG34","13.3"
"r_41","2021Q2","1000cp","2","BG34","16.8"
"r_41","2021Q2","1000cp","0","BG41","37.2"
"r_41","2021Q2","1000cp","1","BG41","19"
"r_41","2021Q2","1000cp","2","BG41","18.1"
"r_41","2021Q2","1000cp","0","BG42","26"
"r_41","2021Q2","1000cp","1","BG42","12"
"r_41","2021Q2","1000cp","2","BG42","14"
"r_43","2021Q4","1000cp","0","BG","132.7"
"r_43","2021Q4","1000cp","1","BG","76.5"
"r_43","2021Q4","1000cp","2","BG","56.2"
"r_43","2021Q4","1000cp","0","BG31","18.9"
"r_43","2021Q4","1000cp","1","BG31","11.5"
"r_43","2021Q4","1000cp","2","BG31","7.4"
"r_43","2021Q4","1000cp","0","BG32","23"
"r_43","2021Q4","1000cp","1","BG32","13.4"
"r_43","2021Q4","1000cp","2","BG32","9.6"
"r_43","2021Q4","1000cp","0","BG33","24.8"
"r_43","2021Q4","1000cp","1","BG33","13.9"
"r_43","2021Q4","1000cp","2","BG33","11"
"r_43","2021Q4","1000cp","0","BG34","16.6"
"r_43","2021Q4","1000cp","1","BG34","10.9"
"r_43","2021Q4","1000cp","2","BG34","5.8"
"r_43","2021Q4","1000cp","0","BG41","30.9"
"r_43","2021Q4","1000cp","1","BG41","16.9"
"r_43","2021Q4","1000cp","2","BG41","14"
"r_43","2021Q4","1000cp","0","BG42","18.5"
"r_43","2021Q4","1000cp","1","BG42","10"
"r_43","2021Q4","1000cp","2","BG42","8.5"
"r_42","2021Q3","1000cp","0","BG","137.5"
"r_42","2021Q3","1000cp","1","BG","77.8"
"r_42","2021Q3","1000cp","2","BG","59.8"
"r_42","2021Q3","1000cp","0","BG31","27.3"
"r_42","2021Q3","1000cp","1","BG31","16.5"
"r_42","2021Q3","1000cp","2","BG31","10.8"
"r_42","2021Q3","1000cp","0","BG32","15.7"
"r_42","2021Q3","1000cp","1","BG32","10.5"
"r_42","2021Q3","1000cp","2","BG32","(5.2)"
"r_42","2021Q3","1000cp","0","BG33","22.1"
"r_42","2021Q3","1000cp","1","BG33","13.7"
"r_42","2021Q3","1000cp","2","BG33","8.4"
"r_42","2021Q3","1000cp","0","BG34","18.9"
"r_42","2021Q3","1000cp","1","BG34","9.5"
"r_42","2021Q3","1000cp","2","BG34","9.4"
"r_42","2021Q3","1000cp","0","BG41","30.2"
"r_42","2021Q3","1000cp","1","BG41","16.2"
"r_42","2021Q3","1000cp","2","BG41","13.9"
"r_42","2021Q3","1000cp","0","BG42","23.3"
"r_42","2021Q3","1000cp","1","BG42","11.3"
"r_42","2021Q3","1000cp","2","BG42","12"
"r_44","2024Q2","1000cp","0","BG","130.3"
"r_44","2024Q2","1000cp","1","BG","71.8"
"r_44","2024Q2","1000cp","2","BG","58.5"
"r_44","2024Q2","1000cp","0","BG31","32.6"
"r_44","2024Q2","1000cp","1","BG31","19.4"
"r_44","2024Q2","1000cp","2","BG31","13.2"
"r_44","2024Q2","1000cp","0","BG32","16.8"
"r_44","2024Q2","1000cp","1","BG32","9.4"
"r_44","2024Q2","1000cp","2","BG32","7.4"
"r_44","2024Q2","1000cp","0","BG33","13.2"
"r_44","2024Q2","1000cp","1","BG33","6.8"
"r_44","2024Q2","1000cp","2","BG33","6.4"
"r_44","2024Q2","1000cp","0","BG34","22.3"
"r_44","2024Q2","1000cp","1","BG34","11.5"
"r_44","2024Q2","1000cp","2","BG34","10.8"
"r_44","2024Q2","1000cp","0","BG41","30.3"
"r_44","2024Q2","1000cp","1","BG41","15.1"
"r_44","2024Q2","1000cp","2","BG41","15.2"
"r_44","2024Q2","1000cp","0","BG42","15.1"
"r_44","2024Q2","1000cp","1","BG42","9.6"
"r_44","2024Q2","1000cp","2","BG42","(5.5)"
"r_45","2024Q3","1000cp","0","BG","110.3"
"r_45","2024Q3","1000cp","1","BG","62"
"r_45","2024Q3","1000cp","2","BG","48.4"
"r_45","2024Q3","1000cp","0","BG31","22.6"
"r_45","2024Q3","1000cp","1","BG31","12.3"
"r_45","2024Q3","1000cp","2","BG31","10.3"
"r_45","2024Q3","1000cp","0","BG32","18.3"
"r_45","2024Q3","1000cp","1","BG32","11.4"
"r_45","2024Q3","1000cp","2","BG32","7"
"r_45","2024Q3","1000cp","0","BG33","13.4"
"r_45","2024Q3","1000cp","1","BG33","7.7"
"r_45","2024Q3","1000cp","2","BG33","(5.7)"
"r_45","2024Q3","1000cp","0","BG34","15.3"
"r_45","2024Q3","1000cp","1","BG34","8.8"
"r_45","2024Q3","1000cp","2","BG34","6.5"
"r_45","2024Q3","1000cp","0","BG41","23"
"r_45","2024Q3","1000cp","1","BG41","12.9"
"r_45","2024Q3","1000cp","2","BG41","10.1"
"r_45","2024Q3","1000cp","0","BG42","17.7"
"r_45","2024Q3","1000cp","1","BG42","8.9"
"r_45","2024Q3","1000cp","2","BG42","8.8"
"r_46","2024Q4","1000cp","0","BG","116.7"
"r_46","2024Q4","1000cp","1","BG","70.6"
"r_46","2024Q4","1000cp","2","BG","46"
"r_46","2024Q4","1000cp","0","BG31","22.8"
"r_46","2024Q4","1000cp","1","BG31","14.4"
"r_46","2024Q4","1000cp","2","BG31","8.4"
"r_46","2024Q4","1000cp","0","BG32","14.1"
"r_46","2024Q4","1000cp","1","BG32","9.3"
"r_46","2024Q4","1000cp","2","BG32","4.9"
"r_46","2024Q4","1000cp","0","BG33","18.5"
"r_46","2024Q4","1000cp","1","BG33","9.8"
"r_46","2024Q4","1000cp","2","BG33","8.6"
"r_46","2024Q4","1000cp","0","BG34","19.3"
"r_46","2024Q4","1000cp","1","BG34","12.9"
"r_46","2024Q4","1000cp","2","BG34","6.4"
"r_46","2024Q4","1000cp","0","BG41","23.2"
"r_46","2024Q4","1000cp","1","BG41","13.4"
"r_46","2024Q4","1000cp","2","BG41","9.8"
"r_46","2024Q4","1000cp","0","BG42","18.8"
"r_46","2024Q4","1000cp","1","BG42","10.9"
"r_46","2024Q4","1000cp","2","BG42","7.9"
"r_47","2025Q1","1000cp","0","BG","116.7"
"r_47","2025Q1","1000cp","1","BG","63"
"r_47","2025Q1","1000cp","2","BG","53.7"
"r_47","2025Q1","1000cp","0","BG31","22.2"
"r_47","2025Q1","1000cp","1","BG31","13.8"
"r_47","2025Q1","1000cp","2","BG31","8.4"
"r_47","2025Q1","1000cp","0","BG32","9.9"
"r_47","2025Q1","1000cp","1","BG32","6.3"
"r_47","2025Q1","1000cp","2","BG32","(3.7)"
"r_47","2025Q1","1000cp","0","BG33","19.6"
"r_47","2025Q1","1000cp","1","BG33","8.6"
"r_47","2025Q1","1000cp","2","BG33","11.1"
"r_47","2025Q1","1000cp","0","BG34","23.3"
"r_47","2025Q1","1000cp","1","BG34","11"
"r_47","2025Q1","1000cp","2","BG34","12.3"
"r_47","2025Q1","1000cp","0","BG41","23.4"
"r_47","2025Q1","1000cp","1","BG41","11.6"
"r_47","2025Q1","1000cp","2","BG41","11.8"
"r_47","2025Q1","1000cp","0","BG42","18.2"
"r_47","2025Q1","1000cp","1","BG42","11.7"
"r_47","2025Q1","1000cp","2","BG42","6.5"
"r_48","2025Q2","1000cp","0","BG","110.5"
"r_48","2025Q2","1000cp","1","BG","60.8"
"r_48","2025Q2","1000cp","2","BG","49.7"
"r_48","2025Q2","1000cp","0","BG31","21.6"
"r_48","2025Q2","1000cp","1","BG31","11.3"
"r_48","2025Q2","1000cp","2","BG31","10.3"
"r_48","2025Q2","1000cp","0","BG32","10.8"
"r_48","2025Q2","1000cp","1","BG32","7"
"r_48","2025Q2","1000cp","2","BG32","(3.8)"
"r_48","2025Q2","1000cp","0","BG33","16.2"
"r_48","2025Q2","1000cp","1","BG33","7.7"
"r_48","2025Q2","1000cp","2","BG33","8.5"
"r_48","2025Q2","1000cp","0","BG34","22.4"
"r_48","2025Q2","1000cp","1","BG34","10.3"
"r_48","2025Q2","1000cp","2","BG34","12.1"
"r_48","2025Q2","1000cp","0","BG41","22.2"
"r_48","2025Q2","1000cp","1","BG41","13.4"
"r_48","2025Q2","1000cp","2","BG41","8.8"
"r_48","2025Q2","1000cp","0","BG42","17.2"
"r_48","2025Q2","1000cp","1","BG42","10.9"
"r_48","2025Q2","1000cp","2","BG42","6.2"
"r_49","2025Q3","1000cp","0","BG","104.5"
"r_49","2025Q3","1000cp","1","BG","59.5"
"r_49","2025Q3","1000cp","2","BG","45"
"r_49","2025Q3","1000cp","0","BG31","19.1"
"r_49","2025Q3","1000cp","1","BG31","10.3"
"r_49","2025Q3","1000cp","2","BG31","8.8"
"r_49","2025Q3","1000cp","0","BG32","12.5"
"r_49","2025Q3","1000cp","1","BG32","5.6"
"r_49","2025Q3","1000cp","2","BG32","6.8"
"r_49","2025Q3","1000cp","0","BG33","14.9"
"r_49","2025Q3","1000cp","1","BG33","8.2"
"r_49","2025Q3","1000cp","2","BG33","6.7"
"r_49","2025Q3","1000cp","0","BG34","17.7"
"r_49","2025Q3","1000cp","1","BG34","9.3"
"r_49","2025Q3","1000cp","2","BG34","8.3"
"r_49","2025Q3","1000cp","0","BG41","19.2"
"r_49","2025Q3","1000cp","1","BG41","12.2"
"r_49","2025Q3","1000cp","2","BG41","7"
"r_49","2025Q3","1000cp","0","BG42","21.2"
"r_49","2025Q3","1000cp","1","BG42","13.9"
"r_49","2025Q3","1000cp","2","BG42","7.3"